file,split,piece,artist,source,start_frame,end_frame,start_seconds,end_seconds
467b680587c9daf7_001.flac,train,列子御风,乐瑛,CD第3册\40\乐瑛-列子御风.wav,0,2641920,0.0,59.907
467b680587c9daf7_002.flac,train,列子御风,乐瑛,CD第3册\40\乐瑛-列子御风.wav,2603952,5245872,59.047,118.954
467b680587c9daf7_003.flac,train,列子御风,乐瑛,CD第3册\40\乐瑛-列子御风.wav,5207904,7849824,118.093,178.001
467b680587c9daf7_004.flac,train,列子御风,乐瑛,CD第3册\40\乐瑛-列子御风.wav,7811856,10453776,177.14,237.047
467b680587c9daf7_005.flac,train,列子御风,乐瑛,CD第3册\40\乐瑛-列子御风.wav,10415808,13057728,236.186,296.094
467b680587c9daf7_006.flac,train,列子御风,乐瑛,CD第3册\40\乐瑛-列子御风.wav,13019760,15661680,295.233,355.14
467b680587c9daf7_007.flac,train,列子御风,乐瑛,CD第3册\40\乐瑛-列子御风.wav,15623712,18265632,354.279,414.187
3ef845f8064257d3_001.flac,train,平沙落雁1,乐瑛,CD第3册\40\乐瑛-平沙落雁1.wav,0,2641920,0.0,59.907
3ef845f8064257d3_002.flac,train,平沙落雁1,乐瑛,CD第3册\40\乐瑛-平沙落雁1.wav,2348347,4990267,53.25,113.158
3ef845f8064257d3_003.flac,train,平沙落雁1,乐瑛,CD第3册\40\乐瑛-平沙落雁1.wav,4696694,7338614,106.501,166.408
3ef845f8064257d3_004.flac,train,平沙落雁1,乐瑛,CD第3册\40\乐瑛-平沙落雁1.wav,7045042,9686962,159.752,219.659
3ef845f8064257d3_005.flac,train,平沙落雁1,乐瑛,CD第3册\40\乐瑛-平沙落雁1.wav,9393389,12035309,213.002,272.91
3ef845f8064257d3_006.flac,train,平沙落雁1,乐瑛,CD第3册\40\乐瑛-平沙落雁1.wav,11741736,14383656,266.253,326.16
61e38f12564ebbb0_001.flac,test,沧海龙吟1,乐瑛,CD第3册\40\乐瑛-沧海龙吟1.wav,0,2641920,0.0,59.907
61e38f12564ebbb0_002.flac,test,沧海龙吟1,乐瑛,CD第3册\40\乐瑛-沧海龙吟1.wav,2497346,5139266,56.629,116.537
61e38f12564ebbb0_003.flac,test,沧海龙吟1,乐瑛,CD第3册\40\乐瑛-沧海龙吟1.wav,4994693,7636613,113.258,173.166
61e38f12564ebbb0_004.flac,test,沧海龙吟1,乐瑛,CD第3册\40\乐瑛-沧海龙吟1.wav,7492039,10133959,169.888,229.795
61e38f12564ebbb0_005.flac,test,沧海龙吟1,乐瑛,CD第3册\40\乐瑛-沧海龙吟1.wav,9989386,12631306,226.517,286.424
61e38f12564ebbb0_006.flac,test,沧海龙吟1,乐瑛,CD第3册\40\乐瑛-沧海龙吟1.wav,12486732,15128652,283.146,343.053
d282f199527e1e53_001.flac,test,沧海龙吟2,乐瑛,CD第3册\40\乐瑛-沧海龙吟2.wav,0,2641920,0.0,59.907
d282f199527e1e53_002.flac,test,沧海龙吟2,乐瑛,CD第3册\40\乐瑛-沧海龙吟2.wav,2368222,5010142,53.701,113.609
d282f199527e1e53_003.flac,test,沧海龙吟2,乐瑛,CD第3册\40\乐瑛-沧海龙吟2.wav,4736443,7378363,107.402,167.31
d282f199527e1e53_004.flac,test,沧海龙吟2,乐瑛,CD第3册\40\乐瑛-沧海龙吟2.wav,7104665,9746585,161.104,221.011
d282f199527e1e53_005.flac,test,沧海龙吟2,乐瑛,CD第3册\40\乐瑛-沧海龙吟2.wav,9472886,12114806,214.805,274.712
d282f199527e1e53_006.flac,test,沧海龙吟2,乐瑛,CD第3册\40\乐瑛-沧海龙吟2.wav,11841108,14483028,268.506,328.413
8bab41039945054f_001.flac,train,秋塞吟,乐瑛,CD第3册\40\乐瑛-秋塞吟.wav,0,2641920,0.0,59.907
8bab41039945054f_002.flac,train,秋塞吟,乐瑛,CD第3册\40\乐瑛-秋塞吟.wav,2409424,5051344,54.635,114.543
8bab41039945054f_003.flac,train,秋塞吟,乐瑛,CD第3册\40\乐瑛-秋塞吟.wav,4818848,7460768,109.271,169.178
8bab41039945054f_004.flac,train,秋塞吟,乐瑛,CD第3册\40\乐瑛-秋塞吟.wav,7228272,9870192,163.906,223.814
8bab41039945054f_005.flac,train,秋塞吟,乐瑛,CD第3册\40\乐瑛-秋塞吟.wav,9637696,12279616,218.542,278.449
8bab41039945054f_006.flac,train,秋塞吟,乐瑛,CD第3册\40\乐瑛-秋塞吟.wav,12047120,14689040,273.177,333.085
8bab41039945054f_007.flac,train,秋塞吟,乐瑛,CD第3册\40\乐瑛-秋塞吟.wav,14456544,17098464,327.813,387.72
8bab41039945054f_008.flac,train,秋塞吟,乐瑛,CD第3册\40\乐瑛-秋塞吟.wav,16865968,19507888,382.448,442.356
8bab41039945054f_009.flac,train,秋塞吟,乐瑛,CD第3册\40\乐瑛-秋塞吟.wav,19275392,21917312,437.084,496.991
8bab41039945054f_010.flac,train,秋塞吟,乐瑛,CD第3册\40\乐瑛-秋塞吟.wav,21684816,24326736,491.719,551.627
a4e0914328f3c6cc_001.flac,train,高山流水,侯作吾,CD第3册\54\侯作吾-高山流水.wav,0,2641920,0.0,59.907
a4e0914328f3c6cc_002.flac,train,高山流水,侯作吾,CD第3册\54\侯作吾-高山流水.wav,2640871,5282791,59.884,119.791
a4e0914328f3c6cc_003.flac,train,高山流水,侯作吾,CD第3册\54\侯作吾-高山流水.wav,5281742,7923662,119.767,179.675
a4e0914328f3c6cc_004.flac,train,高山流水,侯作吾,CD第3册\54\侯作吾-高山流水.wav,7922613,10564533,179.651,239.559
a4e0914328f3c6cc_005.flac,train,高山流水,侯作吾,CD第3册\54\侯作吾-高山流水.wav,10563483,13205403,239.535,299.442
a4e0914328f3c6cc_006.flac,train,高山流水,侯作吾,CD第3册\54\侯作吾-高山流水.wav,13204354,15846274,299.418,359.326
a4e0914328f3c6cc_007.flac,train,高山流水,侯作吾,CD第3册\54\侯作吾-高山流水.wav,15845225,18487145,359.302,419.21
a4e0914328f3c6cc_008.flac,train,高山流水,侯作吾,CD第3册\54\侯作吾-高山流水.wav,18486096,21128016,419.186,479.093
3fb53ba8653689f4_001.flac,train,平沙落雁,关仲航,CD第2册\32\关仲航-平沙落雁.wav,0,2641920,0.0,59.907
3fb53ba8653689f4_002.flac,train,平沙落雁,关仲航,CD第2册\32\关仲航-平沙落雁.wav,2409382,5051302,54.635,114.542
3fb53ba8653689f4_003.flac,train,平沙落雁,关仲航,CD第2册\32\关仲航-平沙落雁.wav,4818763,7460683,109.269,169.176
3fb53ba8653689f4_004.flac,train,平沙落雁,关仲航,CD第2册\32\关仲航-平沙落雁.wav,7228145,9870065,163.904,223.811
3fb53ba8653689f4_005.flac,train,平沙落雁,关仲航,CD第2册\32\关仲航-平沙落雁.wav,9637526,12279446,218.538,278.445
3fb53ba8653689f4_006.flac,train,平沙落雁,关仲航,CD第2册\32\关仲航-平沙落雁.wav,12046908,14688828,273.173,333.08
8bbd13c8520f6be7_001.flac,train,水仙操,关仲航,CD第2册\32\关仲航-水仙操.wav,0,2641920,0.0,59.907
8bbd13c8520f6be7_002.flac,train,水仙操,关仲航,CD第2册\32\关仲航-水仙操.wav,2585515,5227435,58.628,118.536
8bbd13c8520f6be7_003.flac,train,水仙操,关仲航,CD第2册\32\关仲航-水仙操.wav,5171030,7812950,117.257,177.164
8bbd13c8520f6be7_004.flac,train,水仙操,关仲航,CD第2册\32\关仲航-水仙操.wav,7756545,10398465,175.885,235.793
8bbd13c8520f6be7_005.flac,train,水仙操,关仲航,CD第2册\32\关仲航-水仙操.wav,10342059,12983979,234.514,294.421
8bbd13c8520f6be7_006.flac,train,水仙操,关仲航,CD第2册\32\关仲航-水仙操.wav,12927574,15569494,293.142,353.05
8bbd13c8520f6be7_007.flac,train,水仙操,关仲航,CD第2册\32\关仲航-水仙操.wav,15513089,18155009,351.771,411.678
8bbd13c8520f6be7_008.flac,train,水仙操,关仲航,CD第2册\32\关仲航-水仙操.wav,18098604,20740524,410.399,470.307
989d4b5e19cce4b0_001.flac,test,渔樵问答,关仲航,CD第2册\32\关仲航-渔樵问答.wav,0,2641920,0.0,59.907
989d4b5e19cce4b0_002.flac,test,渔樵问答,关仲航,CD第2册\32\关仲航-渔樵问答.wav,2547379,5189299,57.764,117.671
989d4b5e19cce4b0_003.flac,test,渔樵问答,关仲航,CD第2册\32\关仲航-渔樵问答.wav,5094758,7736678,115.527,175.435
989d4b5e19cce4b0_004.flac,test,渔樵问答,关仲航,CD第2册\32\关仲航-渔樵问答.wav,7642137,10284057,173.291,233.199
989d4b5e19cce4b0_005.flac,test,渔樵问答,关仲航,CD第2册\32\关仲航-渔樵问答.wav,10189515,12831435,231.055,290.962
989d4b5e19cce4b0_006.flac,test,渔樵问答,关仲航,CD第2册\32\关仲航-渔樵问答.wav,12736894,15378814,288.818,348.726
989d4b5e19cce4b0_007.flac,test,渔樵问答,关仲航,CD第2册\32\关仲航-渔樵问答.wav,15284273,17926193,346.582,406.49
989d4b5e19cce4b0_008.flac,test,渔樵问答,关仲航,CD第2册\32\关仲航-渔樵问答.wav,17831652,20473572,404.346,464.253
547c522b1ff8af94_001.flac,train,墨子悲丝,刘少椿,CD第2册\33\刘少椿-墨子悲丝.wav,0,2641920,0.0,59.907
547c522b1ff8af94_002.flac,train,墨子悲丝,刘少椿,CD第2册\33\刘少椿-墨子悲丝.wav,2594905,5236825,58.841,118.749
547c522b1ff8af94_003.flac,train,墨子悲丝,刘少椿,CD第2册\33\刘少椿-墨子悲丝.wav,5189811,7831731,117.683,177.59
547c522b1ff8af94_004.flac,train,墨子悲丝,刘少椿,CD第2册\33\刘少椿-墨子悲丝.wav,7784716,10426636,176.524,236.432
547c522b1ff8af94_005.flac,train,墨子悲丝,刘少椿,CD第2册\33\刘少椿-墨子悲丝.wav,10379621,13021541,235.366,295.273
547c522b1ff8af94_006.flac,train,墨子悲丝,刘少椿,CD第2册\33\刘少椿-墨子悲丝.wav,12974527,15616447,294.207,354.114
547c522b1ff8af94_007.flac,train,墨子悲丝,刘少椿,CD第2册\33\刘少椿-墨子悲丝.wav,15569432,18211352,353.048,412.956
547c522b1ff8af94_008.flac,train,墨子悲丝,刘少椿,CD第2册\33\刘少椿-墨子悲丝.wav,18164337,20806257,411.89,471.797
547c522b1ff8af94_009.flac,train,墨子悲丝,刘少椿,CD第2册\33\刘少椿-墨子悲丝.wav,20759243,23401163,470.731,530.639
547c522b1ff8af94_010.flac,train,墨子悲丝,刘少椿,CD第2册\33\刘少椿-墨子悲丝.wav,23354148,25996068,529.573,589.48
7777b37335a752b1_001.flac,test,山居吟,刘少椿,CD第2册\33\刘少椿-山居吟.wav,0,2641920,0.0,59.907
7777b37335a752b1_002.flac,test,山居吟,刘少椿,CD第2册\33\刘少椿-山居吟.wav,2270060,4911980,51.475,111.383
7777b37335a752b1_003.flac,test,山居吟,刘少椿,CD第2册\33\刘少椿-山居吟.wav,4540120,7182040,102.951,162.858
7777b37335a752b1_004.flac,test,山居吟,刘少椿,CD第2册\33\刘少椿-山居吟.wav,6810180,9452100,154.426,214.333
a40428091ee86034_001.flac,train,平沙落雁,刘少椿,CD第2册\33\刘少椿-平沙落雁.wav,0,2641920,0.0,59.907
a40428091ee86034_002.flac,train,平沙落雁,刘少椿,CD第2册\33\刘少椿-平沙落雁.wav,2531922,5173842,57.413,117.321
a40428091ee86034_003.flac,train,平沙落雁,刘少椿,CD第2册\33\刘少椿-平沙落雁.wav,5063844,7705764,114.826,174.734
a40428091ee86034_004.flac,train,平沙落雁,刘少椿,CD第2册\33\刘少椿-平沙落雁.wav,7595766,10237686,172.24,232.147
a40428091ee86034_005.flac,train,平沙落雁,刘少椿,CD第2册\33\刘少椿-平沙落雁.wav,10127688,12769608,229.653,289.56
a40428091ee86034_006.flac,train,平沙落雁,刘少椿,CD第2册\33\刘少椿-平沙落雁.wav,12659610,15301530,287.066,346.973
a40428091ee86034_007.flac,train,平沙落雁,刘少椿,CD第2册\33\刘少椿-平沙落雁.wav,15191532,17833452,344.479,404.387
2dd9702f89bbff60_001.flac,train,梅花三弄1,刘少椿,CD第2册\33\刘少椿-梅花三弄1.wav,0,2641920,0.0,59.907
2dd9702f89bbff60_002.flac,train,梅花三弄1,刘少椿,CD第2册\33\刘少椿-梅花三弄1.wav,2362253,5004173,53.566,113.473
2dd9702f89bbff60_003.flac,train,梅花三弄1,刘少椿,CD第2册\33\刘少椿-梅花三弄1.wav,4724507,7366427,107.132,167.039
2dd9702f89bbff60_004.flac,train,梅花三弄1,刘少椿,CD第2册\33\刘少椿-梅花三弄1.wav,7086760,9728680,160.698,220.605
2dd9702f89bbff60_005.flac,train,梅花三弄1,刘少椿,CD第2册\33\刘少椿-梅花三弄1.wav,9449013,12090933,214.263,274.171
2dd9702f89bbff60_006.flac,train,梅花三弄1,刘少椿,CD第2册\33\刘少椿-梅花三弄1.wav,11811267,14453187,267.829,327.737
2dd9702f89bbff60_007.flac,train,梅花三弄1,刘少椿,CD第2册\33\刘少椿-梅花三弄1.wav,14173520,16815440,321.395,381.302
2dd9702f89bbff60_008.flac,train,梅花三弄1,刘少椿,CD第2册\33\刘少椿-梅花三弄1.wav,16535773,19177693,374.961,434.868
2dd9702f89bbff60_009.flac,train,梅花三弄1,刘少椿,CD第2册\33\刘少椿-梅花三弄1.wav,18898027,21539947,428.527,488.434
2dd9702f89bbff60_010.flac,train,梅花三弄1,刘少椿,CD第2册\33\刘少椿-梅花三弄1.wav,21260280,23902200,482.093,542.0
f7c825bcade8aa96_001.flac,train,梅花三弄2,刘少椿,CD第2册\33\刘少椿-梅花三弄2.wav,0,2641920,0.0,59.907
f7c825bcade8aa96_002.flac,train,梅花三弄2,刘少椿,CD第2册\33\刘少椿-梅花三弄2.wav,2639695,5281615,59.857,119.765
f7c825bcade8aa96_003.flac,train,梅花三弄2,刘少椿,CD第2册\33\刘少椿-梅花三弄2.wav,5279390,7921310,119.714,179.622
f7c825bcade8aa96_004.flac,train,梅花三弄2,刘少椿,CD第2册\33\刘少椿-梅花三弄2.wav,7919085,10561005,179.571,239.479
f7c825bcade8aa96_005.flac,train,梅花三弄2,刘少椿,CD第2册\33\刘少椿-梅花三弄2.wav,10558779,13200699,239.428,299.336
f7c825bcade8aa96_006.flac,train,梅花三弄2,刘少椿,CD第2册\33\刘少椿-梅花三弄2.wav,13198474,15840394,299.285,359.193
f7c825bcade8aa96_007.flac,train,梅花三弄2,刘少椿,CD第2册\33\刘少椿-梅花三弄2.wav,15838169,18480089,359.142,419.05
f7c825bcade8aa96_008.flac,train,梅花三弄2,刘少椿,CD第2册\33\刘少椿-梅花三弄2.wav,18477864,21119784,418.999,478.907
f0a3d20652cc6a19_001.flac,train,梧叶舞秋风,刘少椿,CD第2册\33\刘少椿-梧叶舞秋风.wav,0,2641920,0.0,59.907
f0a3d20652cc6a19_002.flac,train,梧叶舞秋风,刘少椿,CD第2册\33\刘少椿-梧叶舞秋风.wav,2323764,4965684,52.693,112.601
f0a3d20652cc6a19_003.flac,train,梧叶舞秋风,刘少椿,CD第2册\33\刘少椿-梧叶舞秋风.wav,4647528,7289448,105.386,165.294
f0a3d20652cc6a19_004.flac,train,梧叶舞秋风,刘少椿,CD第2册\33\刘少椿-梧叶舞秋风.wav,6971292,9613212,158.079,217.987
ba588a1b97dbeb92_001.flac,train,樵歌,刘少椿,CD第2册\33\刘少椿-樵歌.wav,0,2641920,0.0,59.907
ba588a1b97dbeb92_002.flac,train,樵歌,刘少椿,CD第2册\33\刘少椿-樵歌.wav,2460972,5102892,55.804,115.712
ba588a1b97dbeb92_003.flac,train,樵歌,刘少椿,CD第2册\33\刘少椿-樵歌.wav,4921944,7563864,111.609,171.516
ba588a1b97dbeb92_004.flac,train,樵歌,刘少椿,CD第2册\33\刘少椿-樵歌.wav,7382916,10024836,167.413,227.321
ba588a1b97dbeb92_005.flac,train,樵歌,刘少椿,CD第2册\33\刘少椿-樵歌.wav,9843888,12485808,223.217,283.125
ba588a1b97dbeb92_006.flac,train,樵歌,刘少椿,CD第2册\33\刘少椿-樵歌.wav,12304860,14946780,279.022,338.929
ba588a1b97dbeb92_007.flac,train,樵歌,刘少椿,CD第2册\33\刘少椿-樵歌.wav,14765832,17407752,334.826,394.734
ba588a1b97dbeb92_008.flac,train,樵歌,刘少椿,CD第2册\33\刘少椿-樵歌.wav,17226804,19868724,390.63,450.538
ba588a1b97dbeb92_009.flac,train,樵歌,刘少椿,CD第2册\33\刘少椿-樵歌.wav,19687776,22329696,446.435,506.342
ba588a1b97dbeb92_010.flac,train,樵歌,刘少椿,CD第2册\33\刘少椿-樵歌.wav,22148748,24790668,502.239,562.147
bab4d84fa712abbe_001.flac,train,良宵引,刘少椿,CD第2册\33\刘少椿-良宵引.wav,0,2641920,0.0,59.907
bab4d84fa712abbe_002.flac,train,良宵引,刘少椿,CD第2册\33\刘少椿-良宵引.wav,2196162,4838082,49.8,109.707
bab4d84fa712abbe_003.flac,train,良宵引,刘少椿,CD第2册\33\刘少椿-良宵引.wav,4392324,7034244,99.599,159.507
7b8d1f2d46d5f225_001.flac,train,酒狂,刘少椿,CD第2册\33\刘少椿-酒狂.wav,0,2641920,0.0,59.907
7b8d1f2d46d5f225_002.flac,train,酒狂,刘少椿,CD第2册\33\刘少椿-酒狂.wav,2098554,4740474,47.586,107.494
7b8d1f2d46d5f225_003.flac,train,酒狂,刘少椿,CD第2册\33\刘少椿-酒狂.wav,4197108,6839028,95.173,155.08
3d3e3a8d819ce5b9_001.flac,train,龙翔操,刘少椿,CD第2册\33\刘少椿-龙翔操.wav,0,2641920,0.0,59.907
3d3e3a8d819ce5b9_002.flac,train,龙翔操,刘少椿,CD第2册\33\刘少椿-龙翔操.wav,2518750,5160670,57.115,117.022
3d3e3a8d819ce5b9_003.flac,train,龙翔操,刘少椿,CD第2册\33\刘少椿-龙翔操.wav,5037499,7679419,114.229,174.136
3d3e3a8d819ce5b9_004.flac,train,龙翔操,刘少椿,CD第2册\33\刘少椿-龙翔操.wav,7556249,10198169,171.344,231.251
3d3e3a8d819ce5b9_005.flac,train,龙翔操,刘少椿,CD第2册\33\刘少椿-龙翔操.wav,10074998,12716918,228.458,288.365
3d3e3a8d819ce5b9_006.flac,train,龙翔操,刘少椿,CD第2册\33\刘少椿-龙翔操.wav,12593748,15235668,285.573,345.48
6965aefb87b58e9b_001.flac,validation,关山月,刘景韶,CD第2册\35\刘景韶-关山月.wav,0,2641920,0.0,59.907
6965aefb87b58e9b_002.flac,validation,关山月,刘景韶,CD第2册\35\刘景韶-关山月.wav,2578932,5220852,58.479,118.387
c6db2e52261ef719_001.flac,train,平沙落雁1,刘景韶,CD第2册\35\刘景韶-平沙落雁1.wav,0,2641920,0.0,59.907
c6db2e52261ef719_002.flac,train,平沙落雁1,刘景韶,CD第2册\35\刘景韶-平沙落雁1.wav,2515339,5157259,57.037,116.945
c6db2e52261ef719_003.flac,train,平沙落雁1,刘景韶,CD第2册\35\刘景韶-平沙落雁1.wav,5030678,7672598,114.074,173.982
c6db2e52261ef719_004.flac,train,平沙落雁1,刘景韶,CD第2册\35\刘景韶-平沙落雁1.wav,7546018,10187938,171.112,231.019
c6db2e52261ef719_005.flac,train,平沙落雁1,刘景韶,CD第2册\35\刘景韶-平沙落雁1.wav,10061357,12703277,228.149,288.056
c6db2e52261ef719_006.flac,train,平沙落雁1,刘景韶,CD第2册\35\刘景韶-平沙落雁1.wav,12576696,15218616,285.186,345.093
1bba84e14f3b1dff_001.flac,train,平沙落雁2,刘景韶,CD第2册\35\刘景韶-平沙落雁2.wav,0,2641920,0.0,59.907
1bba84e14f3b1dff_002.flac,train,平沙落雁2,刘景韶,CD第2册\35\刘景韶-平沙落雁2.wav,2321299,4963219,52.637,112.545
1bba84e14f3b1dff_003.flac,train,平沙落雁2,刘景韶,CD第2册\35\刘景韶-平沙落雁2.wav,4642598,7284518,105.274,165.182
1bba84e14f3b1dff_004.flac,train,平沙落雁2,刘景韶,CD第2册\35\刘景韶-平沙落雁2.wav,6963898,9605818,157.912,217.819
1bba84e14f3b1dff_005.flac,train,平沙落雁2,刘景韶,CD第2册\35\刘景韶-平沙落雁2.wav,9285197,11927117,210.549,270.456
1bba84e14f3b1dff_006.flac,train,平沙落雁2,刘景韶,CD第2册\35\刘景韶-平沙落雁2.wav,11606496,14248416,263.186,323.093
97b9fbb8a82470e6_001.flac,validation,归去来辞,刘景韶,CD第2册\35\刘景韶-归去来辞.wav,0,2641920,0.0,59.907
97b9fbb8a82470e6_002.flac,validation,归去来辞,刘景韶,CD第2册\35\刘景韶-归去来辞.wav,1941172,4583092,44.018,103.925
97b9fbb8a82470e6_003.flac,validation,归去来辞,刘景韶,CD第2册\35\刘景韶-归去来辞.wav,3882344,6524264,88.035,147.942
97b9fbb8a82470e6_004.flac,validation,归去来辞,刘景韶,CD第2册\35\刘景韶-归去来辞.wav,5823516,8465436,132.053,191.96
26f7e4b3abf956dd_001.flac,validation,捣衣,刘景韶,CD第2册\35\刘景韶-捣衣.wav,0,2641920,0.0,59.907
26f7e4b3abf956dd_002.flac,validation,捣衣,刘景韶,CD第2册\35\刘景韶-捣衣.wav,2297506,4939426,52.098,112.005
26f7e4b3abf956dd_003.flac,validation,捣衣,刘景韶,CD第2册\35\刘景韶-捣衣.wav,4595012,7236932,104.195,164.103
26f7e4b3abf956dd_004.flac,validation,捣衣,刘景韶,CD第2册\35\刘景韶-捣衣.wav,6892518,9534438,156.293,216.2
26f7e4b3abf956dd_005.flac,validation,捣衣,刘景韶,CD第2册\35\刘景韶-捣衣.wav,9190024,11831944,208.391,268.298
26f7e4b3abf956dd_006.flac,validation,捣衣,刘景韶,CD第2册\35\刘景韶-捣衣.wav,11487530,14129450,260.488,320.396
26f7e4b3abf956dd_007.flac,validation,捣衣,刘景韶,CD第2册\35\刘景韶-捣衣.wav,13785036,16426956,312.586,372.493
ea0ffddd999cb580_001.flac,train,搔首问天1,刘景韶,CD第2册\35\刘景韶-搔首问天1.wav,0,2641920,0.0,59.907
ea0ffddd999cb580_002.flac,train,搔首问天1,刘景韶,CD第2册\35\刘景韶-搔首问天1.wav,2348270,4990190,53.249,113.156
ea0ffddd999cb580_003.flac,train,搔首问天1,刘景韶,CD第2册\35\刘景韶-搔首问天1.wav,4696540,7338460,106.498,166.405
ea0ffddd999cb580_004.flac,train,搔首问天1,刘景韶,CD第2册\35\刘景韶-搔首问天1.wav,7044810,9686730,159.746,219.654
ea0ffddd999cb580_005.flac,train,搔首问天1,刘景韶,CD第2册\35\刘景韶-搔首问天1.wav,9393080,12035000,212.995,272.902
ea0ffddd999cb580_006.flac,train,搔首问天1,刘景韶,CD第2册\35\刘景韶-搔首问天1.wav,11741350,14383270,266.244,326.151
ea0ffddd999cb580_007.flac,train,搔首问天1,刘景韶,CD第2册\35\刘景韶-搔首问天1.wav,14089620,16731540,319.493,379.4
e702df9d9377d21f_001.flac,train,搔首问天2,刘景韶,CD第2册\35\刘景韶-搔首问天2.wav,0,2641920,0.0,59.907
e702df9d9377d21f_002.flac,train,搔首问天2,刘景韶,CD第2册\35\刘景韶-搔首问天2.wav,2429374,5071294,55.088,114.995
e702df9d9377d21f_003.flac,train,搔首问天2,刘景韶,CD第2册\35\刘景韶-搔首问天2.wav,4858747,7500667,110.176,170.083
e702df9d9377d21f_004.flac,train,搔首问天2,刘景韶,CD第2册\35\刘景韶-搔首问天2.wav,7288121,9930041,165.264,225.171
e702df9d9377d21f_005.flac,train,搔首问天2,刘景韶,CD第2册\35\刘景韶-搔首问天2.wav,9717494,12359414,220.351,280.259
e702df9d9377d21f_006.flac,train,搔首问天2,刘景韶,CD第2册\35\刘景韶-搔首问天2.wav,12146868,14788788,275.439,335.347
ffd7124c0c0d74fb_001.flac,train,樵歌,刘景韶,CD第2册\35\刘景韶-樵歌.wav,0,2641920,0.0,59.907
ffd7124c0c0d74fb_002.flac,train,樵歌,刘景韶,CD第2册\35\刘景韶-樵歌.wav,2385218,5027138,54.087,113.994
ffd7124c0c0d74fb_003.flac,train,樵歌,刘景韶,CD第2册\35\刘景韶-樵歌.wav,4770435,7412355,108.173,168.081
ffd7124c0c0d74fb_004.flac,train,樵歌,刘景韶,CD第2册\35\刘景韶-樵歌.wav,7155652,9797572,162.26,222.167
ffd7124c0c0d74fb_005.flac,train,樵歌,刘景韶,CD第2册\35\刘景韶-樵歌.wav,9540870,12182790,216.346,276.254
ffd7124c0c0d74fb_006.flac,train,樵歌,刘景韶,CD第2册\35\刘景韶-樵歌.wav,11926088,14568008,270.433,330.34
ffd7124c0c0d74fb_007.flac,train,樵歌,刘景韶,CD第2册\35\刘景韶-樵歌.wav,14311305,16953225,324.519,384.427
ffd7124c0c0d74fb_008.flac,train,樵歌,刘景韶,CD第2册\35\刘景韶-樵歌.wav,16696522,19338442,378.606,438.513
ffd7124c0c0d74fb_009.flac,train,樵歌,刘景韶,CD第2册\35\刘景韶-樵歌.wav,19081740,21723660,432.693,492.6
dd3143b9778b2f05_001.flac,train,玉楼春晓,刘景韶,CD第2册\35\刘景韶-玉楼春晓.wav,0,2641920,0.0,59.907
dd3143b9778b2f05_002.flac,train,玉楼春晓,刘景韶,CD第2册\35\刘景韶-玉楼春晓.wav,498588,3140508,11.306,71.213
08baf099b8bf2688_001.flac,train,秋风词,刘景韶,CD第2册\35\刘景韶-秋风词.wav,0,2641920,0.0,59.907
08baf099b8bf2688_002.flac,train,秋风词,刘景韶,CD第2册\35\刘景韶-秋风词.wav,57588,2699508,1.306,61.213
aa77649aa51c2d1b_001.flac,train,长门怨1,刘景韶,CD第2册\35\刘景韶-长门怨1.wav,0,2641920,0.0,59.907
aa77649aa51c2d1b_002.flac,train,长门怨1,刘景韶,CD第2册\35\刘景韶-长门怨1.wav,2435193,5077113,55.22,115.127
aa77649aa51c2d1b_003.flac,train,长门怨1,刘景韶,CD第2册\35\刘景韶-长门怨1.wav,4870386,7512306,110.44,170.347
aa77649aa51c2d1b_004.flac,train,长门怨1,刘景韶,CD第2册\35\刘景韶-长门怨1.wav,7305579,9947499,165.659,225.567
aa77649aa51c2d1b_005.flac,train,长门怨1,刘景韶,CD第2册\35\刘景韶-长门怨1.wav,9740772,12382692,220.879,280.787
9c5f574c20a51405_001.flac,train,长门怨2,刘景韶,CD第2册\35\刘景韶-长门怨2.wav,0,2641920,0.0,59.907
9c5f574c20a51405_002.flac,train,长门怨2,刘景韶,CD第2册\35\刘景韶-长门怨2.wav,2387124,5029044,54.13,114.037
9c5f574c20a51405_003.flac,train,长门怨2,刘景韶,CD第2册\35\刘景韶-长门怨2.wav,4774248,7416168,108.26,168.167
9c5f574c20a51405_004.flac,train,长门怨2,刘景韶,CD第2册\35\刘景韶-长门怨2.wav,7161372,9803292,162.389,222.297
9c5f574c20a51405_005.flac,train,长门怨2,刘景韶,CD第2册\35\刘景韶-长门怨2.wav,9548496,12190416,216.519,276.427
519f7d6fd5f82c14_001.flac,validation,午夜焚修,卢家炳,CD第1册\CD03\卢家炳-午夜焚修.wav,0,2641920,0.0,59.907
519f7d6fd5f82c14_002.flac,validation,午夜焚修,卢家炳,CD第1册\CD03\卢家炳-午夜焚修.wav,2365708,5007628,53.644,113.552
519f7d6fd5f82c14_003.flac,validation,午夜焚修,卢家炳,CD第1册\CD03\卢家炳-午夜焚修.wav,4731416,7373336,107.288,167.196
519f7d6fd5f82c14_004.flac,validation,午夜焚修,卢家炳,CD第1册\CD03\卢家炳-午夜焚修.wav,7097124,9739044,160.933,220.84
7bc15749425c7f99_001.flac,test,孤鸿,卢家炳,CD第1册\CD03\卢家炳-孤鸿.wav,0,2641920,0.0,59.907
7bc15749425c7f99_002.flac,test,孤鸿,卢家炳,CD第1册\CD03\卢家炳-孤鸿.wav,2582487,5224407,58.56,118.467
7bc15749425c7f99_003.flac,test,孤鸿,卢家炳,CD第1册\CD03\卢家炳-孤鸿.wav,5164974,7806894,117.12,177.027
7bc15749425c7f99_004.flac,test,孤鸿,卢家炳,CD第1册\CD03\卢家炳-孤鸿.wav,7747461,10389381,175.679,235.587
7bc15749425c7f99_005.flac,test,孤鸿,卢家炳,CD第1册\CD03\卢家炳-孤鸿.wav,10329948,12971868,234.239,294.147
485c5572bbe1a180_001.flac,train,平沙落雁1,卢家炳,CD第1册\CD03\卢家炳-平沙落雁1.wav,0,2641920,0.0,59.907
485c5572bbe1a180_002.flac,train,平沙落雁1,卢家炳,CD第1册\CD03\卢家炳-平沙落雁1.wav,2377422,5019342,53.91,113.817
485c5572bbe1a180_003.flac,train,平沙落雁1,卢家炳,CD第1册\CD03\卢家炳-平沙落雁1.wav,4754844,7396764,107.82,167.727
485c5572bbe1a180_004.flac,train,平沙落雁1,卢家炳,CD第1册\CD03\卢家炳-平沙落雁1.wav,7132266,9774186,161.729,221.637
485c5572bbe1a180_005.flac,train,平沙落雁1,卢家炳,CD第1册\CD03\卢家炳-平沙落雁1.wav,9509688,12151608,215.639,275.547
1ccc63e1b5d73b12_001.flac,train,平沙落雁2,卢家炳,CD第1册\CD03\卢家炳-平沙落雁2.wav,0,2641920,0.0,59.907
1ccc63e1b5d73b12_002.flac,train,平沙落雁2,卢家炳,CD第1册\CD03\卢家炳-平沙落雁2.wav,2366691,5008611,53.666,113.574
1ccc63e1b5d73b12_003.flac,train,平沙落雁2,卢家炳,CD第1册\CD03\卢家炳-平沙落雁2.wav,4733382,7375302,107.333,167.24
1ccc63e1b5d73b12_004.flac,train,平沙落雁2,卢家炳,CD第1册\CD03\卢家炳-平沙落雁2.wav,7100073,9741993,160.999,220.907
1ccc63e1b5d73b12_005.flac,train,平沙落雁2,卢家炳,CD第1册\CD03\卢家炳-平沙落雁2.wav,9466764,12108684,214.666,274.573
7cb56cbdcc290f9c_001.flac,validation,归去来辞,卢家炳,CD第1册\CD03\卢家炳-归去来辞.wav,0,2641920,0.0,59.907
7cb56cbdcc290f9c_002.flac,validation,归去来辞,卢家炳,CD第1册\CD03\卢家炳-归去来辞.wav,2039910,4681830,46.256,106.164
7cb56cbdcc290f9c_003.flac,validation,归去来辞,卢家炳,CD第1册\CD03\卢家炳-归去来辞.wav,4079820,6721740,92.513,152.42
7cb56cbdcc290f9c_004.flac,validation,归去来辞,卢家炳,CD第1册\CD03\卢家炳-归去来辞.wav,6119730,8761650,138.769,198.677
7cb56cbdcc290f9c_005.flac,validation,归去来辞,卢家炳,CD第1册\CD03\卢家炳-归去来辞.wav,8159640,10801560,185.026,244.933
e396a1bab4f11a8c_001.flac,train,月下吟,卢家炳,CD第1册\CD03\卢家炳-月下吟.wav,0,2641920,0.0,59.907
e396a1bab4f11a8c_002.flac,train,月下吟,卢家炳,CD第1册\CD03\卢家炳-月下吟.wav,2080482,4722402,47.176,107.084
e396a1bab4f11a8c_003.flac,train,月下吟,卢家炳,CD第1册\CD03\卢家炳-月下吟.wav,4160964,6802884,94.353,154.26
e396a1bab4f11a8c_004.flac,train,月下吟,卢家炳,CD第1册\CD03\卢家炳-月下吟.wav,6241446,8883366,141.529,201.437
e396a1bab4f11a8c_005.flac,train,月下吟,卢家炳,CD第1册\CD03\卢家炳-月下吟.wav,8321928,10963848,188.706,248.613
06c93d39de5cd1c5_001.flac,train,碧云深,卢家炳,CD第1册\CD03\卢家炳-碧云深.wav,0,2641920,0.0,59.907
06c93d39de5cd1c5_002.flac,train,碧云深,卢家炳,CD第1册\CD03\卢家炳-碧云深.wav,2295396,4937316,52.05,111.957
06c93d39de5cd1c5_003.flac,train,碧云深,卢家炳,CD第1册\CD03\卢家炳-碧云深.wav,4590792,7232712,104.1,164.007
06c93d39de5cd1c5_004.flac,train,碧云深,卢家炳,CD第1册\CD03\卢家炳-碧云深.wav,6886188,9528108,156.149,216.057
06c93d39de5cd1c5_005.flac,train,碧云深,卢家炳,CD第1册\CD03\卢家炳-碧云深.wav,9181584,11823504,208.199,268.107
8dd2ee7a43f8e226_001.flac,train,平沙落雁,卫仲乐,CD第3册\49\卫仲乐-平沙落雁.wav,0,2641920,0.0,59.907
8dd2ee7a43f8e226_002.flac,train,平沙落雁,卫仲乐,CD第3册\49\卫仲乐-平沙落雁.wav,2531132,5173052,57.395,117.303
8dd2ee7a43f8e226_003.flac,train,平沙落雁,卫仲乐,CD第3册\49\卫仲乐-平沙落雁.wav,5062264,7704184,114.791,174.698
8dd2ee7a43f8e226_004.flac,train,平沙落雁,卫仲乐,CD第3册\49\卫仲乐-平沙落雁.wav,7593396,10235316,172.186,232.093
8b2048da1fba3132_001.flac,train,普庵咒,卫仲乐,CD第3册\49\卫仲乐-普庵咒.wav,0,2641920,0.0,59.907
8b2048da1fba3132_002.flac,train,普庵咒,卫仲乐,CD第3册\49\卫仲乐-普庵咒.wav,2602716,5244636,59.019,118.926
8b2048da1fba3132_003.flac,train,普庵咒,卫仲乐,CD第3册\49\卫仲乐-普庵咒.wav,5205432,7847352,118.037,177.944
8b2048da1fba3132_004.flac,train,普庵咒,卫仲乐,CD第3册\49\卫仲乐-普庵咒.wav,7808148,10450068,177.056,236.963
8b2048da1fba3132_005.flac,train,普庵咒,卫仲乐,CD第3册\49\卫仲乐-普庵咒.wav,10410864,13052784,236.074,295.981
8b2048da1fba3132_006.flac,train,普庵咒,卫仲乐,CD第3册\49\卫仲乐-普庵咒.wav,13013580,15655500,295.093,355.0
e39ce0058dbc648f_001.flac,train,梅花三弄1,卫仲乐,CD第3册\49\卫仲乐-梅花三弄1.wav,0,2641920,0.0,59.907
e39ce0058dbc648f_002.flac,train,梅花三弄1,卫仲乐,CD第3册\49\卫仲乐-梅花三弄1.wav,2277991,4919911,51.655,111.563
e39ce0058dbc648f_003.flac,train,梅花三弄1,卫仲乐,CD第3册\49\卫仲乐-梅花三弄1.wav,4555982,7197902,103.31,163.218
e39ce0058dbc648f_004.flac,train,梅花三弄1,卫仲乐,CD第3册\49\卫仲乐-梅花三弄1.wav,6833973,9475893,154.965,214.873
e39ce0058dbc648f_005.flac,train,梅花三弄1,卫仲乐,CD第3册\49\卫仲乐-梅花三弄1.wav,9111963,11753883,206.62,266.528
e39ce0058dbc648f_006.flac,train,梅花三弄1,卫仲乐,CD第3册\49\卫仲乐-梅花三弄1.wav,11389954,14031874,258.276,318.183
e39ce0058dbc648f_007.flac,train,梅花三弄1,卫仲乐,CD第3册\49\卫仲乐-梅花三弄1.wav,13667945,16309865,309.931,369.838
e39ce0058dbc648f_008.flac,train,梅花三弄1,卫仲乐,CD第3册\49\卫仲乐-梅花三弄1.wav,15945936,18587856,361.586,421.493
4bb6e0fb35cca8ed_001.flac,train,梅花三弄2,卫仲乐,CD第3册\49\卫仲乐-梅花三弄2.wav,0,2641920,0.0,59.907
4bb6e0fb35cca8ed_002.flac,train,梅花三弄2,卫仲乐,CD第3册\49\卫仲乐-梅花三弄2.wav,2417599,5059519,54.821,114.728
4bb6e0fb35cca8ed_003.flac,train,梅花三弄2,卫仲乐,CD第3册\49\卫仲乐-梅花三弄2.wav,4835198,7477118,109.642,169.549
4bb6e0fb35cca8ed_004.flac,train,梅花三弄2,卫仲乐,CD第3册\49\卫仲乐-梅花三弄2.wav,7252797,9894717,164.463,224.37
4bb6e0fb35cca8ed_005.flac,train,梅花三弄2,卫仲乐,CD第3册\49\卫仲乐-梅花三弄2.wav,9670395,12312315,219.283,279.191
4bb6e0fb35cca8ed_006.flac,train,梅花三弄2,卫仲乐,CD第3册\49\卫仲乐-梅花三弄2.wav,12087994,14729914,274.104,334.012
4bb6e0fb35cca8ed_007.flac,train,梅花三弄2,卫仲乐,CD第3册\49\卫仲乐-梅花三弄2.wav,14505593,17147513,328.925,388.832
4bb6e0fb35cca8ed_008.flac,train,梅花三弄2,卫仲乐,CD第3册\49\卫仲乐-梅花三弄2.wav,16923192,19565112,383.746,443.653
9839d0b7c3676137_001.flac,train,流水,卫仲乐,CD第3册\49\卫仲乐-流水.wav,0,2641920,0.0,59.907
9839d0b7c3676137_002.flac,train,流水,卫仲乐,CD第3册\49\卫仲乐-流水.wav,2390628,5032548,54.209,114.117
9839d0b7c3676137_003.flac,train,流水,卫仲乐,CD第3册\49\卫仲乐-流水.wav,4781256,7423176,108.419,168.326
9839d0b7c3676137_004.flac,train,流水,卫仲乐,CD第3册\49\卫仲乐-流水.wav,7171884,9813804,162.628,222.535
9839d0b7c3676137_005.flac,train,流水,卫仲乐,CD第3册\49\卫仲乐-流水.wav,9562512,12204432,216.837,276.744
9839d0b7c3676137_006.flac,train,流水,卫仲乐,CD第3册\49\卫仲乐-流水.wav,11953140,14595060,271.046,330.954
9839d0b7c3676137_007.flac,train,流水,卫仲乐,CD第3册\49\卫仲乐-流水.wav,14343768,16985688,325.256,385.163
9839d0b7c3676137_008.flac,train,流水,卫仲乐,CD第3册\49\卫仲乐-流水.wav,16734396,19376316,379.465,439.372
9839d0b7c3676137_009.flac,train,流水,卫仲乐,CD第3册\49\卫仲乐-流水.wav,19125024,21766944,433.674,493.581
9839d0b7c3676137_010.flac,train,流水,卫仲乐,CD第3册\49\卫仲乐-流水.wav,21515652,24157572,487.883,547.791
9839d0b7c3676137_011.flac,train,流水,卫仲乐,CD第3册\49\卫仲乐-流水.wav,23906280,26548200,542.093,602.0
4522be4045210103_001.flac,train,流水-残,卫仲乐,CD第3册\49\卫仲乐-流水-残.wav,0,2641920,0.0,59.907
4522be4045210103_002.flac,train,流水-残,卫仲乐,CD第3册\49\卫仲乐-流水-残.wav,2488056,5129976,56.419,116.326
4522be4045210103_003.flac,train,流水-残,卫仲乐,CD第3册\49\卫仲乐-流水-残.wav,4976112,7618032,112.837,172.744
4522be4045210103_004.flac,train,流水-残,卫仲乐,CD第3册\49\卫仲乐-流水-残.wav,7464168,10106088,169.256,229.163
4522be4045210103_005.flac,train,流水-残,卫仲乐,CD第3册\49\卫仲乐-流水-残.wav,9952224,12594144,225.674,285.581
4522be4045210103_006.flac,train,流水-残,卫仲乐,CD第3册\49\卫仲乐-流水-残.wav,12440280,15082200,282.093,342.0
77fb8d5bb7dc9270_001.flac,train,醉渔唱晚1,卫仲乐,CD第3册\49\卫仲乐-醉渔唱晚1.wav,0,2641920,0.0,59.907
77fb8d5bb7dc9270_002.flac,train,醉渔唱晚1,卫仲乐,CD第3册\49\卫仲乐-醉渔唱晚1.wav,2630694,5272614,59.653,119.56
77fb8d5bb7dc9270_003.flac,train,醉渔唱晚1,卫仲乐,CD第3册\49\卫仲乐-醉渔唱晚1.wav,5261388,7903308,119.306,179.213
4c35dab0d186bac3_001.flac,train,醉渔唱晚2,卫仲乐,CD第3册\49\卫仲乐-醉渔唱晚2.wav,0,2641920,0.0,59.907
4c35dab0d186bac3_002.flac,train,醉渔唱晚2,卫仲乐,CD第3册\49\卫仲乐-醉渔唱晚2.wav,2027412,4669332,45.973,105.881
4c35dab0d186bac3_003.flac,train,醉渔唱晚2,卫仲乐,CD第3册\49\卫仲乐-醉渔唱晚2.wav,4054824,6696744,91.946,151.854
4c35dab0d186bac3_004.flac,train,醉渔唱晚2,卫仲乐,CD第3册\49\卫仲乐-醉渔唱晚2.wav,6082236,8724156,137.919,197.827
38925c95f8b931f9_001.flac,train,醉渔唱晚3,卫仲乐,CD第3册\49\卫仲乐-醉渔唱晚3.wav,0,2641920,0.0,59.907
38925c95f8b931f9_002.flac,train,醉渔唱晚3,卫仲乐,CD第3册\49\卫仲乐-醉渔唱晚3.wav,2154812,4796732,48.862,108.769
38925c95f8b931f9_003.flac,train,醉渔唱晚3,卫仲乐,CD第3册\49\卫仲乐-醉渔唱晚3.wav,4309624,6951544,97.724,157.631
38925c95f8b931f9_004.flac,train,醉渔唱晚3,卫仲乐,CD第3册\49\卫仲乐-醉渔唱晚3.wav,6464436,9106356,146.586,206.493
66f0d4153cfa2381_001.flac,train,长门怨,卫仲乐,CD第3册\49\卫仲乐-长门怨.wav,0,2641920,0.0,59.907
66f0d4153cfa2381_002.flac,train,长门怨,卫仲乐,CD第3册\49\卫仲乐-长门怨.wav,2410938,5052858,54.67,114.577
66f0d4153cfa2381_003.flac,train,长门怨,卫仲乐,CD第3册\49\卫仲乐-长门怨.wav,4821876,7463796,109.34,169.247
66f0d4153cfa2381_004.flac,train,长门怨,卫仲乐,CD第3册\49\卫仲乐-长门怨.wav,7232814,9874734,164.009,223.917
66f0d4153cfa2381_005.flac,train,长门怨,卫仲乐,CD第3册\49\卫仲乐-长门怨.wav,9643752,12285672,218.679,278.587
c826013326128114_001.flac,train,平沙落雁1,吴兆基,CD第3册\51\吴兆基-平沙落雁1.wav,0,2641920,0.0,59.907
c826013326128114_002.flac,train,平沙落雁1,吴兆基,CD第3册\51\吴兆基-平沙落雁1.wav,2412408,5054328,54.703,114.611
c826013326128114_003.flac,train,平沙落雁1,吴兆基,CD第3册\51\吴兆基-平沙落雁1.wav,4824816,7466736,109.406,169.314
c826013326128114_004.flac,train,平沙落雁1,吴兆基,CD第3册\51\吴兆基-平沙落雁1.wav,7237224,9879144,164.109,224.017
c826013326128114_005.flac,train,平沙落雁1,吴兆基,CD第3册\51\吴兆基-平沙落雁1.wav,9649632,12291552,218.813,278.72
b8f417f05507dac5_001.flac,train,平沙落雁2,吴兆基,CD第3册\51\吴兆基-平沙落雁2.wav,0,2641920,0.0,59.907
b8f417f05507dac5_002.flac,train,平沙落雁2,吴兆基,CD第3册\51\吴兆基-平沙落雁2.wav,2161246,4803166,49.008,108.915
b8f417f05507dac5_003.flac,train,平沙落雁2,吴兆基,CD第3册\51\吴兆基-平沙落雁2.wav,4322491,6964411,98.016,157.923
b8f417f05507dac5_004.flac,train,平沙落雁2,吴兆基,CD第3册\51\吴兆基-平沙落雁2.wav,6483737,9125657,147.024,206.931
b8f417f05507dac5_005.flac,train,平沙落雁2,吴兆基,CD第3册\51\吴兆基-平沙落雁2.wav,8644982,11286902,196.031,255.939
b8f417f05507dac5_006.flac,train,平沙落雁2,吴兆基,CD第3册\51\吴兆基-平沙落雁2.wav,10806228,13448148,245.039,304.947
d0b2550a9aea9662_001.flac,train,石上流泉1,吴兆基,CD第3册\51\吴兆基-石上流泉1.wav,0,2641920,0.0,59.907
d0b2550a9aea9662_002.flac,train,石上流泉1,吴兆基,CD第3册\51\吴兆基-石上流泉1.wav,2062695,4704615,46.773,106.681
d0b2550a9aea9662_003.flac,train,石上流泉1,吴兆基,CD第3册\51\吴兆基-石上流泉1.wav,4125390,6767310,93.546,153.454
d0b2550a9aea9662_004.flac,train,石上流泉1,吴兆基,CD第3册\51\吴兆基-石上流泉1.wav,6188085,8830005,140.319,200.227
d0b2550a9aea9662_005.flac,train,石上流泉1,吴兆基,CD第3册\51\吴兆基-石上流泉1.wav,8250780,10892700,187.093,247.0
4d2227b18e0bc8ea_001.flac,train,石上流泉2,吴兆基,CD第3册\51\吴兆基-石上流泉2.wav,0,2641920,0.0,59.907
4d2227b18e0bc8ea_002.flac,train,石上流泉2,吴兆基,CD第3册\51\吴兆基-石上流泉2.wav,2426664,5068584,55.026,114.934
4d2227b18e0bc8ea_003.flac,train,石上流泉2,吴兆基,CD第3册\51\吴兆基-石上流泉2.wav,4853328,7495248,110.053,169.96
4d2227b18e0bc8ea_004.flac,train,石上流泉2,吴兆基,CD第3册\51\吴兆基-石上流泉2.wav,7279992,9921912,165.079,224.987
f06151965d98c2e8_001.flac,train,秋塞吟1,吴兆基,CD第3册\51\吴兆基-秋塞吟1.wav,0,2641920,0.0,59.907
f06151965d98c2e8_002.flac,train,秋塞吟1,吴兆基,CD第3册\51\吴兆基-秋塞吟1.wav,2541071,5182991,57.621,117.528
f06151965d98c2e8_003.flac,train,秋塞吟1,吴兆基,CD第3册\51\吴兆基-秋塞吟1.wav,5082141,7724061,115.241,175.149
f06151965d98c2e8_004.flac,train,秋塞吟1,吴兆基,CD第3册\51\吴兆基-秋塞吟1.wav,7623212,10265132,172.862,232.769
f06151965d98c2e8_005.flac,train,秋塞吟1,吴兆基,CD第3册\51\吴兆基-秋塞吟1.wav,10164283,12806203,230.483,290.39
f06151965d98c2e8_006.flac,train,秋塞吟1,吴兆基,CD第3册\51\吴兆基-秋塞吟1.wav,12705353,15347273,288.103,348.011
f06151965d98c2e8_007.flac,train,秋塞吟1,吴兆基,CD第3册\51\吴兆基-秋塞吟1.wav,15246424,17888344,345.724,405.631
f06151965d98c2e8_008.flac,train,秋塞吟1,吴兆基,CD第3册\51\吴兆基-秋塞吟1.wav,17787495,20429415,403.345,463.252
f06151965d98c2e8_009.flac,train,秋塞吟1,吴兆基,CD第3册\51\吴兆基-秋塞吟1.wav,20328565,22970485,460.965,520.873
f06151965d98c2e8_010.flac,train,秋塞吟1,吴兆基,CD第3册\51\吴兆基-秋塞吟1.wav,22869636,25511556,518.586,578.493
cecf5a1861115234_001.flac,train,秋塞吟2,吴兆基,CD第3册\51\吴兆基-秋塞吟2.wav,0,2641920,0.0,59.907
cecf5a1861115234_002.flac,train,秋塞吟2,吴兆基,CD第3册\51\吴兆基-秋塞吟2.wav,2446533,5088453,55.477,115.384
cecf5a1861115234_003.flac,train,秋塞吟2,吴兆基,CD第3册\51\吴兆基-秋塞吟2.wav,4893067,7534987,110.954,170.861
cecf5a1861115234_004.flac,train,秋塞吟2,吴兆基,CD第3册\51\吴兆基-秋塞吟2.wav,7339600,9981520,166.431,226.338
cecf5a1861115234_005.flac,train,秋塞吟2,吴兆基,CD第3册\51\吴兆基-秋塞吟2.wav,9786133,12428053,221.908,281.815
cecf5a1861115234_006.flac,train,秋塞吟2,吴兆基,CD第3册\51\吴兆基-秋塞吟2.wav,12232667,14874587,277.385,337.292
cecf5a1861115234_007.flac,train,秋塞吟2,吴兆基,CD第3册\51\吴兆基-秋塞吟2.wav,14679200,17321120,332.862,392.769
cecf5a1861115234_008.flac,train,秋塞吟2,吴兆基,CD第3册\51\吴兆基-秋塞吟2.wav,17125733,19767653,388.339,448.246
cecf5a1861115234_009.flac,train,秋塞吟2,吴兆基,CD第3册\51\吴兆基-秋塞吟2.wav,19572267,22214187,443.816,503.723
cecf5a1861115234_010.flac,train,秋塞吟2,吴兆基,CD第3册\51\吴兆基-秋塞吟2.wav,22018800,24660720,499.293,559.2
605a549b3eaaf377_001.flac,train,秋塞吟3,吴兆基,CD第3册\51\吴兆基-秋塞吟3.wav,0,2641920,0.0,59.907
605a549b3eaaf377_002.flac,train,秋塞吟3,吴兆基,CD第3册\51\吴兆基-秋塞吟3.wav,2596016,5237936,58.867,118.774
605a549b3eaaf377_003.flac,train,秋塞吟3,吴兆基,CD第3册\51\吴兆基-秋塞吟3.wav,5192031,7833951,117.733,177.641
605a549b3eaaf377_004.flac,train,秋塞吟3,吴兆基,CD第3册\51\吴兆基-秋塞吟3.wav,7788046,10429966,176.6,236.507
605a549b3eaaf377_005.flac,train,秋塞吟3,吴兆基,CD第3册\51\吴兆基-秋塞吟3.wav,10384062,13025982,235.466,295.374
605a549b3eaaf377_006.flac,train,秋塞吟3,吴兆基,CD第3册\51\吴兆基-秋塞吟3.wav,12980078,15621998,294.333,354.24
605a549b3eaaf377_007.flac,train,秋塞吟3,吴兆基,CD第3册\51\吴兆基-秋塞吟3.wav,15576093,18218013,353.199,413.107
605a549b3eaaf377_008.flac,train,秋塞吟3,吴兆基,CD第3册\51\吴兆基-秋塞吟3.wav,18172108,20814028,412.066,471.973
605a549b3eaaf377_009.flac,train,秋塞吟3,吴兆基,CD第3册\51\吴兆基-秋塞吟3.wav,20768124,23410044,470.933,530.84
b0fe1f2cf984d7a4_001.flac,train,白雪,吴兆奇,CD第4册\64\吴兆奇-白雪.wav,0,2641920,0.0,59.907
b0fe1f2cf984d7a4_002.flac,train,白雪,吴兆奇,CD第4册\64\吴兆奇-白雪.wav,2633648,5275568,59.72,119.627
b0fe1f2cf984d7a4_003.flac,train,白雪,吴兆奇,CD第4册\64\吴兆奇-白雪.wav,5267295,7909215,119.44,179.347
b0fe1f2cf984d7a4_004.flac,train,白雪,吴兆奇,CD第4册\64\吴兆奇-白雪.wav,7900942,10542862,179.16,239.067
b0fe1f2cf984d7a4_005.flac,train,白雪,吴兆奇,CD第4册\64\吴兆奇-白雪.wav,10534590,13176510,238.88,298.787
b0fe1f2cf984d7a4_006.flac,train,白雪,吴兆奇,CD第4册\64\吴兆奇-白雪.wav,13168238,15810158,298.6,358.507
b0fe1f2cf984d7a4_007.flac,train,白雪,吴兆奇,CD第4册\64\吴兆奇-白雪.wav,15801885,18443805,358.319,418.227
b0fe1f2cf984d7a4_008.flac,train,白雪,吴兆奇,CD第4册\64\吴兆奇-白雪.wav,18435532,21077452,418.039,477.947
b0fe1f2cf984d7a4_009.flac,train,白雪,吴兆奇,CD第4册\64\吴兆奇-白雪.wav,21069180,23711100,477.759,537.667
cedf889ac301e77b_001.flac,train,阳春,吴兆奇,CD第4册\64\吴兆奇-阳春.wav,0,2641920,0.0,59.907
cedf889ac301e77b_002.flac,train,阳春,吴兆奇,CD第4册\64\吴兆奇-阳春.wav,2635804,5277724,59.769,119.676
cedf889ac301e77b_003.flac,train,阳春,吴兆奇,CD第4册\64\吴兆奇-阳春.wav,5271608,7913528,119.538,179.445
cedf889ac301e77b_004.flac,train,阳春,吴兆奇,CD第4册\64\吴兆奇-阳春.wav,7907412,10549332,179.306,239.214
cedf889ac301e77b_005.flac,train,阳春,吴兆奇,CD第4册\64\吴兆奇-阳春.wav,10543216,13185136,239.075,298.983
cedf889ac301e77b_006.flac,train,阳春,吴兆奇,CD第4册\64\吴兆奇-阳春.wav,13179020,15820940,298.844,358.751
cedf889ac301e77b_007.flac,train,阳春,吴兆奇,CD第4册\64\吴兆奇-阳春.wav,15814824,18456744,358.613,418.52
cedf889ac301e77b_008.flac,train,阳春,吴兆奇,CD第4册\64\吴兆奇-阳春.wav,18450628,21092548,418.382,478.289
cedf889ac301e77b_009.flac,train,阳春,吴兆奇,CD第4册\64\吴兆奇-阳春.wav,21086432,23728352,478.15,538.058
cedf889ac301e77b_010.flac,train,阳春,吴兆奇,CD第4册\64\吴兆奇-阳春.wav,23722236,26364156,537.919,597.827
1313586d98d0e0a3_001.flac,train,普庵咒,吴景略,CD第3册\45\吴景略-普庵咒.wav,0,2641920,0.0,59.907
1313586d98d0e0a3_002.flac,train,普庵咒,吴景略,CD第3册\45\吴景略-普庵咒.wav,2304787,4946707,52.263,112.17
1313586d98d0e0a3_003.flac,train,普庵咒,吴景略,CD第3册\45\吴景略-普庵咒.wav,4609574,7251494,104.525,164.433
1313586d98d0e0a3_004.flac,train,普庵咒,吴景略,CD第3册\45\吴景略-普庵咒.wav,6914361,9556281,156.788,216.696
1313586d98d0e0a3_005.flac,train,普庵咒,吴景略,CD第3册\45\吴景略-普庵咒.wav,9219147,11861067,209.051,268.958
1313586d98d0e0a3_006.flac,train,普庵咒,吴景略,CD第3册\45\吴景略-普庵咒.wav,11523934,14165854,261.314,321.221
1313586d98d0e0a3_007.flac,train,普庵咒,吴景略,CD第3册\45\吴景略-普庵咒.wav,13828721,16470641,313.576,373.484
1313586d98d0e0a3_008.flac,train,普庵咒,吴景略,CD第3册\45\吴景略-普庵咒.wav,16133508,18775428,365.839,425.747
3f3f1307f6b1793f_001.flac,train,平沙落雁,周吉荪,CD第2册\34\周吉荪-平沙落雁.wav,0,2641920,0.0,59.907
3f3f1307f6b1793f_002.flac,train,平沙落雁,周吉荪,CD第2册\34\周吉荪-平沙落雁.wav,2353906,4995826,53.377,113.284
3f3f1307f6b1793f_003.flac,train,平沙落雁,周吉荪,CD第2册\34\周吉荪-平沙落雁.wav,4707813,7349733,106.753,166.661
3f3f1307f6b1793f_004.flac,train,平沙落雁,周吉荪,CD第2册\34\周吉荪-平沙落雁.wav,7061720,9703640,160.13,220.037
3f3f1307f6b1793f_005.flac,train,平沙落雁,周吉荪,CD第2册\34\周吉荪-平沙落雁.wav,9415626,12057546,213.506,273.414
3f3f1307f6b1793f_006.flac,train,平沙落雁,周吉荪,CD第2册\34\周吉荪-平沙落雁.wav,11769532,14411452,266.883,326.79
3f3f1307f6b1793f_007.flac,train,平沙落雁,周吉荪,CD第2册\34\周吉荪-平沙落雁.wav,14123439,16765359,320.259,380.167
3f3f1307f6b1793f_008.flac,train,平沙落雁,周吉荪,CD第2册\34\周吉荪-平沙落雁.wav,16477346,19119266,373.636,433.543
3f3f1307f6b1793f_009.flac,train,平沙落雁,周吉荪,CD第2册\34\周吉荪-平沙落雁.wav,18831252,21473172,427.013,486.92
c42cdc04b472c384_001.flac,train,潇湘水云,周吉荪,CD第2册\34\周吉荪-潇湘水云.wav,0,2641920,0.0,59.907
c42cdc04b472c384_002.flac,train,潇湘水云,周吉荪,CD第2册\34\周吉荪-潇湘水云.wav,2459975,5101895,55.782,115.689
c42cdc04b472c384_003.flac,train,潇湘水云,周吉荪,CD第2册\34\周吉荪-潇湘水云.wav,4919950,7561870,111.563,171.471
c42cdc04b472c384_004.flac,train,潇湘水云,周吉荪,CD第2册\34\周吉荪-潇湘水云.wav,7379925,10021845,167.345,227.253
c42cdc04b472c384_005.flac,train,潇湘水云,周吉荪,CD第2册\34\周吉荪-潇湘水云.wav,9839900,12481820,223.127,283.034
c42cdc04b472c384_006.flac,train,潇湘水云,周吉荪,CD第2册\34\周吉荪-潇湘水云.wav,12299875,14941795,278.909,338.816
c42cdc04b472c384_007.flac,train,潇湘水云,周吉荪,CD第2册\34\周吉荪-潇湘水云.wav,14759849,17401769,334.69,394.598
c42cdc04b472c384_008.flac,train,潇湘水云,周吉荪,CD第2册\34\周吉荪-潇湘水云.wav,17219824,19861744,390.472,450.38
c42cdc04b472c384_009.flac,train,潇湘水云,周吉荪,CD第2册\34\周吉荪-潇湘水云.wav,19679799,22321719,446.254,506.161
c42cdc04b472c384_010.flac,train,潇湘水云,周吉荪,CD第2册\34\周吉荪-潇湘水云.wav,22139774,24781694,502.036,561.943
c42cdc04b472c384_011.flac,train,潇湘水云,周吉荪,CD第2册\34\周吉荪-潇湘水云.wav,24599749,27241669,557.817,617.725
c42cdc04b472c384_012.flac,train,潇湘水云,周吉荪,CD第2册\34\周吉荪-潇湘水云.wav,27059724,29701644,613.599,673.507
f5015939d87c271d_001.flac,train,良宵引,周吉荪,CD第2册\34\周吉荪-良宵引.wav,0,2641920,0.0,59.907
f5015939d87c271d_002.flac,train,良宵引,周吉荪,CD第2册\34\周吉荪-良宵引.wav,1832190,4474110,41.546,101.454
f5015939d87c271d_003.flac,train,良宵引,周吉荪,CD第2册\34\周吉荪-良宵引.wav,3664380,6306300,83.093,143.0
ffe1f51f2596638d_001.flac,train,佩兰1,喻绍泽,CD第2册\37\喻绍泽-佩兰1.wav,0,2641920,0.0,59.907
ffe1f51f2596638d_002.flac,train,佩兰1,喻绍泽,CD第2册\37\喻绍泽-佩兰1.wav,2332298,4974218,52.887,112.794
ffe1f51f2596638d_003.flac,train,佩兰1,喻绍泽,CD第2册\37\喻绍泽-佩兰1.wav,4664595,7306515,105.773,165.681
ffe1f51f2596638d_004.flac,train,佩兰1,喻绍泽,CD第2册\37\喻绍泽-佩兰1.wav,6996892,9638812,158.66,218.567
ffe1f51f2596638d_005.flac,train,佩兰1,喻绍泽,CD第2册\37\喻绍泽-佩兰1.wav,9329190,11971110,211.546,271.454
ffe1f51f2596638d_006.flac,train,佩兰1,喻绍泽,CD第2册\37\喻绍泽-佩兰1.wav,11661488,14303408,264.433,324.34
ffe1f51f2596638d_007.flac,train,佩兰1,喻绍泽,CD第2册\37\喻绍泽-佩兰1.wav,13993785,16635705,317.319,377.227
ffe1f51f2596638d_008.flac,train,佩兰1,喻绍泽,CD第2册\37\喻绍泽-佩兰1.wav,16326082,18968002,370.206,430.113
ffe1f51f2596638d_009.flac,train,佩兰1,喻绍泽,CD第2册\37\喻绍泽-佩兰1.wav,18658380,21300300,423.093,483.0
36d0a9b48c08c5b9_001.flac,train,佩兰2,喻绍泽,CD第2册\37\喻绍泽-佩兰2.wav,0,2641920,0.0,59.907
36d0a9b48c08c5b9_002.flac,train,佩兰2,喻绍泽,CD第2册\37\喻绍泽-佩兰2.wav,2452102,5094022,55.603,115.511
36d0a9b48c08c5b9_003.flac,train,佩兰2,喻绍泽,CD第2册\37\喻绍泽-佩兰2.wav,4904205,7546125,111.206,171.114
36d0a9b48c08c5b9_004.flac,train,佩兰2,喻绍泽,CD第2册\37\喻绍泽-佩兰2.wav,7356308,9998228,166.81,226.717
36d0a9b48c08c5b9_005.flac,train,佩兰2,喻绍泽,CD第2册\37\喻绍泽-佩兰2.wav,9808410,12450330,222.413,282.32
36d0a9b48c08c5b9_006.flac,train,佩兰2,喻绍泽,CD第2册\37\喻绍泽-佩兰2.wav,12260512,14902432,278.016,337.924
36d0a9b48c08c5b9_007.flac,train,佩兰2,喻绍泽,CD第2册\37\喻绍泽-佩兰2.wav,14712615,17354535,333.619,393.527
36d0a9b48c08c5b9_008.flac,train,佩兰2,喻绍泽,CD第2册\37\喻绍泽-佩兰2.wav,17164718,19806638,389.223,449.13
36d0a9b48c08c5b9_009.flac,train,佩兰2,喻绍泽,CD第2册\37\喻绍泽-佩兰2.wav,19616820,22258740,444.826,504.733
970adcb6bb619215_001.flac,train,平沙落雁,喻绍泽,CD第2册\37\喻绍泽-平沙落雁.wav,0,2641920,0.0,59.907
970adcb6bb619215_002.flac,train,平沙落雁,喻绍泽,CD第2册\37\喻绍泽-平沙落雁.wav,2115970,4757890,47.981,107.889
970adcb6bb619215_003.flac,train,平沙落雁,喻绍泽,CD第2册\37\喻绍泽-平沙落雁.wav,4231939,6873859,95.962,155.87
970adcb6bb619215_004.flac,train,平沙落雁,喻绍泽,CD第2册\37\喻绍泽-平沙落雁.wav,6347909,8989829,143.944,203.851
970adcb6bb619215_005.flac,train,平沙落雁,喻绍泽,CD第2册\37\喻绍泽-平沙落雁.wav,8463878,11105798,191.925,251.832
970adcb6bb619215_006.flac,train,平沙落雁,喻绍泽,CD第2册\37\喻绍泽-平沙落雁.wav,10579848,13221768,239.906,299.813
f5c790eda091e570_001.flac,train,普庵咒,喻绍泽,CD第2册\37\喻绍泽-普庵咒.wav,0,2641920,0.0,59.907
f5c790eda091e570_002.flac,train,普庵咒,喻绍泽,CD第2册\37\喻绍泽-普庵咒.wav,2276227,4918147,51.615,111.523
f5c790eda091e570_003.flac,train,普庵咒,喻绍泽,CD第2册\37\喻绍泽-普庵咒.wav,4552454,7194374,103.23,163.138
f5c790eda091e570_004.flac,train,普庵咒,喻绍泽,CD第2册\37\喻绍泽-普庵咒.wav,6828681,9470601,154.845,214.753
f5c790eda091e570_005.flac,train,普庵咒,喻绍泽,CD第2册\37\喻绍泽-普庵咒.wav,9104907,11746827,206.46,266.368
f5c790eda091e570_006.flac,train,普庵咒,喻绍泽,CD第2册\37\喻绍泽-普庵咒.wav,11381134,14023054,258.076,317.983
f5c790eda091e570_007.flac,train,普庵咒,喻绍泽,CD第2册\37\喻绍泽-普庵咒.wav,13657361,16299281,309.691,369.598
f5c790eda091e570_008.flac,train,普庵咒,喻绍泽,CD第2册\37\喻绍泽-普庵咒.wav,15933588,18575508,361.306,421.213
fe895efd7d95e4f8_001.flac,train,梅花三弄,喻绍泽,CD第2册\37\喻绍泽-梅花三弄.wav,0,2641920,0.0,59.907
fe895efd7d95e4f8_002.flac,train,梅花三弄,喻绍泽,CD第2册\37\喻绍泽-梅花三弄.wav,2376984,5018904,53.9,113.807
fe895efd7d95e4f8_003.flac,train,梅花三弄,喻绍泽,CD第2册\37\喻绍泽-梅花三弄.wav,4753968,7395888,107.8,167.707
fe895efd7d95e4f8_004.flac,train,梅花三弄,喻绍泽,CD第2册\37\喻绍泽-梅花三弄.wav,7130952,9772872,161.7,221.607
fe895efd7d95e4f8_005.flac,train,梅花三弄,喻绍泽,CD第2册\37\喻绍泽-梅花三弄.wav,9507936,12149856,215.599,275.507
fe895efd7d95e4f8_006.flac,train,梅花三弄,喻绍泽,CD第2册\37\喻绍泽-梅花三弄.wav,11884920,14526840,269.499,329.407
fe895efd7d95e4f8_007.flac,train,梅花三弄,喻绍泽,CD第2册\37\喻绍泽-梅花三弄.wav,14261904,16903824,323.399,383.307
6e3a42ce68dcea41_001.flac,train,秋鸿,喻绍泽,CD第2册\37\喻绍泽-秋鸿.wav,0,2641920,0.0,59.907
6e3a42ce68dcea41_002.flac,train,秋鸿,喻绍泽,CD第2册\37\喻绍泽-秋鸿.wav,2579590,5221510,58.494,118.402
6e3a42ce68dcea41_003.flac,train,秋鸿,喻绍泽,CD第2册\37\喻绍泽-秋鸿.wav,5159181,7801101,116.988,176.896
6e3a42ce68dcea41_004.flac,train,秋鸿,喻绍泽,CD第2册\37\喻绍泽-秋鸿.wav,7738772,10380692,175.482,235.39
6e3a42ce68dcea41_005.flac,train,秋鸿,喻绍泽,CD第2册\37\喻绍泽-秋鸿.wav,10318362,12960282,233.976,293.884
6e3a42ce68dcea41_006.flac,train,秋鸿,喻绍泽,CD第2册\37\喻绍泽-秋鸿.wav,12897952,15539872,292.471,352.378
6e3a42ce68dcea41_007.flac,train,秋鸿,喻绍泽,CD第2册\37\喻绍泽-秋鸿.wav,15477543,18119463,350.965,410.872
6e3a42ce68dcea41_008.flac,train,秋鸿,喻绍泽,CD第2册\37\喻绍泽-秋鸿.wav,18057134,20699054,409.459,469.366
6e3a42ce68dcea41_009.flac,train,秋鸿,喻绍泽,CD第2册\37\喻绍泽-秋鸿.wav,20636724,23278644,467.953,527.86
6e3a42ce68dcea41_010.flac,train,秋鸿,喻绍泽,CD第2册\37\喻绍泽-秋鸿.wav,23216314,25858234,526.447,586.355
6e3a42ce68dcea41_011.flac,train,秋鸿,喻绍泽,CD第2册\37\喻绍泽-秋鸿.wav,25795905,28437825,584.941,644.849
6e3a42ce68dcea41_012.flac,train,秋鸿,喻绍泽,CD第2册\37\喻绍泽-秋鸿.wav,28375496,31017416,643.435,703.343
6e3a42ce68dcea41_013.flac,train,秋鸿,喻绍泽,CD第2册\37\喻绍泽-秋鸿.wav,30955086,33597006,701.929,761.837
6e3a42ce68dcea41_014.flac,train,秋鸿,喻绍泽,CD第2册\37\喻绍泽-秋鸿.wav,33534676,36176596,760.423,820.331
6e3a42ce68dcea41_015.flac,train,秋鸿,喻绍泽,CD第2册\37\喻绍泽-秋鸿.wav,36114267,38756187,818.918,878.825
6e3a42ce68dcea41_016.flac,train,秋鸿,喻绍泽,CD第2册\37\喻绍泽-秋鸿.wav,38693858,41335778,877.412,937.319
6e3a42ce68dcea41_017.flac,train,秋鸿,喻绍泽,CD第2册\37\喻绍泽-秋鸿.wav,41273448,43915368,935.906,995.813
6a0654fdf72d9ca3_001.flac,train,平沙落雁,夏一峰,CD第1册\CD02\夏一峰-平沙落雁.wav,0,2641920,0.0,59.907
6a0654fdf72d9ca3_002.flac,train,平沙落雁,夏一峰,CD第1册\CD02\夏一峰-平沙落雁.wav,2492191,5134111,56.512,116.42
6a0654fdf72d9ca3_003.flac,train,平沙落雁,夏一峰,CD第1册\CD02\夏一峰-平沙落雁.wav,4984382,7626302,113.025,172.932
6a0654fdf72d9ca3_004.flac,train,平沙落雁,夏一峰,CD第1册\CD02\夏一峰-平沙落雁.wav,7476573,10118493,169.537,229.444
6a0654fdf72d9ca3_005.flac,train,平沙落雁,夏一峰,CD第1册\CD02\夏一峰-平沙落雁.wav,9968763,12610683,226.049,285.957
6a0654fdf72d9ca3_006.flac,train,平沙落雁,夏一峰,CD第1册\CD02\夏一峰-平沙落雁.wav,12460954,15102874,282.561,342.469
6a0654fdf72d9ca3_007.flac,train,平沙落雁,夏一峰,CD第1册\CD02\夏一峰-平沙落雁.wav,14953145,17595065,339.074,398.981
6a0654fdf72d9ca3_008.flac,train,平沙落雁,夏一峰,CD第1册\CD02\夏一峰-平沙落雁.wav,17445336,20087256,395.586,455.493
aadbaacaef2f6e96_001.flac,train,秋塞吟,夏一峰,CD第1册\CD02\夏一峰-秋塞吟.wav,0,2641920,0.0,59.907
aadbaacaef2f6e96_002.flac,train,秋塞吟,夏一峰,CD第1册\CD02\夏一峰-秋塞吟.wav,2392788,5034708,54.258,114.166
aadbaacaef2f6e96_003.flac,train,秋塞吟,夏一峰,CD第1册\CD02\夏一峰-秋塞吟.wav,4785576,7427496,108.516,168.424
aadbaacaef2f6e96_004.flac,train,秋塞吟,夏一峰,CD第1册\CD02\夏一峰-秋塞吟.wav,7178364,9820284,162.775,222.682
aadbaacaef2f6e96_005.flac,train,秋塞吟,夏一峰,CD第1册\CD02\夏一峰-秋塞吟.wav,9571152,12213072,217.033,276.94
aadbaacaef2f6e96_006.flac,train,秋塞吟,夏一峰,CD第1册\CD02\夏一峰-秋塞吟.wav,11963940,14605860,271.291,331.199
aadbaacaef2f6e96_007.flac,train,秋塞吟,夏一峰,CD第1册\CD02\夏一峰-秋塞吟.wav,14356728,16998648,325.549,385.457
aadbaacaef2f6e96_008.flac,train,秋塞吟,夏一峰,CD第1册\CD02\夏一峰-秋塞吟.wav,16749516,19391436,379.808,439.715
aadbaacaef2f6e96_009.flac,train,秋塞吟,夏一峰,CD第1册\CD02\夏一峰-秋塞吟.wav,19142304,21784224,434.066,493.973
3f14d574a11c58c3_001.flac,train,良宵引,夏一峰,CD第1册\CD02\夏一峰-良宵引.wav,0,2641920,0.0,59.907
3f14d574a11c58c3_002.flac,train,良宵引,夏一峰,CD第1册\CD02\夏一峰-良宵引.wav,2422248,5064168,54.926,114.834
3f14d574a11c58c3_003.flac,train,良宵引,夏一峰,CD第1册\CD02\夏一峰-良宵引.wav,4844496,7486416,109.853,169.76
7953d4b4c699315c_001.flac,train,静观吟1,夏一峰,CD第1册\CD02\夏一峰-静观吟1.wav,0,2641920,0.0,59.907
7953d4b4c699315c_002.flac,train,静观吟1,夏一峰,CD第1册\CD02\夏一峰-静观吟1.wav,2395788,5037708,54.326,114.234
7953d4b4c699315c_003.flac,train,静观吟1,夏一峰,CD第1册\CD02\夏一峰-静观吟1.wav,4791576,7433496,108.653,168.56
aaed89dc3ed1a058_001.flac,train,静观吟2,夏一峰,CD第1册\CD02\夏一峰-静观吟2.wav,0,2641920,0.0,59.907
aaed89dc3ed1a058_002.flac,train,静观吟2,夏一峰,CD第1册\CD02\夏一峰-静观吟2.wav,1978020,4619940,44.853,104.761
aaed89dc3ed1a058_003.flac,train,静观吟2,夏一峰,CD第1册\CD02\夏一峰-静观吟2.wav,3956040,6597960,89.706,149.614
aaed89dc3ed1a058_004.flac,train,静观吟2,夏一峰,CD第1册\CD02\夏一峰-静观吟2.wav,5934060,8575980,134.559,194.467
f0ef6d867d629b19_001.flac,train,春山听杜鹃,夏莲居,CD第1册\CD04\夏莲居-春山听杜鹃.wav,0,2641920,0.0,59.907
f0ef6d867d629b19_002.flac,train,春山听杜鹃,夏莲居,CD第1册\CD04\夏莲居-春山听杜鹃.wav,2166185,4808105,49.12,109.027
f0ef6d867d629b19_003.flac,train,春山听杜鹃,夏莲居,CD第1册\CD04\夏莲居-春山听杜鹃.wav,4332370,6974290,98.24,158.147
f0ef6d867d629b19_004.flac,train,春山听杜鹃,夏莲居,CD第1册\CD04\夏莲居-春山听杜鹃.wav,6498554,9140474,147.36,207.267
f0ef6d867d629b19_005.flac,train,春山听杜鹃,夏莲居,CD第1册\CD04\夏莲居-春山听杜鹃.wav,8664739,11306659,196.479,256.387
f0ef6d867d629b19_006.flac,train,春山听杜鹃,夏莲居,CD第1册\CD04\夏莲居-春山听杜鹃.wav,10830924,13472844,245.599,305.507
629cd9f1b0cd075e_001.flac,validation,秋江夜泊,夏莲居,CD第1册\CD04\夏莲居-秋江夜泊.wav,0,2641920,0.0,59.907
629cd9f1b0cd075e_002.flac,validation,秋江夜泊,夏莲居,CD第1册\CD04\夏莲居-秋江夜泊.wav,1810140,4452060,41.046,100.954
629cd9f1b0cd075e_003.flac,validation,秋江夜泊,夏莲居,CD第1册\CD04\夏莲居-秋江夜泊.wav,3620280,6262200,82.093,142.0
7e0cfdb87f9e9be9_001.flac,train,长安一片月,夏莲居,CD第1册\CD04\夏莲居-长安一片月.wav,0,2641920,0.0,59.907
7e0cfdb87f9e9be9_002.flac,train,长安一片月,夏莲居,CD第1册\CD04\夏莲居-长安一片月.wav,2498155,5140075,56.648,116.555
7e0cfdb87f9e9be9_003.flac,train,长安一片月,夏莲居,CD第1册\CD04\夏莲居-长安一片月.wav,4996310,7638230,113.295,173.202
7e0cfdb87f9e9be9_004.flac,train,长安一片月,夏莲居,CD第1册\CD04\夏莲居-长安一片月.wav,7494465,10136385,169.943,229.85
7e0cfdb87f9e9be9_005.flac,train,长安一片月,夏莲居,CD第1册\CD04\夏莲居-长安一片月.wav,9992619,12634539,226.59,286.497
7e0cfdb87f9e9be9_006.flac,train,长安一片月,夏莲居,CD第1册\CD04\夏莲居-长安一片月.wav,12490774,15132694,283.238,343.145
7e0cfdb87f9e9be9_007.flac,train,长安一片月,夏莲居,CD第1册\CD04\夏莲居-长安一片月.wav,14988929,17630849,339.885,399.792
7e0cfdb87f9e9be9_008.flac,train,长安一片月,夏莲居,CD第1册\CD04\夏莲居-长安一片月.wav,17487084,20129004,396.533,456.44
5f22f0b87997e829_001.flac,train,风入松,夏莲居,CD第1册\CD04\夏莲居-风入松.wav,0,2641920,0.0,59.907
5f22f0b87997e829_002.flac,train,风入松,夏莲居,CD第1册\CD04\夏莲居-风入松.wav,1966254,4608174,44.586,104.494
5f22f0b87997e829_003.flac,train,风入松,夏莲居,CD第1册\CD04\夏莲居-风入松.wav,3932508,6574428,89.173,149.08
ed99d0efe0edfe7d_001.flac,train,华胥引1,姚丙炎,CD第4册\67\姚丙炎-华胥引1.wav,0,2641920,0.0,59.907
ed99d0efe0edfe7d_002.flac,train,华胥引1,姚丙炎,CD第4册\67\姚丙炎-华胥引1.wav,1457340,4099260,33.046,92.954
ed99d0efe0edfe7d_003.flac,train,华胥引1,姚丙炎,CD第4册\67\姚丙炎-华胥引1.wav,2914680,5556600,66.093,126.0
97b7d11491ce5789_001.flac,train,胡笳十八拍1,姚丙炎,CD第4册\67\姚丙炎-胡笳十八拍1.wav,0,2641920,0.0,59.907
97b7d11491ce5789_002.flac,train,胡笳十八拍1,姚丙炎,CD第4册\67\姚丙炎-胡笳十八拍1.wav,2559758,5201678,58.044,117.952
97b7d11491ce5789_003.flac,train,胡笳十八拍1,姚丙炎,CD第4册\67\姚丙炎-胡笳十八拍1.wav,5119515,7761435,116.089,175.996
97b7d11491ce5789_004.flac,train,胡笳十八拍1,姚丙炎,CD第4册\67\姚丙炎-胡笳十八拍1.wav,7679273,10321193,174.133,234.041
97b7d11491ce5789_005.flac,train,胡笳十八拍1,姚丙炎,CD第4册\67\姚丙炎-胡笳十八拍1.wav,10239030,12880950,232.178,292.085
97b7d11491ce5789_006.flac,train,胡笳十八拍1,姚丙炎,CD第4册\67\姚丙炎-胡笳十八拍1.wav,12798788,15440708,290.222,350.129
97b7d11491ce5789_007.flac,train,胡笳十八拍1,姚丙炎,CD第4册\67\姚丙炎-胡笳十八拍1.wav,15358546,18000466,348.266,408.174
97b7d11491ce5789_008.flac,train,胡笳十八拍1,姚丙炎,CD第4册\67\姚丙炎-胡笳十八拍1.wav,17918303,20560223,406.311,466.218
97b7d11491ce5789_009.flac,train,胡笳十八拍1,姚丙炎,CD第4册\67\姚丙炎-胡笳十八拍1.wav,20478061,23119981,464.355,524.263
97b7d11491ce5789_010.flac,train,胡笳十八拍1,姚丙炎,CD第4册\67\姚丙炎-胡笳十八拍1.wav,23037818,25679738,522.4,582.307
97b7d11491ce5789_011.flac,train,胡笳十八拍1,姚丙炎,CD第4册\67\姚丙炎-胡笳十八拍1.wav,25597576,28239496,580.444,640.351
97b7d11491ce5789_012.flac,train,胡笳十八拍1,姚丙炎,CD第4册\67\姚丙炎-胡笳十八拍1.wav,28157334,30799254,638.488,698.396
97b7d11491ce5789_013.flac,train,胡笳十八拍1,姚丙炎,CD第4册\67\姚丙炎-胡笳十八拍1.wav,30717091,33359011,696.533,756.44
97b7d11491ce5789_014.flac,train,胡笳十八拍1,姚丙炎,CD第4册\67\姚丙炎-胡笳十八拍1.wav,33276849,35918769,754.577,814.485
97b7d11491ce5789_015.flac,train,胡笳十八拍1,姚丙炎,CD第4册\67\姚丙炎-胡笳十八拍1.wav,35836606,38478526,812.621,872.529
97b7d11491ce5789_016.flac,train,胡笳十八拍1,姚丙炎,CD第4册\67\姚丙炎-胡笳十八拍1.wav,38396364,41038284,870.666,930.573
cb4abccb40fad23d_001.flac,train,胡笳十八拍2,姚丙炎,CD第4册\67\姚丙炎-胡笳十八拍2.wav,0,2641920,0.0,59.907
cb4abccb40fad23d_002.flac,train,胡笳十八拍2,姚丙炎,CD第4册\67\姚丙炎-胡笳十八拍2.wav,2563952,5205872,58.14,118.047
cb4abccb40fad23d_003.flac,train,胡笳十八拍2,姚丙炎,CD第4册\67\姚丙炎-胡笳十八拍2.wav,5127904,7769824,116.279,176.186
cb4abccb40fad23d_004.flac,train,胡笳十八拍2,姚丙炎,CD第4册\67\姚丙炎-胡笳十八拍2.wav,7691856,10333776,174.419,234.326
cb4abccb40fad23d_005.flac,train,胡笳十八拍2,姚丙炎,CD第4册\67\姚丙炎-胡笳十八拍2.wav,10255808,12897728,232.558,292.465
cb4abccb40fad23d_006.flac,train,胡笳十八拍2,姚丙炎,CD第4册\67\姚丙炎-胡笳十八拍2.wav,12819760,15461680,290.698,350.605
cb4abccb40fad23d_007.flac,train,胡笳十八拍2,姚丙炎,CD第4册\67\姚丙炎-胡笳十八拍2.wav,15383712,18025632,348.837,408.744
cb4abccb40fad23d_008.flac,train,胡笳十八拍2,姚丙炎,CD第4册\67\姚丙炎-胡笳十八拍2.wav,17947664,20589584,406.977,466.884
cb4abccb40fad23d_009.flac,train,胡笳十八拍2,姚丙炎,CD第4册\67\姚丙炎-胡笳十八拍2.wav,20511616,23153536,465.116,525.023
cb4abccb40fad23d_010.flac,train,胡笳十八拍2,姚丙炎,CD第4册\67\姚丙炎-胡笳十八拍2.wav,23075568,25717488,523.256,583.163
cb4abccb40fad23d_011.flac,train,胡笳十八拍2,姚丙炎,CD第4册\67\姚丙炎-胡笳十八拍2.wav,25639520,28281440,581.395,641.302
cb4abccb40fad23d_012.flac,train,胡笳十八拍2,姚丙炎,CD第4册\67\姚丙炎-胡笳十八拍2.wav,28203472,30845392,639.535,699.442
cb4abccb40fad23d_013.flac,train,胡笳十八拍2,姚丙炎,CD第4册\67\姚丙炎-胡笳十八拍2.wav,30767424,33409344,697.674,757.581
cb4abccb40fad23d_014.flac,train,胡笳十八拍2,姚丙炎,CD第4册\67\姚丙炎-胡笳十八拍2.wav,33331376,35973296,755.814,815.721
cb4abccb40fad23d_015.flac,train,胡笳十八拍2,姚丙炎,CD第4册\67\姚丙炎-胡笳十八拍2.wav,35895328,38537248,813.953,873.86
cb4abccb40fad23d_016.flac,train,胡笳十八拍2,姚丙炎,CD第4册\67\姚丙炎-胡笳十八拍2.wav,38459280,41101200,872.093,932.0
45f83dc474b69407_001.flac,train,酒狂2,姚丙炎,CD第4册\67\姚丙炎-酒狂2.wav,0,2641920,0.0,59.907
45f83dc474b69407_002.flac,train,酒狂2,姚丙炎,CD第4册\67\姚丙炎-酒狂2.wav,1408830,4050750,31.946,91.854
45f83dc474b69407_003.flac,train,酒狂2,姚丙炎,CD第4册\67\姚丙炎-酒狂2.wav,2817660,5459580,63.893,123.8
8ae2e85385f08b33_001.flac,train,酒狂3,姚丙炎,CD第4册\67\姚丙炎-酒狂3.wav,0,2641920,0.0,59.907
8ae2e85385f08b33_002.flac,train,酒狂3,姚丙炎,CD第4册\67\姚丙炎-酒狂3.wav,1698126,4340046,38.506,98.414
8ae2e85385f08b33_003.flac,train,酒狂3,姚丙炎,CD第4册\67\姚丙炎-酒狂3.wav,3396252,6038172,77.013,136.92
0fd0088e44c297cd_001.flac,train,太古引,孙毓芹,CD第4册\59\孙毓芹-太古引.wav,0,2641920,0.0,59.907
0fd0088e44c297cd_002.flac,train,太古引,孙毓芹,CD第4册\59\孙毓芹-太古引.wav,1506438,4148358,34.16,94.067
0fd0088e44c297cd_003.flac,train,太古引,孙毓芹,CD第4册\59\孙毓芹-太古引.wav,3012876,5654796,68.319,128.227
5d48c1f7db0bae3d_001.flac,validation,归去来辞,孙毓芹,CD第4册\59\孙毓芹-归去来辞.wav,0,2641920,0.0,59.907
5d48c1f7db0bae3d_002.flac,validation,归去来辞,孙毓芹,CD第4册\59\孙毓芹-归去来辞.wav,2141680,4783600,48.564,108.472
5d48c1f7db0bae3d_003.flac,validation,归去来辞,孙毓芹,CD第4册\59\孙毓芹-归去来辞.wav,4283360,6925280,97.128,157.036
5d48c1f7db0bae3d_004.flac,validation,归去来辞,孙毓芹,CD第4册\59\孙毓芹-归去来辞.wav,6425040,9066960,145.693,205.6
fa394a2e53f4d0d0_001.flac,train,梅花三弄,孙毓芹,CD第4册\59\孙毓芹-梅花三弄.wav,0,2641920,0.0,59.907
fa394a2e53f4d0d0_002.flac,train,梅花三弄,孙毓芹,CD第4册\59\孙毓芹-梅花三弄.wav,2550823,5192743,57.842,117.749
fa394a2e53f4d0d0_003.flac,train,梅花三弄,孙毓芹,CD第4册\59\孙毓芹-梅花三弄.wav,5101646,7743566,115.684,175.591
fa394a2e53f4d0d0_004.flac,train,梅花三弄,孙毓芹,CD第4册\59\孙毓芹-梅花三弄.wav,7652469,10294389,173.525,233.433
fa394a2e53f4d0d0_005.flac,train,梅花三弄,孙毓芹,CD第4册\59\孙毓芹-梅花三弄.wav,10203291,12845211,231.367,291.275
fa394a2e53f4d0d0_006.flac,train,梅花三弄,孙毓芹,CD第4册\59\孙毓芹-梅花三弄.wav,12754114,15396034,289.209,349.116
fa394a2e53f4d0d0_007.flac,train,梅花三弄,孙毓芹,CD第4册\59\孙毓芹-梅花三弄.wav,15304937,17946857,347.051,406.958
fa394a2e53f4d0d0_008.flac,train,梅花三弄,孙毓芹,CD第4册\59\孙毓芹-梅花三弄.wav,17855760,20497680,404.893,464.8
3adad5b63c0116df_001.flac,train,梧叶舞秋风1,孙毓芹,CD第4册\59\孙毓芹-梧叶舞秋风1.wav,0,2641920,0.0,59.907
3adad5b63c0116df_002.flac,train,梧叶舞秋风1,孙毓芹,CD第4册\59\孙毓芹-梧叶舞秋风1.wav,2361004,5002924,53.538,113.445
3adad5b63c0116df_003.flac,train,梧叶舞秋风1,孙毓芹,CD第4册\59\孙毓芹-梧叶舞秋风1.wav,4722008,7363928,107.075,166.982
3adad5b63c0116df_004.flac,train,梧叶舞秋风1,孙毓芹,CD第4册\59\孙毓芹-梧叶舞秋风1.wav,7083012,9724932,160.613,220.52
bee1a84affffe3d9_001.flac,train,梧叶舞秋风2,孙毓芹,CD第4册\59\孙毓芹-梧叶舞秋风2.wav,0,2641920,0.0,59.907
bee1a84affffe3d9_002.flac,train,梧叶舞秋风2,孙毓芹,CD第4册\59\孙毓芹-梧叶舞秋风2.wav,2469784,5111704,56.004,115.912
bee1a84affffe3d9_003.flac,train,梧叶舞秋风2,孙毓芹,CD第4册\59\孙毓芹-梧叶舞秋风2.wav,4939568,7581488,112.008,171.916
bee1a84affffe3d9_004.flac,train,梧叶舞秋风2,孙毓芹,CD第4册\59\孙毓芹-梧叶舞秋风2.wav,7409352,10051272,168.013,227.92
d772fe8341317bbd_001.flac,train,欸乃-残,孙毓芹,CD第4册\59\孙毓芹-欸乃-残.wav,0,2641920,0.0,59.907
d772fe8341317bbd_002.flac,train,欸乃-残,孙毓芹,CD第4册\59\孙毓芹-欸乃-残.wav,2463478,5105398,55.861,115.769
d772fe8341317bbd_003.flac,train,欸乃-残,孙毓芹,CD第4册\59\孙毓芹-欸乃-残.wav,4926955,7568875,111.722,171.63
d772fe8341317bbd_004.flac,train,欸乃-残,孙毓芹,CD第4册\59\孙毓芹-欸乃-残.wav,7390433,10032353,167.584,227.491
d772fe8341317bbd_005.flac,train,欸乃-残,孙毓芹,CD第4册\59\孙毓芹-欸乃-残.wav,9853910,12495830,223.445,283.352
d772fe8341317bbd_006.flac,train,欸乃-残,孙毓芹,CD第4册\59\孙毓芹-欸乃-残.wav,12317388,14959308,279.306,339.213
d60c7a3aa6680406_001.flac,train,湘江怨,孙毓芹,CD第4册\59\孙毓芹-湘江怨.wav,0,2641920,0.0,59.907
d60c7a3aa6680406_002.flac,train,湘江怨,孙毓芹,CD第4册\59\孙毓芹-湘江怨.wav,1837684,4479604,41.671,101.578
d60c7a3aa6680406_003.flac,train,湘江怨,孙毓芹,CD第4册\59\孙毓芹-湘江怨.wav,3675368,6317288,83.342,143.249
d60c7a3aa6680406_004.flac,train,湘江怨,孙毓芹,CD第4册\59\孙毓芹-湘江怨.wav,5513052,8154972,125.013,184.92
9453a5a78b6263c5_001.flac,train,墨子悲丝,徐元白,CD第1册\CD09\徐元白-墨子悲丝.wav,0,2641920,0.0,59.907
9453a5a78b6263c5_002.flac,train,墨子悲丝,徐元白,CD第1册\CD09\徐元白-墨子悲丝.wav,2467161,5109081,55.945,115.852
9453a5a78b6263c5_003.flac,train,墨子悲丝,徐元白,CD第1册\CD09\徐元白-墨子悲丝.wav,4934323,7576243,111.889,171.797
9453a5a78b6263c5_004.flac,train,墨子悲丝,徐元白,CD第1册\CD09\徐元白-墨子悲丝.wav,7401484,10043404,167.834,227.742
9453a5a78b6263c5_005.flac,train,墨子悲丝,徐元白,CD第1册\CD09\徐元白-墨子悲丝.wav,9868646,12510566,223.779,283.686
9453a5a78b6263c5_006.flac,train,墨子悲丝,徐元白,CD第1册\CD09\徐元白-墨子悲丝.wav,12335807,14977727,279.724,339.631
9453a5a78b6263c5_007.flac,train,墨子悲丝,徐元白,CD第1册\CD09\徐元白-墨子悲丝.wav,14802969,17444889,335.668,395.576
9453a5a78b6263c5_008.flac,train,墨子悲丝,徐元白,CD第1册\CD09\徐元白-墨子悲丝.wav,17270130,19912050,391.613,451.52
9453a5a78b6263c5_009.flac,train,墨子悲丝,徐元白,CD第1册\CD09\徐元白-墨子悲丝.wav,19737291,22379211,447.558,507.465
9453a5a78b6263c5_010.flac,train,墨子悲丝,徐元白,CD第1册\CD09\徐元白-墨子悲丝.wav,22204453,24846373,503.502,563.41
9453a5a78b6263c5_011.flac,train,墨子悲丝,徐元白,CD第1册\CD09\徐元白-墨子悲丝.wav,24671614,27313534,559.447,619.355
9453a5a78b6263c5_012.flac,train,墨子悲丝,徐元白,CD第1册\CD09\徐元白-墨子悲丝.wav,27138776,29780696,615.392,675.299
9453a5a78b6263c5_013.flac,train,墨子悲丝,徐元白,CD第1册\CD09\徐元白-墨子悲丝.wav,29605937,32247857,671.336,731.244
9453a5a78b6263c5_014.flac,train,墨子悲丝,徐元白,CD第1册\CD09\徐元白-墨子悲丝.wav,32073099,34715019,727.281,787.189
9453a5a78b6263c5_015.flac,train,墨子悲丝,徐元白,CD第1册\CD09\徐元白-墨子悲丝.wav,34540260,37182180,783.226,843.133
7744a9073925181f_001.flac,train,西泠话雨,徐元白,CD第1册\CD09\徐元白-西泠话雨.wav,0,2641920,0.0,59.907
7744a9073925181f_002.flac,train,西泠话雨,徐元白,CD第1册\CD09\徐元白-西泠话雨.wav,2218164,4860084,50.299,110.206
7744a9073925181f_003.flac,train,西泠话雨,徐元白,CD第1册\CD09\徐元白-西泠话雨.wav,4436328,7078248,100.597,160.504
7744a9073925181f_004.flac,train,西泠话雨,徐元白,CD第1册\CD09\徐元白-西泠话雨.wav,6654492,9296412,150.896,210.803
7744a9073925181f_005.flac,train,西泠话雨,徐元白,CD第1册\CD09\徐元白-西泠话雨.wav,8872656,11514576,201.194,261.101
7744a9073925181f_006.flac,train,西泠话雨,徐元白,CD第1册\CD09\徐元白-西泠话雨.wav,11090820,13732740,251.493,311.4
9c2d0f01315840ca_001.flac,train,高山,徐元白,CD第1册\CD09\徐元白-高山.wav,0,2641920,0.0,59.907
9c2d0f01315840ca_002.flac,train,高山,徐元白,CD第1册\CD09\徐元白-高山.wav,2558123,5200043,58.007,117.915
9c2d0f01315840ca_003.flac,train,高山,徐元白,CD第1册\CD09\徐元白-高山.wav,5116245,7758165,116.015,175.922
9c2d0f01315840ca_004.flac,train,高山,徐元白,CD第1册\CD09\徐元白-高山.wav,7674368,10316288,174.022,233.929
9c2d0f01315840ca_005.flac,train,高山,徐元白,CD第1册\CD09\徐元白-高山.wav,10232491,12874411,232.029,291.937
9c2d0f01315840ca_006.flac,train,高山,徐元白,CD第1册\CD09\徐元白-高山.wav,12790613,15432533,290.037,349.944
9c2d0f01315840ca_007.flac,train,高山,徐元白,CD第1册\CD09\徐元白-高山.wav,15348736,17990656,348.044,407.951
9c2d0f01315840ca_008.flac,train,高山,徐元白,CD第1册\CD09\徐元白-高山.wav,17906859,20548779,406.051,465.959
9c2d0f01315840ca_009.flac,train,高山,徐元白,CD第1册\CD09\徐元白-高山.wav,20464981,23106901,464.059,523.966
9c2d0f01315840ca_010.flac,train,高山,徐元白,CD第1册\CD09\徐元白-高山.wav,23023104,25665024,522.066,581.973
ffae810e02d81ccb_001.flac,train,鸥鹭忘机,徐元白,CD第1册\CD09\徐元白-鸥鹭忘机.wav,0,2641920,0.0,59.907
ffae810e02d81ccb_002.flac,train,鸥鹭忘机,徐元白,CD第1册\CD09\徐元白-鸥鹭忘机.wav,2437018,5078938,55.261,115.169
ffae810e02d81ccb_003.flac,train,鸥鹭忘机,徐元白,CD第1册\CD09\徐元白-鸥鹭忘机.wav,4874035,7515955,110.522,170.43
ffae810e02d81ccb_004.flac,train,鸥鹭忘机,徐元白,CD第1册\CD09\徐元白-鸥鹭忘机.wav,7311053,9952973,165.784,225.691
ffae810e02d81ccb_005.flac,train,鸥鹭忘机,徐元白,CD第1册\CD09\徐元白-鸥鹭忘机.wav,9748070,12389990,221.045,280.952
ffae810e02d81ccb_006.flac,train,鸥鹭忘机,徐元白,CD第1册\CD09\徐元白-鸥鹭忘机.wav,12185088,14827008,276.306,336.213
ee5dd7717e41ab08_001.flac,validation,公社之春,徐立孙,CD第2册\20\徐立孙-公社之春.wav,0,2641920,0.0,59.907
ee5dd7717e41ab08_002.flac,validation,公社之春,徐立孙,CD第2册\20\徐立孙-公社之春.wav,2370020,5011940,53.742,113.649
ee5dd7717e41ab08_003.flac,validation,公社之春,徐立孙,CD第2册\20\徐立孙-公社之春.wav,4740040,7381960,107.484,167.391
ee5dd7717e41ab08_004.flac,validation,公社之春,徐立孙,CD第2册\20\徐立孙-公社之春.wav,7110060,9751980,161.226,221.133
71aaae451bc08f09_001.flac,validation,捣衣1,徐立孙,CD第2册\20\徐立孙-捣衣1.wav,0,2641920,0.0,59.907
71aaae451bc08f09_002.flac,validation,捣衣1,徐立孙,CD第2册\20\徐立孙-捣衣1.wav,2135491,4777411,48.424,108.331
71aaae451bc08f09_003.flac,validation,捣衣1,徐立孙,CD第2册\20\徐立孙-捣衣1.wav,4270982,6912902,96.848,156.755
71aaae451bc08f09_004.flac,validation,捣衣1,徐立孙,CD第2册\20\徐立孙-捣衣1.wav,6406474,9048394,145.272,205.179
71aaae451bc08f09_005.flac,validation,捣衣1,徐立孙,CD第2册\20\徐立孙-捣衣1.wav,8541965,11183885,193.695,253.603
71aaae451bc08f09_006.flac,validation,捣衣1,徐立孙,CD第2册\20\徐立孙-捣衣1.wav,10677456,13319376,242.119,302.027
ac40f3059435d37b_001.flac,validation,捣衣2,徐立孙,CD第2册\20\徐立孙-捣衣2.wav,0,2641920,0.0,59.907
ac40f3059435d37b_002.flac,validation,捣衣2,徐立孙,CD第2册\20\徐立孙-捣衣2.wav,2419966,5061886,54.875,114.782
ac40f3059435d37b_003.flac,validation,捣衣2,徐立孙,CD第2册\20\徐立孙-捣衣2.wav,4839931,7481851,109.749,169.656
ac40f3059435d37b_004.flac,validation,捣衣2,徐立孙,CD第2册\20\徐立孙-捣衣2.wav,7259897,9901817,164.624,224.531
ac40f3059435d37b_005.flac,validation,捣衣2,徐立孙,CD第2册\20\徐立孙-捣衣2.wav,9679862,12321782,219.498,279.405
ac40f3059435d37b_006.flac,validation,捣衣2,徐立孙,CD第2册\20\徐立孙-捣衣2.wav,12099828,14741748,274.373,334.28
ca0e29712ab3ecd4_001.flac,validation,捣衣3,徐立孙,CD第2册\20\徐立孙-捣衣3.wav,0,2641920,0.0,59.907
ca0e29712ab3ecd4_002.flac,validation,捣衣3,徐立孙,CD第2册\20\徐立孙-捣衣3.wav,2329296,4971216,52.819,112.726
ca0e29712ab3ecd4_003.flac,validation,捣衣3,徐立孙,CD第2册\20\徐立孙-捣衣3.wav,4658592,7300512,105.637,165.544
ca0e29712ab3ecd4_004.flac,validation,捣衣3,徐立孙,CD第2册\20\徐立孙-捣衣3.wav,6987888,9629808,158.456,218.363
ca0e29712ab3ecd4_005.flac,validation,捣衣3,徐立孙,CD第2册\20\徐立孙-捣衣3.wav,9317184,11959104,211.274,271.181
ca0e29712ab3ecd4_006.flac,validation,捣衣3,徐立孙,CD第2册\20\徐立孙-捣衣3.wav,11646480,14288400,264.093,324.0
133d6e163005b0b8_001.flac,train,长门怨1,徐立孙,CD第2册\20\徐立孙-长门怨1.wav,0,2641920,0.0,59.907
133d6e163005b0b8_002.flac,train,长门怨1,徐立孙,CD第2册\20\徐立孙-长门怨1.wav,2135996,4777916,48.435,108.343
133d6e163005b0b8_003.flac,train,长门怨1,徐立孙,CD第2册\20\徐立孙-长门怨1.wav,4271992,6913912,96.871,156.778
133d6e163005b0b8_004.flac,train,长门怨1,徐立孙,CD第2册\20\徐立孙-长门怨1.wav,6407988,9049908,145.306,205.213
322129db675dba9b_001.flac,train,长门怨2,徐立孙,CD第2册\20\徐立孙-长门怨2.wav,0,2641920,0.0,59.907
322129db675dba9b_002.flac,train,长门怨2,徐立孙,CD第2册\20\徐立孙-长门怨2.wav,2075236,4717156,47.058,106.965
322129db675dba9b_003.flac,train,长门怨2,徐立孙,CD第2册\20\徐立孙-长门怨2.wav,4150472,6792392,94.115,154.022
322129db675dba9b_004.flac,train,长门怨2,徐立孙,CD第2册\20\徐立孙-长门怨2.wav,6225708,8867628,141.173,201.08
c2ec9218f3536a04_001.flac,train,长门怨3,徐立孙,CD第2册\20\徐立孙-长门怨3.wav,0,2641920,0.0,59.907
c2ec9218f3536a04_002.flac,train,长门怨3,徐立孙,CD第2册\20\徐立孙-长门怨3.wav,1882960,4524880,42.698,102.605
c2ec9218f3536a04_003.flac,train,长门怨3,徐立孙,CD第2册\20\徐立孙-长门怨3.wav,3765920,6407840,85.395,145.302
c2ec9218f3536a04_004.flac,train,长门怨3,徐立孙,CD第2册\20\徐立孙-长门怨3.wav,5648880,8290800,128.093,188.0
0c7a8fc305bbf0f4_001.flac,train,风雷引,徐立孙,CD第2册\20\徐立孙-风雷引.wav,0,2641920,0.0,59.907
0c7a8fc305bbf0f4_002.flac,train,风雷引,徐立孙,CD第2册\20\徐立孙-风雷引.wav,1569060,4210980,35.58,95.487
0c7a8fc305bbf0f4_003.flac,train,风雷引,徐立孙,CD第2册\20\徐立孙-风雷引.wav,3138120,5780040,71.159,131.067
1020f007c2adc8bc_001.flac,train,挟仙游,朱惜辰,CD第4册\74\朱惜辰-挟仙游.wav,0,2641920,0.0,59.907
1020f007c2adc8bc_002.flac,train,挟仙游,朱惜辰,CD第4册\74\朱惜辰-挟仙游.wav,2214200,4856120,50.209,110.116
1020f007c2adc8bc_003.flac,train,挟仙游,朱惜辰,CD第4册\74\朱惜辰-挟仙游.wav,4428400,7070320,100.417,160.325
1020f007c2adc8bc_004.flac,train,挟仙游,朱惜辰,CD第4册\74\朱惜辰-挟仙游.wav,6642600,9284520,150.626,210.533
4e6016e6ff38f2c0_001.flac,train,搔首问天,朱惜辰,CD第4册\74\朱惜辰-搔首问天.wav,0,2641920,0.0,59.907
4e6016e6ff38f2c0_002.flac,train,搔首问天,朱惜辰,CD第4册\74\朱惜辰-搔首问天.wav,2223456,4865376,50.419,110.326
4e6016e6ff38f2c0_003.flac,train,搔首问天,朱惜辰,CD第4册\74\朱惜辰-搔首问天.wav,4446912,7088832,100.837,160.744
4e6016e6ff38f2c0_004.flac,train,搔首问天,朱惜辰,CD第4册\74\朱惜辰-搔首问天.wav,6670368,9312288,151.256,211.163
4e6016e6ff38f2c0_005.flac,train,搔首问天,朱惜辰,CD第4册\74\朱惜辰-搔首问天.wav,8893824,11535744,201.674,261.581
4e6016e6ff38f2c0_006.flac,train,搔首问天,朱惜辰,CD第4册\74\朱惜辰-搔首问天.wav,11117280,13759200,252.093,312.0
7e0cd7c1ff7bebcd_001.flac,validation,秋江夜泊,朱惜辰,CD第4册\74\朱惜辰-秋江夜泊.wav,0,2641920,0.0,59.907
7e0cd7c1ff7bebcd_002.flac,validation,秋江夜泊,朱惜辰,CD第4册\74\朱惜辰-秋江夜泊.wav,2132070,4773990,48.346,108.254
7e0cd7c1ff7bebcd_003.flac,validation,秋江夜泊,朱惜辰,CD第4册\74\朱惜辰-秋江夜泊.wav,4264140,6906060,96.693,156.6
0d5346ec9bbe9b9f_001.flac,train,风雷引,朱惜辰,CD第4册\74\朱惜辰-风雷引.wav,0,2641920,0.0,59.907
0d5346ec9bbe9b9f_002.flac,train,风雷引,朱惜辰,CD第4册\74\朱惜辰-风雷引.wav,1614630,4256550,36.613,96.52
0d5346ec9bbe9b9f_003.flac,train,风雷引,朱惜辰,CD第4册\74\朱惜辰-风雷引.wav,3229260,5871180,73.226,133.133
31de29e614866c39_001.flac,train,伐檀,杨葆元,CD第2册\26\杨葆元-伐檀.wav,0,2641920,0.0,59.907
31de29e614866c39_002.flac,train,伐檀,杨葆元,CD第2册\26\杨葆元-伐檀.wav,1891578,4533498,42.893,102.8
31de29e614866c39_003.flac,train,伐檀,杨葆元,CD第2册\26\杨葆元-伐檀.wav,3783156,6425076,85.786,145.693
093b454d303a563e_001.flac,train,平沙落雁,杨葆元,CD第2册\26\杨葆元-平沙落雁.wav,0,2641920,0.0,59.907
093b454d303a563e_002.flac,train,平沙落雁,杨葆元,CD第2册\26\杨葆元-平沙落雁.wav,2438683,5080603,55.299,115.206
093b454d303a563e_003.flac,train,平沙落雁,杨葆元,CD第2册\26\杨葆元-平沙落雁.wav,4877366,7519286,110.598,170.505
093b454d303a563e_004.flac,train,平沙落雁,杨葆元,CD第2册\26\杨葆元-平沙落雁.wav,7316049,9957969,165.897,225.804
093b454d303a563e_005.flac,train,平沙落雁,杨葆元,CD第2册\26\杨葆元-平沙落雁.wav,9754731,12396651,221.196,281.103
093b454d303a563e_006.flac,train,平沙落雁,杨葆元,CD第2册\26\杨葆元-平沙落雁.wav,12193414,14835334,276.495,336.402
093b454d303a563e_007.flac,train,平沙落雁,杨葆元,CD第2册\26\杨葆元-平沙落雁.wav,14632097,17274017,331.794,391.701
093b454d303a563e_008.flac,train,平沙落雁,杨葆元,CD第2册\26\杨葆元-平沙落雁.wav,17070780,19712700,387.093,447.0
3c1d8c2ac144792b_001.flac,validation,归去来辞,杨葆元,CD第2册\26\杨葆元-归去来辞.wav,0,2641920,0.0,59.907
3c1d8c2ac144792b_002.flac,validation,归去来辞,杨葆元,CD第2册\26\杨葆元-归去来辞.wav,2150895,4792815,48.773,108.681
3c1d8c2ac144792b_003.flac,validation,归去来辞,杨葆元,CD第2册\26\杨葆元-归去来辞.wav,4301790,6943710,97.546,157.454
3c1d8c2ac144792b_004.flac,validation,归去来辞,杨葆元,CD第2册\26\杨葆元-归去来辞.wav,6452685,9094605,146.319,206.227
3c1d8c2ac144792b_005.flac,validation,归去来辞,杨葆元,CD第2册\26\杨葆元-归去来辞.wav,8603580,11245500,195.093,255.0
482b03e526922134_001.flac,train,梅花三弄,杨葆元,CD第2册\26\杨葆元-梅花三弄.wav,0,2641920,0.0,59.907
482b03e526922134_002.flac,train,梅花三弄,杨葆元,CD第2册\26\杨葆元-梅花三弄.wav,2532118,5174038,57.418,117.325
482b03e526922134_003.flac,train,梅花三弄,杨葆元,CD第2册\26\杨葆元-梅花三弄.wav,5064236,7706156,114.835,174.743
482b03e526922134_004.flac,train,梅花三弄,杨葆元,CD第2册\26\杨葆元-梅花三弄.wav,7596354,10238274,172.253,232.16
482b03e526922134_005.flac,train,梅花三弄,杨葆元,CD第2册\26\杨葆元-梅花三弄.wav,10128472,12770392,229.671,289.578
482b03e526922134_006.flac,train,梅花三弄,杨葆元,CD第2册\26\杨葆元-梅花三弄.wav,12660590,15302510,287.088,346.996
482b03e526922134_007.flac,train,梅花三弄,杨葆元,CD第2册\26\杨葆元-梅花三弄.wav,15192708,17834628,344.506,404.413
d947debcb28eb12a_001.flac,train,流水,杨葆元,CD第2册\26\杨葆元-流水.wav,0,2641920,0.0,59.907
d947debcb28eb12a_002.flac,train,流水,杨葆元,CD第2册\26\杨葆元-流水.wav,2294875,4936795,52.038,111.945
d947debcb28eb12a_003.flac,train,流水,杨葆元,CD第2册\26\杨葆元-流水.wav,4589750,7231670,104.076,163.983
d947debcb28eb12a_004.flac,train,流水,杨葆元,CD第2册\26\杨葆元-流水.wav,6884625,9526545,156.114,216.021
d947debcb28eb12a_005.flac,train,流水,杨葆元,CD第2册\26\杨葆元-流水.wav,9179499,11821419,208.152,268.059
d947debcb28eb12a_006.flac,train,流水,杨葆元,CD第2册\26\杨葆元-流水.wav,11474374,14116294,260.19,320.097
d947debcb28eb12a_007.flac,train,流水,杨葆元,CD第2册\26\杨葆元-流水.wav,13769249,16411169,312.228,372.135
d947debcb28eb12a_008.flac,train,流水,杨葆元,CD第2册\26\杨葆元-流水.wav,16064124,18706044,364.266,424.173
959ec3292c061508_001.flac,train,秋鸿,杨葆元,CD第2册\26\杨葆元-秋鸿.wav,0,2641920,0.0,59.907
959ec3292c061508_002.flac,train,秋鸿,杨葆元,CD第2册\26\杨葆元-秋鸿.wav,2639824,5281744,59.86,119.767
959ec3292c061508_003.flac,train,秋鸿,杨葆元,CD第2册\26\杨葆元-秋鸿.wav,5279648,7921568,119.72,179.627
959ec3292c061508_004.flac,train,秋鸿,杨葆元,CD第2册\26\杨葆元-秋鸿.wav,7919473,10561393,179.58,239.487
959ec3292c061508_005.flac,train,秋鸿,杨葆元,CD第2册\26\杨葆元-秋鸿.wav,10559297,13201217,239.44,299.347
959ec3292c061508_006.flac,train,秋鸿,杨葆元,CD第2册\26\杨葆元-秋鸿.wav,13199121,15841041,299.3,359.207
959ec3292c061508_007.flac,train,秋鸿,杨葆元,CD第2册\26\杨葆元-秋鸿.wav,15838945,18480865,359.16,419.067
959ec3292c061508_008.flac,train,秋鸿,杨葆元,CD第2册\26\杨葆元-秋鸿.wav,18478769,21120689,419.02,478.927
959ec3292c061508_009.flac,train,秋鸿,杨葆元,CD第2册\26\杨葆元-秋鸿.wav,21118594,23760514,478.88,538.787
959ec3292c061508_010.flac,train,秋鸿,杨葆元,CD第2册\26\杨葆元-秋鸿.wav,23758418,26400338,538.74,598.647
959ec3292c061508_011.flac,train,秋鸿,杨葆元,CD第2册\26\杨葆元-秋鸿.wav,26398242,29040162,598.6,658.507
959ec3292c061508_012.flac,train,秋鸿,杨葆元,CD第2册\26\杨葆元-秋鸿.wav,29038066,31679986,658.46,718.367
959ec3292c061508_013.flac,train,秋鸿,杨葆元,CD第2册\26\杨葆元-秋鸿.wav,31677890,34319810,718.32,778.227
959ec3292c061508_014.flac,train,秋鸿,杨葆元,CD第2册\26\杨葆元-秋鸿.wav,34317715,36959635,778.179,838.087
959ec3292c061508_015.flac,train,秋鸿,杨葆元,CD第2册\26\杨葆元-秋鸿.wav,36957539,39599459,838.039,897.947
959ec3292c061508_016.flac,train,秋鸿,杨葆元,CD第2册\26\杨葆元-秋鸿.wav,39597363,42239283,897.899,957.807
959ec3292c061508_017.flac,train,秋鸿,杨葆元,CD第2册\26\杨葆元-秋鸿.wav,42237187,44879107,957.759,1017.667
959ec3292c061508_018.flac,train,秋鸿,杨葆元,CD第2册\26\杨葆元-秋鸿.wav,44877011,47518931,1017.619,1077.527
959ec3292c061508_019.flac,train,秋鸿,杨葆元,CD第2册\26\杨葆元-秋鸿.wav,47516836,50158756,1077.479,1137.387
959ec3292c061508_020.flac,train,秋鸿,杨葆元,CD第2册\26\杨葆元-秋鸿.wav,50156660,52798580,1137.339,1197.247
959ec3292c061508_021.flac,train,秋鸿,杨葆元,CD第2册\26\杨葆元-秋鸿.wav,52796484,55438404,1197.199,1257.107
36ddbb64e4d98ffe_001.flac,train,鹿鸣操,杨葆元,CD第2册\26\杨葆元-鹿鸣操.wav,0,2641920,0.0,59.907
36ddbb64e4d98ffe_002.flac,train,鹿鸣操,杨葆元,CD第2册\26\杨葆元-鹿鸣操.wav,2361390,5003310,53.546,113.454
36ddbb64e4d98ffe_003.flac,train,鹿鸣操,杨葆元,CD第2册\26\杨葆元-鹿鸣操.wav,4722780,7364700,107.093,167.0
bc73e353a4cc0f0d_001.flac,train,-渔歌,查阜西,CD第1册\CD12\查阜西--渔歌.wav,0,2641920,0.0,59.907
bc73e353a4cc0f0d_002.flac,train,-渔歌,查阜西,CD第1册\CD12\查阜西--渔歌.wav,2576653,5218573,58.428,118.335
bc73e353a4cc0f0d_003.flac,train,-渔歌,查阜西,CD第1册\CD12\查阜西--渔歌.wav,5153306,7795226,116.855,176.762
bc73e353a4cc0f0d_004.flac,train,-渔歌,查阜西,CD第1册\CD12\查阜西--渔歌.wav,7729958,10371878,175.282,235.19
bc73e353a4cc0f0d_005.flac,train,-渔歌,查阜西,CD第1册\CD12\查阜西--渔歌.wav,10306611,12948531,233.71,293.617
bc73e353a4cc0f0d_006.flac,train,-渔歌,查阜西,CD第1册\CD12\查阜西--渔歌.wav,12883264,15525184,292.138,352.045
bc73e353a4cc0f0d_007.flac,train,-渔歌,查阜西,CD第1册\CD12\查阜西--渔歌.wav,15459917,18101837,350.565,410.472
bc73e353a4cc0f0d_008.flac,train,-渔歌,查阜西,CD第1册\CD12\查阜西--渔歌.wav,18036570,20678490,408.993,468.9
bc73e353a4cc0f0d_009.flac,train,-渔歌,查阜西,CD第1册\CD12\查阜西--渔歌.wav,20613222,23255142,467.42,527.327
bc73e353a4cc0f0d_010.flac,train,-渔歌,查阜西,CD第1册\CD12\查阜西--渔歌.wav,23189875,25831795,525.848,585.755
bc73e353a4cc0f0d_011.flac,train,-渔歌,查阜西,CD第1册\CD12\查阜西--渔歌.wav,25766528,28408448,584.275,644.182
bc73e353a4cc0f0d_012.flac,train,-渔歌,查阜西,CD第1册\CD12\查阜西--渔歌.wav,28343181,30985101,642.703,702.61
bc73e353a4cc0f0d_013.flac,train,-渔歌,查阜西,CD第1册\CD12\查阜西--渔歌.wav,30919834,33561754,701.13,761.038
bc73e353a4cc0f0d_014.flac,train,-渔歌,查阜西,CD第1册\CD12\查阜西--渔歌.wav,33496486,36138406,759.558,819.465
bc73e353a4cc0f0d_015.flac,train,-渔歌,查阜西,CD第1册\CD12\查阜西--渔歌.wav,36073139,38715059,817.985,877.892
bc73e353a4cc0f0d_016.flac,train,-渔歌,查阜西,CD第1册\CD12\查阜西--渔歌.wav,38649792,41291712,876.413,936.32
bc5d9385f02c168a_001.flac,test,忆故人,查阜西,CD第1册\CD12\查阜西-忆故人.wav,0,2641920,0.0,59.907
bc5d9385f02c168a_002.flac,test,忆故人,查阜西,CD第1册\CD12\查阜西-忆故人.wav,2371986,5013906,53.787,113.694
bc5d9385f02c168a_003.flac,test,忆故人,查阜西,CD第1册\CD12\查阜西-忆故人.wav,4743972,7385892,107.573,167.481
bc5d9385f02c168a_004.flac,test,忆故人,查阜西,CD第1册\CD12\查阜西-忆故人.wav,7115958,9757878,161.36,221.267
bc5d9385f02c168a_005.flac,test,忆故人,查阜西,CD第1册\CD12\查阜西-忆故人.wav,9487944,12129864,215.146,275.054
bc5d9385f02c168a_006.flac,test,忆故人,查阜西,CD第1册\CD12\查阜西-忆故人.wav,11859930,14501850,268.933,328.84
bc5d9385f02c168a_007.flac,test,忆故人,查阜西,CD第1册\CD12\查阜西-忆故人.wav,14231916,16873836,322.719,382.627
7a7c309fcdeb3344_001.flac,train,潇湘水云2,查阜西,CD第1册\CD12\查阜西-潇湘水云2.wav,0,2641920,0.0,59.907
7a7c309fcdeb3344_002.flac,train,潇湘水云2,查阜西,CD第1册\CD12\查阜西-潇湘水云2.wav,2495741,5137661,56.593,116.5
7a7c309fcdeb3344_003.flac,train,潇湘水云2,查阜西,CD第1册\CD12\查阜西-潇湘水云2.wav,4991481,7633401,113.186,173.093
7a7c309fcdeb3344_004.flac,train,潇湘水云2,查阜西,CD第1册\CD12\查阜西-潇湘水云2.wav,7487222,10129142,169.778,229.686
7a7c309fcdeb3344_005.flac,train,潇湘水云2,查阜西,CD第1册\CD12\查阜西-潇湘水云2.wav,9982962,12624882,226.371,286.279
7a7c309fcdeb3344_006.flac,train,潇湘水云2,查阜西,CD第1册\CD12\查阜西-潇湘水云2.wav,12478703,15120623,282.964,342.871
7a7c309fcdeb3344_007.flac,train,潇湘水云2,查阜西,CD第1册\CD12\查阜西-潇湘水云2.wav,14974444,17616364,339.557,399.464
7a7c309fcdeb3344_008.flac,train,潇湘水云2,查阜西,CD第1册\CD12\查阜西-潇湘水云2.wav,17470184,20112104,396.149,456.057
7a7c309fcdeb3344_009.flac,train,潇湘水云2,查阜西,CD第1册\CD12\查阜西-潇湘水云2.wav,19965925,22607845,452.742,512.65
7a7c309fcdeb3344_010.flac,train,潇湘水云2,查阜西,CD第1册\CD12\查阜西-潇湘水云2.wav,22461666,25103586,509.335,569.242
7a7c309fcdeb3344_011.flac,train,潇湘水云2,查阜西,CD第1册\CD12\查阜西-潇湘水云2.wav,24957406,27599326,565.928,625.835
7a7c309fcdeb3344_012.flac,train,潇湘水云2,查阜西,CD第1册\CD12\查阜西-潇湘水云2.wav,27453147,30095067,622.52,682.428
7a7c309fcdeb3344_013.flac,train,潇湘水云2,查阜西,CD第1册\CD12\查阜西-潇湘水云2.wav,29948887,32590807,679.113,739.021
7a7c309fcdeb3344_014.flac,train,潇湘水云2,查阜西,CD第1册\CD12\查阜西-潇湘水云2.wav,32444628,35086548,735.706,795.613
c0e857cf2c29d166_001.flac,train,醉渔唱晚,查阜西,CD第1册\CD12\查阜西-醉渔唱晚.wav,0,2641920,0.0,59.907
c0e857cf2c29d166_002.flac,train,醉渔唱晚,查阜西,CD第1册\CD12\查阜西-醉渔唱晚.wav,2322885,4964805,52.673,112.581
c0e857cf2c29d166_003.flac,train,醉渔唱晚,查阜西,CD第1册\CD12\查阜西-醉渔唱晚.wav,4645770,7287690,105.346,165.254
c0e857cf2c29d166_004.flac,train,醉渔唱晚,查阜西,CD第1册\CD12\查阜西-醉渔唱晚.wav,6968655,9610575,158.019,217.927
c0e857cf2c29d166_005.flac,train,醉渔唱晚,查阜西,CD第1册\CD12\查阜西-醉渔唱晚.wav,9291540,11933460,210.693,270.6
c4f7a94b370511b1_001.flac,train,阳关三叠,查阜西,CD第1册\CD12\查阜西-阳关三叠.wav,0,2641920,0.0,59.907
c4f7a94b370511b1_002.flac,train,阳关三叠,查阜西,CD第1册\CD12\查阜西-阳关三叠.wav,2103267,4745187,47.693,107.601
c4f7a94b370511b1_003.flac,train,阳关三叠,查阜西,CD第1册\CD12\查阜西-阳关三叠.wav,4206534,6848454,95.386,155.294
c4f7a94b370511b1_004.flac,train,阳关三叠,查阜西,CD第1册\CD12\查阜西-阳关三叠.wav,6309801,8951721,143.079,202.987
c4f7a94b370511b1_005.flac,train,阳关三叠,查阜西,CD第1册\CD12\查阜西-阳关三叠.wav,8413068,11054988,190.773,250.68
2fc8c2bc260a5575_001.flac,train,平沙落雁,根如,CD第1册\CD05\根如-平沙落雁.wav,0,2641920,0.0,59.907
2fc8c2bc260a5575_002.flac,train,平沙落雁,根如,CD第1册\CD05\根如-平沙落雁.wav,2117820,4759740,48.023,107.931
2fc8c2bc260a5575_003.flac,train,平沙落雁,根如,CD第1册\CD05\根如-平沙落雁.wav,4235640,6877560,96.046,155.954
2fc8c2bc260a5575_004.flac,train,平沙落雁,根如,CD第1册\CD05\根如-平沙落雁.wav,6353460,8995380,144.069,203.977
2fc8c2bc260a5575_005.flac,train,平沙落雁,根如,CD第1册\CD05\根如-平沙落雁.wav,8471280,11113200,192.093,252.0
05d52972d40d9cd9_001.flac,train,风雷引,毓邻初,CD第4册\74\毓邻初-风雷引.wav,0,2641920,0.0,59.907
05d52972d40d9cd9_002.flac,train,风雷引,毓邻初,CD第4册\74\毓邻初-风雷引.wav,2321608,4963528,52.644,112.552
05d52972d40d9cd9_003.flac,train,风雷引,毓邻初,CD第4册\74\毓邻初-风雷引.wav,4643216,7285136,105.288,165.196
05d52972d40d9cd9_004.flac,train,风雷引,毓邻初,CD第4册\74\毓邻初-风雷引.wav,6964824,9606744,157.933,217.84
dc3a8c925c064fab_001.flac,test,广寒秋,汪孟舒,CD第1册\CD05\汪孟舒-广寒秋.wav,0,2641920,0.0,59.907
dc3a8c925c064fab_002.flac,test,广寒秋,汪孟舒,CD第1册\CD05\汪孟舒-广寒秋.wav,2636556,5278476,59.786,119.693
292923162b6bc74d_001.flac,train,清夜吟,汪孟舒,CD第1册\CD05\汪孟舒-清夜吟.wav,0,2641920,0.0,59.907
292923162b6bc74d_002.flac,train,清夜吟,汪孟舒,CD第1册\CD05\汪孟舒-清夜吟.wav,2356980,4998900,53.446,113.354
292923162b6bc74d_003.flac,train,清夜吟,汪孟舒,CD第1册\CD05\汪孟舒-清夜吟.wav,4713960,7355880,106.893,166.8
d25759468e274262_001.flac,validation,归去来辞,汪振华,CD第4册\61\汪振华-归去来辞.wav,0,2641920,0.0,59.907
d25759468e274262_002.flac,validation,归去来辞,汪振华,CD第4册\61\汪振华-归去来辞.wav,2376096,5018016,53.88,113.787
d25759468e274262_003.flac,validation,归去来辞,汪振华,CD第4册\61\汪振华-归去来辞.wav,4752192,7394112,107.759,167.667
d25759468e274262_004.flac,validation,归去来辞,汪振华,CD第4册\61\汪振华-归去来辞.wav,7128288,9770208,161.639,221.547
c709f42bdb0a261b_001.flac,test,渔樵问答1,汪振华,CD第4册\61\汪振华-渔樵问答1.wav,0,2641920,0.0,59.907
c709f42bdb0a261b_002.flac,test,渔樵问答1,汪振华,CD第4册\61\汪振华-渔樵问答1.wav,2266244,4908164,51.389,111.296
c709f42bdb0a261b_003.flac,test,渔樵问答1,汪振华,CD第4册\61\汪振华-渔樵问答1.wav,4532488,7174408,102.778,162.685
c709f42bdb0a261b_004.flac,test,渔樵问答1,汪振华,CD第4册\61\汪振华-渔樵问答1.wav,6798732,9440652,154.166,214.074
c709f42bdb0a261b_005.flac,test,渔樵问答1,汪振华,CD第4册\61\汪振华-渔樵问答1.wav,9064976,11706896,205.555,265.462
c709f42bdb0a261b_006.flac,test,渔樵问答1,汪振华,CD第4册\61\汪振华-渔樵问答1.wav,11331220,13973140,256.944,316.851
c709f42bdb0a261b_007.flac,test,渔樵问答1,汪振华,CD第4册\61\汪振华-渔樵问答1.wav,13597464,16239384,308.333,368.24
0948a45ffe7b1c35_001.flac,test,渔樵问答2,汪振华,CD第4册\61\汪振华-渔樵问答2.wav,0,2641920,0.0,59.907
0948a45ffe7b1c35_002.flac,test,渔樵问答2,汪振华,CD第4册\61\汪振华-渔樵问答2.wav,2515810,5157730,57.048,116.955
0948a45ffe7b1c35_003.flac,test,渔樵问答2,汪振华,CD第4册\61\汪振华-渔樵问答2.wav,5031619,7673539,114.096,174.003
0948a45ffe7b1c35_004.flac,test,渔樵问答2,汪振华,CD第4册\61\汪振华-渔樵问答2.wav,7547429,10189349,171.144,231.051
0948a45ffe7b1c35_005.flac,test,渔樵问答2,汪振华,CD第4册\61\汪振华-渔樵问答2.wav,10063238,12705158,228.191,288.099
0948a45ffe7b1c35_006.flac,test,渔樵问答2,汪振华,CD第4册\61\汪振华-渔樵问答2.wav,12579048,15220968,285.239,345.147
efad020106c6cfba_001.flac,train,平沙落雁,沈草农,CD第1册\CD08\沈草农-平沙落雁.wav,0,2641920,0.0,59.907
efad020106c6cfba_002.flac,train,平沙落雁,沈草农,CD第1册\CD08\沈草农-平沙落雁.wav,2176032,4817952,49.343,109.251
efad020106c6cfba_003.flac,train,平沙落雁,沈草农,CD第1册\CD08\沈草农-平沙落雁.wav,4352064,6993984,98.686,158.594
efad020106c6cfba_004.flac,train,平沙落雁,沈草农,CD第1册\CD08\沈草农-平沙落雁.wav,6528096,9170016,148.029,207.937
efad020106c6cfba_005.flac,train,平沙落雁,沈草农,CD第1册\CD08\沈草农-平沙落雁.wav,8704128,11346048,197.373,257.28
5b48cbddc401c1cb_001.flac,test,渔樵问答,沈草农,CD第1册\CD08\沈草农-渔樵问答.wav,0,2641920,0.0,59.907
5b48cbddc401c1cb_002.flac,test,渔樵问答,沈草农,CD第1册\CD08\沈草农-渔樵问答.wav,2527587,5169507,57.315,117.222
5b48cbddc401c1cb_003.flac,test,渔樵问答,沈草农,CD第1册\CD08\沈草农-渔樵问答.wav,5055174,7697094,114.63,174.537
5b48cbddc401c1cb_004.flac,test,渔樵问答,沈草农,CD第1册\CD08\沈草农-渔樵问答.wav,7582761,10224681,171.945,231.852
5b48cbddc401c1cb_005.flac,test,渔樵问答,沈草农,CD第1册\CD08\沈草农-渔樵问答.wav,10110348,12752268,229.26,289.167
5b48cbddc401c1cb_006.flac,test,渔樵问答,沈草农,CD第1册\CD08\沈草农-渔樵问答.wav,12637935,15279855,286.574,346.482
5b48cbddc401c1cb_007.flac,test,渔樵问答,沈草农,CD第1册\CD08\沈草农-渔樵问答.wav,15165522,17807442,343.889,403.797
5b48cbddc401c1cb_008.flac,test,渔樵问答,沈草农,CD第1册\CD08\沈草农-渔樵问答.wav,17693109,20335029,401.204,461.112
5b48cbddc401c1cb_009.flac,test,渔樵问答,沈草农,CD第1册\CD08\沈草农-渔樵问答.wav,20220696,22862616,458.519,518.427
7d21168e32b0bebd_001.flac,train,秋塞,沈草农,CD第1册\CD08\沈草农-秋塞.wav,0,2641920,0.0,59.907
7d21168e32b0bebd_002.flac,train,秋塞,沈草农,CD第1册\CD08\沈草农-秋塞.wav,2128082,4770002,48.256,108.163
7d21168e32b0bebd_003.flac,train,秋塞,沈草农,CD第1册\CD08\沈草农-秋塞.wav,4256165,6898085,96.512,156.419
7d21168e32b0bebd_004.flac,train,秋塞,沈草农,CD第1册\CD08\沈草农-秋塞.wav,6384247,9026167,144.768,204.675
7d21168e32b0bebd_005.flac,train,秋塞,沈草农,CD第1册\CD08\沈草农-秋塞.wav,8512330,11154250,193.023,252.931
7d21168e32b0bebd_006.flac,train,秋塞,沈草农,CD第1册\CD08\沈草农-秋塞.wav,10640412,13282332,241.279,301.187
7ffaf231f58d69ff_001.flac,train,普庵咒,溥雪斋,CD第1册\CD08\溥雪斋-普庵咒.wav,0,2641920,0.0,59.907
7ffaf231f58d69ff_002.flac,train,普庵咒,溥雪斋,CD第1册\CD08\溥雪斋-普庵咒.wav,2342755,4984675,53.124,113.031
7ffaf231f58d69ff_003.flac,train,普庵咒,溥雪斋,CD第1册\CD08\溥雪斋-普庵咒.wav,4685510,7327430,106.247,166.155
7ffaf231f58d69ff_004.flac,train,普庵咒,溥雪斋,CD第1册\CD08\溥雪斋-普庵咒.wav,7028265,9670185,159.371,219.279
7ffaf231f58d69ff_005.flac,train,普庵咒,溥雪斋,CD第1册\CD08\溥雪斋-普庵咒.wav,9371019,12012939,212.495,272.402
7ffaf231f58d69ff_006.flac,train,普庵咒,溥雪斋,CD第1册\CD08\溥雪斋-普庵咒.wav,11713774,14355694,265.618,325.526
7ffaf231f58d69ff_007.flac,train,普庵咒,溥雪斋,CD第1册\CD08\溥雪斋-普庵咒.wav,14056529,16698449,318.742,378.65
7ffaf231f58d69ff_008.flac,train,普庵咒,溥雪斋,CD第1册\CD08\溥雪斋-普庵咒.wav,16399284,19041204,371.866,431.773
ca22eb784a50e84a_001.flac,train,梅花三弄1,溥雪斋,CD第1册\CD08\溥雪斋-梅花三弄1.wav,0,2641920,0.0,59.907
ca22eb784a50e84a_002.flac,train,梅花三弄1,溥雪斋,CD第1册\CD08\溥雪斋-梅花三弄1.wav,2354095,4996015,53.381,113.288
ca22eb784a50e84a_003.flac,train,梅花三弄1,溥雪斋,CD第1册\CD08\溥雪斋-梅花三弄1.wav,4708190,7350110,106.762,166.669
ca22eb784a50e84a_004.flac,train,梅花三弄1,溥雪斋,CD第1册\CD08\溥雪斋-梅花三弄1.wav,7062285,9704205,160.143,220.05
ca22eb784a50e84a_005.flac,train,梅花三弄1,溥雪斋,CD第1册\CD08\溥雪斋-梅花三弄1.wav,9416379,12058299,213.523,273.431
ca22eb784a50e84a_006.flac,train,梅花三弄1,溥雪斋,CD第1册\CD08\溥雪斋-梅花三弄1.wav,11770474,14412394,266.904,326.812
ca22eb784a50e84a_007.flac,train,梅花三弄1,溥雪斋,CD第1册\CD08\溥雪斋-梅花三弄1.wav,14124569,16766489,320.285,380.192
ca22eb784a50e84a_008.flac,train,梅花三弄1,溥雪斋,CD第1册\CD08\溥雪斋-梅花三弄1.wav,16478664,19120584,373.666,433.573
e76d3b158caa4847_001.flac,train,梅花三弄2,溥雪斋,CD第1册\CD08\溥雪斋-梅花三弄2.wav,0,2641920,0.0,59.907
e76d3b158caa4847_002.flac,train,梅花三弄2,溥雪斋,CD第1册\CD08\溥雪斋-梅花三弄2.wav,2359975,5001895,53.514,113.422
e76d3b158caa4847_003.flac,train,梅花三弄2,溥雪斋,CD第1册\CD08\溥雪斋-梅花三弄2.wav,4719950,7361870,107.028,166.936
e76d3b158caa4847_004.flac,train,梅花三弄2,溥雪斋,CD第1册\CD08\溥雪斋-梅花三弄2.wav,7079925,9721845,160.543,220.45
e76d3b158caa4847_005.flac,train,梅花三弄2,溥雪斋,CD第1册\CD08\溥雪斋-梅花三弄2.wav,9439899,12081819,214.057,273.964
e76d3b158caa4847_006.flac,train,梅花三弄2,溥雪斋,CD第1册\CD08\溥雪斋-梅花三弄2.wav,11799874,14441794,267.571,327.478
e76d3b158caa4847_007.flac,train,梅花三弄2,溥雪斋,CD第1册\CD08\溥雪斋-梅花三弄2.wav,14159849,16801769,321.085,380.992
e76d3b158caa4847_008.flac,train,梅花三弄2,溥雪斋,CD第1册\CD08\溥雪斋-梅花三弄2.wav,16519824,19161744,374.599,434.507
9b02ca3e394961a3_001.flac,train,良宵引,溥雪斋,CD第1册\CD08\溥雪斋-良宵引.wav,0,2641920,0.0,59.907
9b02ca3e394961a3_002.flac,train,良宵引,溥雪斋,CD第1册\CD08\溥雪斋-良宵引.wav,1541718,4183638,34.96,94.867
9b02ca3e394961a3_003.flac,train,良宵引,溥雪斋,CD第1册\CD08\溥雪斋-良宵引.wav,3083436,5725356,69.919,129.827
ef423b9151d1da6c_001.flac,train,酒狂,溥雪斋,CD第1册\CD08\溥雪斋-酒狂.wav,0,2641920,0.0,59.907
ef423b9151d1da6c_002.flac,train,酒狂,溥雪斋,CD第1册\CD08\溥雪斋-酒狂.wav,1399404,4041324,31.733,91.64
2d29016448bdbd64_001.flac,train,鸥鹭忘机,溥雪斋,CD第1册\CD08\溥雪斋-鸥鹭忘机.wav,0,2641920,0.0,59.907
2d29016448bdbd64_002.flac,train,鸥鹭忘机,溥雪斋,CD第1册\CD08\溥雪斋-鸥鹭忘机.wav,2054316,4696236,46.583,106.491
2d29016448bdbd64_003.flac,train,鸥鹭忘机,溥雪斋,CD第1册\CD08\溥雪斋-鸥鹭忘机.wav,4108632,6750552,93.166,153.074
2d29016448bdbd64_004.flac,train,鸥鹭忘机,溥雪斋,CD第1册\CD08\溥雪斋-鸥鹭忘机.wav,6162948,8804868,139.749,199.657
2d29016448bdbd64_005.flac,train,鸥鹭忘机,溥雪斋,CD第1册\CD08\溥雪斋-鸥鹭忘机.wav,8217264,10859184,186.333,246.24
a7b2a95fa9a96ae5_001.flac,train,古交行,王生香,CD第2册\34\王生香-古交行.wav,0,2641920,0.0,59.907
a7b2a95fa9a96ae5_002.flac,train,古交行,王生香,CD第2册\34\王生香-古交行.wav,2604688,5246608,59.063,118.971
a7b2a95fa9a96ae5_003.flac,train,古交行,王生香,CD第2册\34\王生香-古交行.wav,5209377,7851297,118.126,178.034
a7b2a95fa9a96ae5_004.flac,train,古交行,王生香,CD第2册\34\王生香-古交行.wav,7814066,10455986,177.19,237.097
a7b2a95fa9a96ae5_005.flac,train,古交行,王生香,CD第2册\34\王生香-古交行.wav,10418754,13060674,236.253,296.16
a7b2a95fa9a96ae5_006.flac,train,古交行,王生香,CD第2册\34\王生香-古交行.wav,13023442,15665362,295.316,355.224
a7b2a95fa9a96ae5_007.flac,train,古交行,王生香,CD第2册\34\王生香-古交行.wav,15628131,18270051,354.379,414.287
a7b2a95fa9a96ae5_008.flac,train,古交行,王生香,CD第2册\34\王生香-古交行.wav,18232820,20874740,413.443,473.35
a7b2a95fa9a96ae5_009.flac,train,古交行,王生香,CD第2册\34\王生香-古交行.wav,20837508,23479428,472.506,532.413
ea81e6087bc43d1a_001.flac,train,平沙落雁,王生香,CD第2册\34\王生香-平沙落雁.wav,0,2641920,0.0,59.907
ea81e6087bc43d1a_002.flac,train,平沙落雁,王生香,CD第2册\34\王生香-平沙落雁.wav,2196996,4838916,49.819,109.726
ea81e6087bc43d1a_003.flac,train,平沙落雁,王生香,CD第2册\34\王生香-平沙落雁.wav,4393992,7035912,99.637,159.544
ea81e6087bc43d1a_004.flac,train,平沙落雁,王生香,CD第2册\34\王生香-平沙落雁.wav,6590988,9232908,149.456,209.363
ea81e6087bc43d1a_005.flac,train,平沙落雁,王生香,CD第2册\34\王生香-平沙落雁.wav,8787984,11429904,199.274,259.181
ea81e6087bc43d1a_006.flac,train,平沙落雁,王生香,CD第2册\34\王生香-平沙落雁.wav,10984980,13626900,249.093,309.0
c50cbd52fd528d36_001.flac,train,酒狂,王生香,CD第2册\34\王生香-酒狂.wav,0,2641920,0.0,59.907
c50cbd52fd528d36_002.flac,train,酒狂,王生香,CD第2册\34\王生香-酒狂.wav,1611690,4253610,36.546,96.454
c50cbd52fd528d36_003.flac,train,酒狂,王生香,CD第2册\34\王生香-酒狂.wav,3223380,5865300,73.093,133.0
517e1a75f97c2c88_001.flac,train,长门怨,王生香,CD第2册\34\王生香-长门怨.wav,0,2641920,0.0,59.907
517e1a75f97c2c88_002.flac,train,长门怨,王生香,CD第2册\34\王生香-长门怨.wav,2052258,4694178,46.536,106.444
517e1a75f97c2c88_003.flac,train,长门怨,王生香,CD第2册\34\王生香-长门怨.wav,4104516,6746436,93.073,152.98
517e1a75f97c2c88_004.flac,train,长门怨,王生香,CD第2册\34\王生香-长门怨.wav,6156774,8798694,139.609,199.517
517e1a75f97c2c88_005.flac,train,长门怨,王生香,CD第2册\34\王生香-长门怨.wav,8209032,10850952,186.146,246.053
816146772f365963_001.flac,validation,关山月,程午嘉,CD第2册\34\程午嘉-关山月.wav,0,2641920,0.0,59.907
816146772f365963_002.flac,validation,关山月,程午嘉,CD第2册\34\程午嘉-关山月.wav,1953324,4595244,44.293,104.201
816146772f365963_003.flac,validation,关山月,程午嘉,CD第2册\34\程午嘉-关山月.wav,3906648,6548568,88.586,148.494
816146772f365963_004.flac,validation,关山月,程午嘉,CD第2册\34\程午嘉-关山月.wav,5859972,8501892,132.879,192.787
c048ace807fed9ff_001.flac,train,平沙落雁,程午嘉,CD第2册\34\程午嘉-平沙落雁.wav,0,2641920,0.0,59.907
c048ace807fed9ff_002.flac,train,平沙落雁,程午嘉,CD第2册\34\程午嘉-平沙落雁.wav,2509869,5151789,56.913,116.821
c048ace807fed9ff_003.flac,train,平沙落雁,程午嘉,CD第2册\34\程午嘉-平沙落雁.wav,5019738,7661658,113.826,173.734
c048ace807fed9ff_004.flac,train,平沙落雁,程午嘉,CD第2册\34\程午嘉-平沙落雁.wav,7529607,10171527,170.739,230.647
c048ace807fed9ff_005.flac,train,平沙落雁,程午嘉,CD第2册\34\程午嘉-平沙落雁.wav,10039476,12681396,227.653,287.56
c560c7a6b8d3666a_001.flac,train,玉楼春晓,程午嘉,CD第2册\34\程午嘉-玉楼春晓.wav,0,2641920,0.0,59.907
c560c7a6b8d3666a_002.flac,train,玉楼春晓,程午嘉,CD第2册\34\程午嘉-玉楼春晓.wav,1332096,3974016,30.206,90.114
c560c7a6b8d3666a_003.flac,train,玉楼春晓,程午嘉,CD第2册\34\程午嘉-玉楼春晓.wav,2664192,5306112,60.413,120.32
04c039bd5adc103b_001.flac,validation,秋江夜泊,程午嘉,CD第2册\34\程午嘉-秋江夜泊.wav,0,2641920,0.0,59.907
04c039bd5adc103b_002.flac,validation,秋江夜泊,程午嘉,CD第2册\34\程午嘉-秋江夜泊.wav,2635692,5277612,59.766,119.674
04c039bd5adc103b_003.flac,validation,秋江夜泊,程午嘉,CD第2册\34\程午嘉-秋江夜泊.wav,5271384,7913304,119.533,179.44
875d123fc2ac4d0a_001.flac,train,长门怨,程午嘉,CD第2册\34\程午嘉-长门怨.wav,0,2641920,0.0,59.907
875d123fc2ac4d0a_002.flac,train,长门怨,程午嘉,CD第2册\34\程午嘉-长门怨.wav,2155746,4797666,48.883,108.791
875d123fc2ac4d0a_003.flac,train,长门怨,程午嘉,CD第2册\34\程午嘉-长门怨.wav,4311492,6953412,97.766,157.674
875d123fc2ac4d0a_004.flac,train,长门怨,程午嘉,CD第2册\34\程午嘉-长门怨.wav,6467238,9109158,146.649,206.557
875d123fc2ac4d0a_005.flac,train,长门怨,程午嘉,CD第2册\34\程午嘉-长门怨.wav,8622984,11264904,195.533,255.44
c04b59da46df5a1e_001.flac,train,风雷引,程午嘉,CD第2册\34\程午嘉-风雷引.wav,0,2641920,0.0,59.907
c04b59da46df5a1e_002.flac,train,风雷引,程午嘉,CD第2册\34\程午嘉-风雷引.wav,2115416,4757336,47.969,107.876
c04b59da46df5a1e_003.flac,train,风雷引,程午嘉,CD第2册\34\程午嘉-风雷引.wav,4230832,6872752,95.937,155.845
c04b59da46df5a1e_004.flac,train,风雷引,程午嘉,CD第2册\34\程午嘉-风雷引.wav,6346248,8988168,143.906,203.813
c80d3fcb265e4ea3_001.flac,train,乌夜啼,管平湖,CD第1册\CD19\管平湖-乌夜啼.wav,0,2641920,0.0,59.907
c80d3fcb265e4ea3_002.flac,train,乌夜啼,管平湖,CD第1册\CD19\管平湖-乌夜啼.wav,2492013,5133933,56.508,116.416
c80d3fcb265e4ea3_003.flac,train,乌夜啼,管平湖,CD第1册\CD19\管平湖-乌夜啼.wav,4984026,7625946,113.016,172.924
c80d3fcb265e4ea3_004.flac,train,乌夜啼,管平湖,CD第1册\CD19\管平湖-乌夜啼.wav,7476039,10117959,169.525,229.432
c80d3fcb265e4ea3_005.flac,train,乌夜啼,管平湖,CD第1册\CD19\管平湖-乌夜啼.wav,9968052,12609972,226.033,285.94
c80d3fcb265e4ea3_006.flac,train,乌夜啼,管平湖,CD第1册\CD19\管平湖-乌夜啼.wav,12460065,15101985,282.541,342.449
c80d3fcb265e4ea3_007.flac,train,乌夜啼,管平湖,CD第1册\CD19\管平湖-乌夜啼.wav,14952078,17593998,339.049,398.957
c80d3fcb265e4ea3_008.flac,train,乌夜啼,管平湖,CD第1册\CD19\管平湖-乌夜啼.wav,17444091,20086011,395.558,455.465
c80d3fcb265e4ea3_009.flac,train,乌夜啼,管平湖,CD第1册\CD19\管平湖-乌夜啼.wav,19936104,22578024,452.066,511.973
b460e944e5a359ab_001.flac,train,天风环珮1,管平湖,CD第1册\CD19\管平湖-天风环珮1.wav,0,2641920,0.0,59.907
b460e944e5a359ab_002.flac,train,天风环珮1,管平湖,CD第1册\CD19\管平湖-天风环珮1.wav,1733112,4375032,39.3,99.207
b460e944e5a359ab_003.flac,train,天风环珮1,管平湖,CD第1册\CD19\管平湖-天风环珮1.wav,3466224,6108144,78.599,138.507
19f3c30c64694e5d_001.flac,train,天风环珮2,管平湖,CD第1册\CD19\管平湖-天风环珮2.wav,0,2641920,0.0,59.907
19f3c30c64694e5d_002.flac,train,天风环珮2,管平湖,CD第1册\CD19\管平湖-天风环珮2.wav,2197932,4839852,49.84,109.747
19f3c30c64694e5d_003.flac,train,天风环珮2,管平湖,CD第1册\CD19\管平湖-天风环珮2.wav,4395864,7037784,99.679,159.587
19f3c30c64694e5d_004.flac,train,天风环珮2,管平湖,CD第1册\CD19\管平湖-天风环珮2.wav,6593796,9235716,149.519,209.427
f6394883fb621075_001.flac,train,幽兰1,管平湖,CD第1册\CD19\管平湖-幽兰1.wav,0,2641920,0.0,59.907
f6394883fb621075_002.flac,train,幽兰1,管平湖,CD第1册\CD19\管平湖-幽兰1.wav,2458307,5100227,55.744,115.651
f6394883fb621075_003.flac,train,幽兰1,管平湖,CD第1册\CD19\管平湖-幽兰1.wav,4916614,7558534,111.488,171.395
f6394883fb621075_004.flac,train,幽兰1,管平湖,CD第1册\CD19\管平湖-幽兰1.wav,7374920,10016840,167.232,227.139
f6394883fb621075_005.flac,train,幽兰1,管平湖,CD第1册\CD19\管平湖-幽兰1.wav,9833227,12475147,222.976,282.883
f6394883fb621075_006.flac,train,幽兰1,管平湖,CD第1册\CD19\管平湖-幽兰1.wav,12291534,14933454,278.72,338.627
f6394883fb621075_007.flac,train,幽兰1,管平湖,CD第1册\CD19\管平湖-幽兰1.wav,14749841,17391761,334.464,394.371
f6394883fb621075_008.flac,train,幽兰1,管平湖,CD第1册\CD19\管平湖-幽兰1.wav,17208148,19850068,390.207,450.115
f6394883fb621075_009.flac,train,幽兰1,管平湖,CD第1册\CD19\管平湖-幽兰1.wav,19666454,22308374,445.951,505.859
f6394883fb621075_010.flac,train,幽兰1,管平湖,CD第1册\CD19\管平湖-幽兰1.wav,22124761,24766681,501.695,561.603
f6394883fb621075_011.flac,train,幽兰1,管平湖,CD第1册\CD19\管平湖-幽兰1.wav,24583068,27224988,557.439,617.347
6eb923916cf5023c_001.flac,train,幽兰2,管平湖,CD第1册\CD19\管平湖-幽兰2.wav,0,2641920,0.0,59.907
6eb923916cf5023c_002.flac,train,幽兰2,管平湖,CD第1册\CD19\管平湖-幽兰2.wav,2518518,5160438,57.109,117.017
6eb923916cf5023c_003.flac,train,幽兰2,管平湖,CD第1册\CD19\管平湖-幽兰2.wav,5037036,7678956,114.219,174.126
6eb923916cf5023c_004.flac,train,幽兰2,管平湖,CD第1册\CD19\管平湖-幽兰2.wav,7555554,10197474,171.328,231.235
6eb923916cf5023c_005.flac,train,幽兰2,管平湖,CD第1册\CD19\管平湖-幽兰2.wav,10074072,12715992,228.437,288.344
6eb923916cf5023c_006.flac,train,幽兰2,管平湖,CD第1册\CD19\管平湖-幽兰2.wav,12592590,15234510,285.546,345.454
6eb923916cf5023c_007.flac,train,幽兰2,管平湖,CD第1册\CD19\管平湖-幽兰2.wav,15111108,17753028,342.656,402.563
6eb923916cf5023c_008.flac,train,幽兰2,管平湖,CD第1册\CD19\管平湖-幽兰2.wav,17629626,20271546,399.765,459.672
6eb923916cf5023c_009.flac,train,幽兰2,管平湖,CD第1册\CD19\管平湖-幽兰2.wav,20148144,22790064,456.874,516.781
6eb923916cf5023c_010.flac,train,幽兰2,管平湖,CD第1册\CD19\管平湖-幽兰2.wav,22666662,25308582,513.983,573.891
6eb923916cf5023c_011.flac,train,幽兰2,管平湖,CD第1册\CD19\管平湖-幽兰2.wav,25185180,27827100,571.093,631.0
ece1334f3dcbed9b_001.flac,train,幽兰3,管平湖,CD第1册\CD19\管平湖-幽兰3.wav,0,2641920,0.0,59.907
ece1334f3dcbed9b_002.flac,train,幽兰3,管平湖,CD第1册\CD19\管平湖-幽兰3.wav,2538339,5180259,57.559,117.466
ece1334f3dcbed9b_003.flac,train,幽兰3,管平湖,CD第1册\CD19\管平湖-幽兰3.wav,5076679,7718599,115.117,175.025
ece1334f3dcbed9b_004.flac,train,幽兰3,管平湖,CD第1册\CD19\管平湖-幽兰3.wav,7615018,10256938,172.676,232.584
ece1334f3dcbed9b_005.flac,train,幽兰3,管平湖,CD第1册\CD19\管平湖-幽兰3.wav,10153357,12795277,230.235,290.142
ece1334f3dcbed9b_006.flac,train,幽兰3,管平湖,CD第1册\CD19\管平湖-幽兰3.wav,12691696,15333616,287.794,347.701
ece1334f3dcbed9b_007.flac,train,幽兰3,管平湖,CD第1册\CD19\管平湖-幽兰3.wav,15230036,17871956,345.352,405.26
ece1334f3dcbed9b_008.flac,train,幽兰3,管平湖,CD第1册\CD19\管平湖-幽兰3.wav,17768375,20410295,402.911,462.818
ece1334f3dcbed9b_009.flac,train,幽兰3,管平湖,CD第1册\CD19\管平湖-幽兰3.wav,20306714,22948634,460.47,520.377
ece1334f3dcbed9b_010.flac,train,幽兰3,管平湖,CD第1册\CD19\管平湖-幽兰3.wav,22845053,25486973,518.028,577.936
ece1334f3dcbed9b_011.flac,train,幽兰3,管平湖,CD第1册\CD19\管平湖-幽兰3.wav,25383393,28025313,575.587,635.495
ece1334f3dcbed9b_012.flac,train,幽兰3,管平湖,CD第1册\CD19\管平湖-幽兰3.wav,27921732,30563652,633.146,693.053
002233ef0f503af4_001.flac,train,潇湘水云,管平湖,CD第1册\CD19\管平湖-潇湘水云.wav,0,2641920,0.0,59.907
002233ef0f503af4_002.flac,train,潇湘水云,管平湖,CD第1册\CD19\管平湖-潇湘水云.wav,2456425,5098345,55.701,115.609
002233ef0f503af4_003.flac,train,潇湘水云,管平湖,CD第1册\CD19\管平湖-潇湘水云.wav,4912850,7554770,111.402,171.31
002233ef0f503af4_004.flac,train,潇湘水云,管平湖,CD第1册\CD19\管平湖-潇湘水云.wav,7369276,10011196,167.104,227.011
002233ef0f503af4_005.flac,train,潇湘水云,管平湖,CD第1册\CD19\管平湖-潇湘水云.wav,9825701,12467621,222.805,282.712
002233ef0f503af4_006.flac,train,潇湘水云,管平湖,CD第1册\CD19\管平湖-潇湘水云.wav,12282126,14924046,278.506,338.414
002233ef0f503af4_007.flac,train,潇湘水云,管平湖,CD第1册\CD19\管平湖-潇湘水云.wav,14738551,17380471,334.208,394.115
002233ef0f503af4_008.flac,train,潇湘水云,管平湖,CD第1册\CD19\管平湖-潇湘水云.wav,17194976,19836896,389.909,449.816
002233ef0f503af4_009.flac,train,潇湘水云,管平湖,CD第1册\CD19\管平湖-潇湘水云.wav,19651402,22293322,445.61,505.518
002233ef0f503af4_010.flac,train,潇湘水云,管平湖,CD第1册\CD19\管平湖-潇湘水云.wav,22107827,24749747,501.311,561.219
002233ef0f503af4_011.flac,train,潇湘水云,管平湖,CD第1册\CD19\管平湖-潇湘水云.wav,24564252,27206172,557.013,616.92
89f03e99cdf1631d_001.flac,train,阳关三叠,管平湖,CD第1册\CD19\管平湖-阳关三叠.wav,0,2641920,0.0,59.907
89f03e99cdf1631d_002.flac,train,阳关三叠,管平湖,CD第1册\CD19\管平湖-阳关三叠.wav,2464492,5106412,55.884,115.792
89f03e99cdf1631d_003.flac,train,阳关三叠,管平湖,CD第1册\CD19\管平湖-阳关三叠.wav,4928984,7570904,111.768,171.676
89f03e99cdf1631d_004.flac,train,阳关三叠,管平湖,CD第1册\CD19\管平湖-阳关三叠.wav,7393476,10035396,167.653,227.56
bc06f77e09ad5870_001.flac,train,平沙落雁,翁瘦苍,CD第4册\61\翁瘦苍-平沙落雁.wav,0,2641920,0.0,59.907
bc06f77e09ad5870_002.flac,train,平沙落雁,翁瘦苍,CD第4册\61\翁瘦苍-平沙落雁.wav,2260756,4902676,51.264,111.172
bc06f77e09ad5870_003.flac,train,平沙落雁,翁瘦苍,CD第4册\61\翁瘦苍-平沙落雁.wav,4521512,7163432,102.529,162.436
bc06f77e09ad5870_004.flac,train,平沙落雁,翁瘦苍,CD第4册\61\翁瘦苍-平沙落雁.wav,6782268,9424188,153.793,213.7
bc06f77e09ad5870_005.flac,train,平沙落雁,翁瘦苍,CD第4册\61\翁瘦苍-平沙落雁.wav,9043024,11684944,205.057,264.965
bc06f77e09ad5870_006.flac,train,平沙落雁,翁瘦苍,CD第4册\61\翁瘦苍-平沙落雁.wav,11303780,13945700,256.322,316.229
bc06f77e09ad5870_007.flac,train,平沙落雁,翁瘦苍,CD第4册\61\翁瘦苍-平沙落雁.wav,13564536,16206456,307.586,367.493
d53103d881624b77_001.flac,train,高山,翁瘦苍,CD第4册\61\翁瘦苍-高山.wav,0,2641920,0.0,59.907
d53103d881624b77_002.flac,train,高山,翁瘦苍,CD第4册\61\翁瘦苍-高山.wav,2621814,5263734,59.452,119.359
d53103d881624b77_003.flac,train,高山,翁瘦苍,CD第4册\61\翁瘦苍-高山.wav,5243628,7885548,118.903,178.811
d53103d881624b77_004.flac,train,高山,翁瘦苍,CD第4册\61\翁瘦苍-高山.wav,7865442,10507362,178.355,238.262
d53103d881624b77_005.flac,train,高山,翁瘦苍,CD第4册\61\翁瘦苍-高山.wav,10487256,13129176,237.806,297.714
d53103d881624b77_006.flac,train,高山,翁瘦苍,CD第4册\61\翁瘦苍-高山.wav,13109070,15750990,297.258,357.165
d53103d881624b77_007.flac,train,高山,翁瘦苍,CD第4册\61\翁瘦苍-高山.wav,15730884,18372804,356.709,416.617
d53103d881624b77_008.flac,train,高山,翁瘦苍,CD第4册\61\翁瘦苍-高山.wav,18352698,20994618,416.161,476.068
d53103d881624b77_009.flac,train,高山,翁瘦苍,CD第4册\61\翁瘦苍-高山.wav,20974512,23616432,475.613,535.52
188d023afd94941e_001.flac,train,普庵咒,胡兰,CD第3册\55\胡兰-普庵咒.wav,0,2641920,0.0,59.907
188d023afd94941e_002.flac,train,普庵咒,胡兰,CD第3册\55\胡兰-普庵咒.wav,2436883,5078803,55.258,115.166
188d023afd94941e_003.flac,train,普庵咒,胡兰,CD第3册\55\胡兰-普庵咒.wav,4873765,7515685,110.516,170.424
188d023afd94941e_004.flac,train,普庵咒,胡兰,CD第3册\55\胡兰-普庵咒.wav,7310648,9952568,165.774,225.682
188d023afd94941e_005.flac,train,普庵咒,胡兰,CD第3册\55\胡兰-普庵咒.wav,9747530,12389450,221.032,280.94
188d023afd94941e_006.flac,train,普庵咒,胡兰,CD第3册\55\胡兰-普庵咒.wav,12184413,14826333,276.291,336.198
188d023afd94941e_007.flac,train,普庵咒,胡兰,CD第3册\55\胡兰-普庵咒.wav,14621295,17263215,331.549,391.456
188d023afd94941e_008.flac,train,普庵咒,胡兰,CD第3册\55\胡兰-普庵咒.wav,17058178,19700098,386.807,446.714
188d023afd94941e_009.flac,train,普庵咒,胡兰,CD第3册\55\胡兰-普庵咒.wav,19495060,22136980,442.065,501.972
188d023afd94941e_010.flac,train,普庵咒,胡兰,CD第3册\55\胡兰-普庵咒.wav,21931943,24573863,497.323,557.23
188d023afd94941e_011.flac,train,普庵咒,胡兰,CD第3册\55\胡兰-普庵咒.wav,24368825,27010745,552.581,612.489
188d023afd94941e_012.flac,train,普庵咒,胡兰,CD第3册\55\胡兰-普庵咒.wav,26805708,29447628,607.839,667.747
992e32149717954f_001.flac,train,平沙落雁-残,胡斗东,CD第3册\54\胡斗东-平沙落雁-残.wav,0,2641920,0.0,59.907
992e32149717954f_002.flac,train,平沙落雁-残,胡斗东,CD第3册\54\胡斗东-平沙落雁-残.wav,2443131,5085051,55.4,115.307
992e32149717954f_003.flac,train,平沙落雁-残,胡斗东,CD第3册\54\胡斗东-平沙落雁-残.wav,4886262,7528182,110.8,170.707
992e32149717954f_004.flac,train,平沙落雁-残,胡斗东,CD第3册\54\胡斗东-平沙落雁-残.wav,7329393,9971313,166.199,226.107
992e32149717954f_005.flac,train,平沙落雁-残,胡斗东,CD第3册\54\胡斗东-平沙落雁-残.wav,9772524,12414444,221.599,281.507
7cdd2c3ec3a45321_001.flac,test,忆故人,莫尚德,CD第3册\56\莫尚德-忆故人.wav,0,2641920,0.0,59.907
7cdd2c3ec3a45321_002.flac,test,忆故人,莫尚德,CD第3册\56\莫尚德-忆故人.wav,2473474,5115394,56.088,115.995
7cdd2c3ec3a45321_003.flac,test,忆故人,莫尚德,CD第3册\56\莫尚德-忆故人.wav,4946947,7588867,112.176,172.083
7cdd2c3ec3a45321_004.flac,test,忆故人,莫尚德,CD第3册\56\莫尚德-忆故人.wav,7420421,10062341,168.264,228.171
7cdd2c3ec3a45321_005.flac,test,忆故人,莫尚德,CD第3册\56\莫尚德-忆故人.wav,9893894,12535814,224.351,284.259
7cdd2c3ec3a45321_006.flac,test,忆故人,莫尚德,CD第3册\56\莫尚德-忆故人.wav,12367368,15009288,280.439,340.347
93d736267783d594_001.flac,validation,关山月,许光毅,CD第3册\55\许光毅-关山月.wav,0,2641920,0.0,59.907
93d736267783d594_002.flac,validation,关山月,许光毅,CD第3册\55\许光毅-关山月.wav,1094232,3736152,24.813,84.72
d67cb07d7efb941b_001.flac,test,古琴吟,许光毅,CD第3册\55\许光毅-古琴吟.wav,0,2641920,0.0,59.907
d67cb07d7efb941b_002.flac,test,古琴吟,许光毅,CD第3册\55\许光毅-古琴吟.wav,1111284,3753204,25.199,85.107
7eb4011cb9732263_001.flac,train,平沙落雁,许光毅,CD第3册\55\许光毅-平沙落雁.wav,0,2641920,0.0,59.907
7eb4011cb9732263_002.flac,train,平沙落雁,许光毅,CD第3册\55\许光毅-平沙落雁.wav,2484293,5126213,56.333,116.241
7eb4011cb9732263_003.flac,train,平沙落雁,许光毅,CD第3册\55\许光毅-平沙落雁.wav,4968586,7610506,112.666,172.574
7eb4011cb9732263_004.flac,train,平沙落雁,许光毅,CD第3册\55\许光毅-平沙落雁.wav,7452878,10094798,169.0,228.907
7eb4011cb9732263_005.flac,train,平沙落雁,许光毅,CD第3册\55\许光毅-平沙落雁.wav,9937171,12579091,225.333,285.24
7eb4011cb9732263_006.flac,train,平沙落雁,许光毅,CD第3册\55\许光毅-平沙落雁.wav,12421464,15063384,281.666,341.573
283653ca206858b5_001.flac,train,梅花三弄1,许光毅,CD第3册\55\许光毅-梅花三弄1.wav,0,2641920,0.0,59.907
283653ca206858b5_002.flac,train,梅花三弄1,许光毅,CD第3册\55\许光毅-梅花三弄1.wav,2622964,5264884,59.478,119.385
283653ca206858b5_003.flac,train,梅花三弄1,许光毅,CD第3册\55\许光毅-梅花三弄1.wav,5245928,7887848,118.955,178.863
283653ca206858b5_004.flac,train,梅花三弄1,许光毅,CD第3册\55\许光毅-梅花三弄1.wav,7868892,10510812,178.433,238.34
283653ca206858b5_005.flac,train,梅花三弄1,许光毅,CD第3册\55\许光毅-梅花三弄1.wav,10491856,13133776,237.911,297.818
283653ca206858b5_006.flac,train,梅花三弄1,许光毅,CD第3册\55\许光毅-梅花三弄1.wav,13114820,15756740,297.388,357.296
283653ca206858b5_007.flac,train,梅花三弄1,许光毅,CD第3册\55\许光毅-梅花三弄1.wav,15737784,18379704,356.866,416.773
29a4f06d2e08ab00_001.flac,train,梅花三弄2,许光毅,CD第3册\55\许光毅-梅花三弄2.wav,0,2641920,0.0,59.907
29a4f06d2e08ab00_002.flac,train,梅花三弄2,许光毅,CD第3册\55\许光毅-梅花三弄2.wav,2530327,5172247,57.377,117.285
29a4f06d2e08ab00_003.flac,train,梅花三弄2,许光毅,CD第3册\55\许光毅-梅花三弄2.wav,5060654,7702574,114.754,174.662
29a4f06d2e08ab00_004.flac,train,梅花三弄2,许光毅,CD第3册\55\许光毅-梅花三弄2.wav,7590981,10232901,172.131,232.039
29a4f06d2e08ab00_005.flac,train,梅花三弄2,许光毅,CD第3册\55\许光毅-梅花三弄2.wav,10121307,12763227,229.508,289.416
29a4f06d2e08ab00_006.flac,train,梅花三弄2,许光毅,CD第3册\55\许光毅-梅花三弄2.wav,12651634,15293554,286.885,346.793
29a4f06d2e08ab00_007.flac,train,梅花三弄2,许光毅,CD第3册\55\许光毅-梅花三弄2.wav,15181961,17823881,344.262,404.17
29a4f06d2e08ab00_008.flac,train,梅花三弄2,许光毅,CD第3册\55\许光毅-梅花三弄2.wav,17712288,20354208,401.639,461.547
0630284f4c182001_001.flac,train,醉渔唱晚,许光毅,CD第3册\55\许光毅-醉渔唱晚.wav,0,2641920,0.0,59.907
0630284f4c182001_002.flac,train,醉渔唱晚,许光毅,CD第3册\55\许光毅-醉渔唱晚.wav,2292015,4933935,51.973,111.881
0630284f4c182001_003.flac,train,醉渔唱晚,许光毅,CD第3册\55\许光毅-醉渔唱晚.wav,4584030,7225950,103.946,163.854
0630284f4c182001_004.flac,train,醉渔唱晚,许光毅,CD第3册\55\许光毅-醉渔唱晚.wav,6876045,9517965,155.919,215.827
0630284f4c182001_005.flac,train,醉渔唱晚,许光毅,CD第3册\55\许光毅-醉渔唱晚.wav,9168060,11809980,207.893,267.8
d58191099c7cac32_001.flac,train,阳关三叠,许光毅,CD第3册\55\许光毅-阳关三叠.wav,0,2641920,0.0,59.907
d58191099c7cac32_002.flac,train,阳关三叠,许光毅,CD第3册\55\许光毅-阳关三叠.wav,2344053,4985973,53.153,113.061
d58191099c7cac32_003.flac,train,阳关三叠,许光毅,CD第3册\55\许光毅-阳关三叠.wav,4688106,7330026,106.306,166.214
d58191099c7cac32_004.flac,train,阳关三叠,许光毅,CD第3册\55\许光毅-阳关三叠.wav,7032159,9674079,159.459,219.367
d58191099c7cac32_005.flac,train,阳关三叠,许光毅,CD第3册\55\许光毅-阳关三叠.wav,9376212,12018132,212.613,272.52
4fd3167b5496ec8f_001.flac,train,平沙落雁,邓文权,CD第4册\72\邓文权-平沙落雁.wav,0,2641920,0.0,59.907
4fd3167b5496ec8f_002.flac,train,平沙落雁,邓文权,CD第4册\72\邓文权-平沙落雁.wav,2444731,5086651,55.436,115.344
4fd3167b5496ec8f_003.flac,train,平沙落雁,邓文权,CD第4册\72\邓文权-平沙落雁.wav,4889462,7531382,110.872,170.78
4fd3167b5496ec8f_004.flac,train,平沙落雁,邓文权,CD第4册\72\邓文权-平沙落雁.wav,7334193,9976113,166.308,226.216
4fd3167b5496ec8f_005.flac,train,平沙落雁,邓文权,CD第4册\72\邓文权-平沙落雁.wav,9778923,12420843,221.744,281.652
4fd3167b5496ec8f_006.flac,train,平沙落雁,邓文权,CD第4册\72\邓文权-平沙落雁.wav,12223654,14865574,277.18,337.088
4fd3167b5496ec8f_007.flac,train,平沙落雁,邓文权,CD第4册\72\邓文权-平沙落雁.wav,14668385,17310305,332.616,392.524
4fd3167b5496ec8f_008.flac,train,平沙落雁,邓文权,CD第4册\72\邓文权-平沙落雁.wav,17113116,19755036,388.053,447.96
d3918d24b8eb886d_001.flac,test,忆故人,邓文权,CD第4册\72\邓文权-忆故人.wav,0,2641920,0.0,59.907
d3918d24b8eb886d_002.flac,test,忆故人,邓文权,CD第4册\72\邓文权-忆故人.wav,2578961,5220881,58.48,118.387
d3918d24b8eb886d_003.flac,test,忆故人,邓文权,CD第4册\72\邓文权-忆故人.wav,5157922,7799842,116.96,176.867
d3918d24b8eb886d_004.flac,test,忆故人,邓文权,CD第4册\72\邓文权-忆故人.wav,7736882,10378802,175.44,235.347
d3918d24b8eb886d_005.flac,test,忆故人,邓文权,CD第4册\72\邓文权-忆故人.wav,10315843,12957763,233.919,293.827
d3918d24b8eb886d_006.flac,test,忆故人,邓文权,CD第4册\72\邓文权-忆故人.wav,12894804,15536724,292.399,352.307
a706615f749106a3_001.flac,test,渔樵问答,邓文权,CD第4册\72\邓文权-渔樵问答.wav,0,2641920,0.0,59.907
a706615f749106a3_002.flac,test,渔樵问答,邓文权,CD第4册\72\邓文权-渔樵问答.wav,2344154,4986074,53.155,113.063
a706615f749106a3_003.flac,test,渔樵问答,邓文权,CD第4册\72\邓文权-渔樵问答.wav,4688308,7330228,106.311,166.218
a706615f749106a3_004.flac,test,渔樵问答,邓文权,CD第4册\72\邓文权-渔樵问答.wav,7032462,9674382,159.466,219.374
a706615f749106a3_005.flac,test,渔樵问答,邓文权,CD第4册\72\邓文权-渔樵问答.wav,9376616,12018536,212.622,272.529
a706615f749106a3_006.flac,test,渔樵问答,邓文权,CD第4册\72\邓文权-渔樵问答.wav,11720770,14362690,265.777,325.685
a706615f749106a3_007.flac,test,渔樵问答,邓文权,CD第4册\72\邓文权-渔樵问答.wav,14064924,16706844,318.933,378.84
6b8cf1105d5391b6_001.flac,train,秋风词,邓文权,CD第4册\72\邓文权-秋风词.wav,0,2641920,0.0,59.907
6b8cf1105d5391b6_002.flac,train,秋风词,邓文权,CD第4册\72\邓文权-秋风词.wav,1648716,4290636,37.386,97.293
89cee3ed9cd6fe27_001.flac,train,良宵引,邓文权,CD第4册\72\邓文权-良宵引.wav,0,2641920,0.0,59.907
89cee3ed9cd6fe27_002.flac,train,良宵引,邓文权,CD第4册\72\邓文权-良宵引.wav,1991547,4633467,45.16,105.067
89cee3ed9cd6fe27_003.flac,train,良宵引,邓文权,CD第4册\72\邓文权-良宵引.wav,3983094,6625014,90.32,150.227
89cee3ed9cd6fe27_004.flac,train,良宵引,邓文权,CD第4册\72\邓文权-良宵引.wav,5974641,8616561,135.479,195.387
89cee3ed9cd6fe27_005.flac,train,良宵引,邓文权,CD第4册\72\邓文权-良宵引.wav,7966188,10608108,180.639,240.547
b96b9bd4071fc3ea_001.flac,train,醉渔唱晚,邓文权,CD第4册\72\邓文权-醉渔唱晚.wav,0,2641920,0.0,59.907
b96b9bd4071fc3ea_002.flac,train,醉渔唱晚,邓文权,CD第4册\72\邓文权-醉渔唱晚.wav,2240978,4882898,50.816,110.723
b96b9bd4071fc3ea_003.flac,train,醉渔唱晚,邓文权,CD第4册\72\邓文权-醉渔唱晚.wav,4481957,7123877,101.632,161.539
b96b9bd4071fc3ea_004.flac,train,醉渔唱晚,邓文权,CD第4册\72\邓文权-醉渔唱晚.wav,6722935,9364855,152.448,212.355
b96b9bd4071fc3ea_005.flac,train,醉渔唱晚,邓文权,CD第4册\72\邓文权-醉渔唱晚.wav,8963914,11605834,203.263,263.171
b96b9bd4071fc3ea_006.flac,train,醉渔唱晚,邓文权,CD第4册\72\邓文权-醉渔唱晚.wav,11204892,13846812,254.079,313.987
380f8db647078d7a_001.flac,train,静观吟,邓文权,CD第4册\72\邓文权-静观吟.wav,0,2641920,0.0,59.907
380f8db647078d7a_002.flac,train,静观吟,邓文权,CD第4册\72\邓文权-静观吟.wav,2015260,4657180,45.698,105.605
380f8db647078d7a_003.flac,train,静观吟,邓文权,CD第4册\72\邓文权-静观吟.wav,4030520,6672440,91.395,151.302
380f8db647078d7a_004.flac,train,静观吟,邓文权,CD第4册\72\邓文权-静观吟.wav,6045780,8687700,137.093,197.0
ed172a3e64812c36_001.flac,train,四大景,陈天乐,CD第4册\62\陈天乐-四大景.wav,0,2641920,0.0,59.907
ed172a3e64812c36_002.flac,train,四大景,陈天乐,CD第4册\62\陈天乐-四大景.wav,2383452,5025372,54.047,113.954
ed172a3e64812c36_003.flac,train,四大景,陈天乐,CD第4册\62\陈天乐-四大景.wav,4766904,7408824,108.093,168.001
ed172a3e64812c36_004.flac,train,四大景,陈天乐,CD第4册\62\陈天乐-四大景.wav,7150356,9792276,162.14,222.047
ed172a3e64812c36_005.flac,train,四大景,陈天乐,CD第4册\62\陈天乐-四大景.wav,9533808,12175728,216.186,276.094
ed172a3e64812c36_006.flac,train,四大景,陈天乐,CD第4册\62\陈天乐-四大景.wav,11917260,14559180,270.233,330.14
ed172a3e64812c36_007.flac,train,四大景,陈天乐,CD第4册\62\陈天乐-四大景.wav,14300712,16942632,324.279,384.187
4a406815a4610362_001.flac,train,凤求凰,陈心园,CD第3册\48\陈心园-凤求凰.wav,0,2641920,0.0,59.907
4a406815a4610362_002.flac,train,凤求凰,陈心园,CD第3册\48\陈心园-凤求凰.wav,1739268,4381188,39.439,99.347
1b190a60bcf3781b_001.flac,train,平沙落雁,陈心园,CD第3册\48\陈心园-平沙落雁.wav,0,2641920,0.0,59.907
1b190a60bcf3781b_002.flac,train,平沙落雁,陈心园,CD第3册\48\陈心园-平沙落雁.wav,2556468,5198388,57.97,117.877
1b190a60bcf3781b_003.flac,train,平沙落雁,陈心园,CD第3册\48\陈心园-平沙落雁.wav,5112936,7754856,115.94,175.847
1b190a60bcf3781b_004.flac,train,平沙落雁,陈心园,CD第3册\48\陈心园-平沙落雁.wav,7669404,10311324,173.909,233.817
1b190a60bcf3781b_005.flac,train,平沙落雁,陈心园,CD第3册\48\陈心园-平沙落雁.wav,10225872,12867792,231.879,291.787
10ea22e59d0e4705_001.flac,train,搔首问天,陈心园,CD第3册\48\陈心园-搔首问天.wav,0,2641920,0.0,59.907
10ea22e59d0e4705_002.flac,train,搔首问天,陈心园,CD第3册\48\陈心园-搔首问天.wav,2568375,5210295,58.24,118.147
10ea22e59d0e4705_003.flac,train,搔首问天,陈心园,CD第3册\48\陈心园-搔首问天.wav,5136750,7778670,116.48,176.387
10ea22e59d0e4705_004.flac,train,搔首问天,陈心园,CD第3册\48\陈心园-搔首问天.wav,7705125,10347045,174.719,234.627
10ea22e59d0e4705_005.flac,train,搔首问天,陈心园,CD第3册\48\陈心园-搔首问天.wav,10273500,12915420,232.959,292.867
5c4cb725cd6d1fd4_001.flac,train,玉楼春晓,陈心园,CD第3册\48\陈心园-玉楼春晓.wav,0,2641920,0.0,59.907
5c4cb725cd6d1fd4_002.flac,train,玉楼春晓,陈心园,CD第3册\48\陈心园-玉楼春晓.wav,2043852,4685772,46.346,106.253
e38384ff43f9bc06_001.flac,validation,秋江夜泊,陈心园,CD第3册\48\陈心园-秋江夜泊.wav,0,2641920,0.0,59.907
e38384ff43f9bc06_002.flac,validation,秋江夜泊,陈心园,CD第3册\48\陈心园-秋江夜泊.wav,1821312,4463232,41.3,101.207
e38384ff43f9bc06_003.flac,validation,秋江夜泊,陈心园,CD第3册\48\陈心园-秋江夜泊.wav,3642624,6284544,82.599,142.507
cbf80e110d0aa50c_001.flac,train,秋风词,陈心园,CD第3册\48\陈心园-秋风词.wav,0,2641920,0.0,59.907
cbf80e110d0aa50c_002.flac,train,秋风词,陈心园,CD第3册\48\陈心园-秋风词.wav,762012,3403932,17.279,77.187
2df3bfa4e34aa6b0_001.flac,train,长门怨,陈心园,CD第3册\48\陈心园-长门怨.wav,0,2641920,0.0,59.907
2df3bfa4e34aa6b0_002.flac,train,长门怨,陈心园,CD第3册\48\陈心园-长门怨.wav,2573468,5215388,58.355,118.263
2df3bfa4e34aa6b0_003.flac,train,长门怨,陈心园,CD第3册\48\陈心园-长门怨.wav,5146936,7788856,116.711,176.618
2df3bfa4e34aa6b0_004.flac,train,长门怨,陈心园,CD第3册\48\陈心园-长门怨.wav,7720404,10362324,175.066,234.973
42e3ff1595b94d21_001.flac,train,风雷引,陈心园,CD第3册\48\陈心园-风雷引.wav,0,2641920,0.0,59.907
42e3ff1595b94d21_002.flac,train,风雷引,陈心园,CD第3册\48\陈心园-风雷引.wav,1638150,4280070,37.146,97.054
42e3ff1595b94d21_003.flac,train,风雷引,陈心园,CD第3册\48\陈心园-风雷引.wav,3276300,5918220,74.293,134.2
fff6d83599cce1ac_001.flac,train,乌夜啼,陈蕾士,CD第4册\61\陈蕾士-乌夜啼.wav,0,2641920,0.0,59.907
fff6d83599cce1ac_002.flac,train,乌夜啼,陈蕾士,CD第4册\61\陈蕾士-乌夜啼.wav,2384262,5026182,54.065,113.972
fff6d83599cce1ac_003.flac,train,乌夜啼,陈蕾士,CD第4册\61\陈蕾士-乌夜啼.wav,4768524,7410444,108.13,168.037
fff6d83599cce1ac_004.flac,train,乌夜啼,陈蕾士,CD第4册\61\陈蕾士-乌夜啼.wav,7152786,9794706,162.195,222.102
fff6d83599cce1ac_005.flac,train,乌夜啼,陈蕾士,CD第4册\61\陈蕾士-乌夜啼.wav,9537048,12178968,216.26,276.167
fff6d83599cce1ac_006.flac,train,乌夜啼,陈蕾士,CD第4册\61\陈蕾士-乌夜啼.wav,11921310,14563230,270.324,330.232
fff6d83599cce1ac_007.flac,train,乌夜啼,陈蕾士,CD第4册\61\陈蕾士-乌夜啼.wav,14305572,16947492,324.389,384.297
fff6d83599cce1ac_008.flac,train,乌夜啼,陈蕾士,CD第4册\61\陈蕾士-乌夜啼.wav,16689834,19331754,378.454,438.362
fff6d83599cce1ac_009.flac,train,乌夜啼,陈蕾士,CD第4册\61\陈蕾士-乌夜啼.wav,19074096,21716016,432.519,492.427
c5afbd5648fb2fc0_001.flac,train,平沙落雁,陈阅聪,CD第4册\62\陈阅聪-平沙落雁.wav,0,2641920,0.0,59.907
c5afbd5648fb2fc0_002.flac,train,平沙落雁,陈阅聪,CD第4册\62\陈阅聪-平沙落雁.wav,2303424,4945344,52.232,112.139
c5afbd5648fb2fc0_003.flac,train,平沙落雁,陈阅聪,CD第4册\62\陈阅聪-平沙落雁.wav,4606848,7248768,104.464,164.371
c5afbd5648fb2fc0_004.flac,train,平沙落雁,陈阅聪,CD第4册\62\陈阅聪-平沙落雁.wav,6910272,9552192,156.696,216.603
c5afbd5648fb2fc0_005.flac,train,平沙落雁,陈阅聪,CD第4册\62\陈阅聪-平沙落雁.wav,9213696,11855616,208.927,268.835
c5afbd5648fb2fc0_006.flac,train,平沙落雁,陈阅聪,CD第4册\62\陈阅聪-平沙落雁.wav,11517120,14159040,261.159,321.067
1cf63cca7e7dbc01_001.flac,validation,归去来辞,陈阅聪,CD第4册\62\陈阅聪-归去来辞.wav,0,2641920,0.0,59.907
1cf63cca7e7dbc01_002.flac,validation,归去来辞,陈阅聪,CD第4册\62\陈阅聪-归去来辞.wav,2450775,5092695,55.573,115.481
1cf63cca7e7dbc01_003.flac,validation,归去来辞,陈阅聪,CD第4册\62\陈阅聪-归去来辞.wav,4901550,7543470,111.146,171.054
1cf63cca7e7dbc01_004.flac,validation,归去来辞,陈阅聪,CD第4册\62\陈阅聪-归去来辞.wav,7352325,9994245,166.719,226.627
1cf63cca7e7dbc01_005.flac,validation,归去来辞,陈阅聪,CD第4册\62\陈阅聪-归去来辞.wav,9803100,12445020,222.293,282.2
d5db10d0f229f322_001.flac,validation,捣衣,陈阅聪,CD第4册\62\陈阅聪-捣衣.wav,0,2641920,0.0,59.907
d5db10d0f229f322_002.flac,validation,捣衣,陈阅聪,CD第4册\62\陈阅聪-捣衣.wav,2541071,5182991,57.621,117.528
d5db10d0f229f322_003.flac,validation,捣衣,陈阅聪,CD第4册\62\陈阅聪-捣衣.wav,5082141,7724061,115.241,175.149
d5db10d0f229f322_004.flac,validation,捣衣,陈阅聪,CD第4册\62\陈阅聪-捣衣.wav,7623212,10265132,172.862,232.769
d5db10d0f229f322_005.flac,validation,捣衣,陈阅聪,CD第4册\62\陈阅聪-捣衣.wav,10164283,12806203,230.483,290.39
d5db10d0f229f322_006.flac,validation,捣衣,陈阅聪,CD第4册\62\陈阅聪-捣衣.wav,12705353,15347273,288.103,348.011
d5db10d0f229f322_007.flac,validation,捣衣,陈阅聪,CD第4册\62\陈阅聪-捣衣.wav,15246424,17888344,345.724,405.631
d5db10d0f229f322_008.flac,validation,捣衣,陈阅聪,CD第4册\62\陈阅聪-捣衣.wav,17787495,20429415,403.345,463.252
d5db10d0f229f322_009.flac,validation,捣衣,陈阅聪,CD第4册\62\陈阅聪-捣衣.wav,20328565,22970485,460.965,520.873
d5db10d0f229f322_010.flac,validation,捣衣,陈阅聪,CD第4册\62\陈阅聪-捣衣.wav,22869636,25511556,518.586,578.493
90c834642832c5ca_001.flac,train,长门怨,陈阅聪,CD第4册\62\陈阅聪-长门怨.wav,0,2641920,0.0,59.907
90c834642832c5ca_002.flac,train,长门怨,陈阅聪,CD第4册\62\陈阅聪-长门怨.wav,2241096,4883016,50.819,110.726
90c834642832c5ca_003.flac,train,长门怨,陈阅聪,CD第4册\62\陈阅聪-长门怨.wav,4482192,7124112,101.637,161.544
90c834642832c5ca_004.flac,train,长门怨,陈阅聪,CD第4册\62\陈阅聪-长门怨.wav,6723288,9365208,152.456,212.363
90c834642832c5ca_005.flac,train,长门怨,陈阅聪,CD第4册\62\陈阅聪-长门怨.wav,8964384,11606304,203.274,263.181
90c834642832c5ca_006.flac,train,长门怨,陈阅聪,CD第4册\62\陈阅聪-长门怨.wav,11205480,13847400,254.093,314.0
2ca58a66f68daa76_001.flac,train,阳关三叠,陈阅聪,CD第4册\62\陈阅聪-阳关三叠.wav,0,2641920,0.0,59.907
2ca58a66f68daa76_002.flac,train,阳关三叠,陈阅聪,CD第4册\62\陈阅聪-阳关三叠.wav,2186175,4828095,49.573,109.481
2ca58a66f68daa76_003.flac,train,阳关三叠,陈阅聪,CD第4册\62\陈阅聪-阳关三叠.wav,4372350,7014270,99.146,159.054
2ca58a66f68daa76_004.flac,train,阳关三叠,陈阅聪,CD第4册\62\陈阅聪-阳关三叠.wav,6558525,9200445,148.719,208.627
2ca58a66f68daa76_005.flac,train,阳关三叠,陈阅聪,CD第4册\62\陈阅聪-阳关三叠.wav,8744700,11386620,198.293,258.2
8971bcc075b90eee_001.flac,train,墨子悲丝,顾梅羹,CD第2册\24\顾梅羹-墨子悲丝.wav,0,2641920,0.0,59.907
8971bcc075b90eee_002.flac,train,墨子悲丝,顾梅羹,CD第2册\24\顾梅羹-墨子悲丝.wav,2550479,5192399,57.834,117.741
8971bcc075b90eee_003.flac,train,墨子悲丝,顾梅羹,CD第2册\24\顾梅羹-墨子悲丝.wav,5100957,7742877,115.668,175.575
8971bcc075b90eee_004.flac,train,墨子悲丝,顾梅羹,CD第2册\24\顾梅羹-墨子悲丝.wav,7651436,10293356,173.502,233.409
8971bcc075b90eee_005.flac,train,墨子悲丝,顾梅羹,CD第2册\24\顾梅羹-墨子悲丝.wav,10201915,12843835,231.336,291.243
8971bcc075b90eee_006.flac,train,墨子悲丝,顾梅羹,CD第2册\24\顾梅羹-墨子悲丝.wav,12752393,15394313,289.17,349.077
8971bcc075b90eee_007.flac,train,墨子悲丝,顾梅羹,CD第2册\24\顾梅羹-墨子悲丝.wav,15302872,17944792,347.004,406.911
8971bcc075b90eee_008.flac,train,墨子悲丝,顾梅羹,CD第2册\24\顾梅羹-墨子悲丝.wav,17853351,20495271,404.838,464.745
8971bcc075b90eee_009.flac,train,墨子悲丝,顾梅羹,CD第2册\24\顾梅羹-墨子悲丝.wav,20403829,23045749,462.672,522.579
8971bcc075b90eee_010.flac,train,墨子悲丝,顾梅羹,CD第2册\24\顾梅羹-墨子悲丝.wav,22954308,25596228,520.506,580.413
ad30ef44d8949044_001.flac,train,平沙落雁1,顾梅羹,CD第2册\24\顾梅羹-平沙落雁1.wav,0,2641920,0.0,59.907
ad30ef44d8949044_002.flac,train,平沙落雁1,顾梅羹,CD第2册\24\顾梅羹-平沙落雁1.wav,2533882,5175802,57.458,117.365
ad30ef44d8949044_003.flac,train,平沙落雁1,顾梅羹,CD第2册\24\顾梅羹-平沙落雁1.wav,5067764,7709684,114.915,174.823
ad30ef44d8949044_004.flac,train,平沙落雁1,顾梅羹,CD第2册\24\顾梅羹-平沙落雁1.wav,7601646,10243566,172.373,232.28
ad30ef44d8949044_005.flac,train,平沙落雁1,顾梅羹,CD第2册\24\顾梅羹-平沙落雁1.wav,10135528,12777448,229.831,289.738
ad30ef44d8949044_006.flac,train,平沙落雁1,顾梅羹,CD第2册\24\顾梅羹-平沙落雁1.wav,12669410,15311330,287.288,347.196
ad30ef44d8949044_007.flac,train,平沙落雁1,顾梅羹,CD第2册\24\顾梅羹-平沙落雁1.wav,15203292,17845212,344.746,404.653
a0869cce3fb1ce6d_001.flac,train,平沙落雁2,顾梅羹,CD第2册\24\顾梅羹-平沙落雁2.wav,0,2641920,0.0,59.907
a0869cce3fb1ce6d_002.flac,train,平沙落雁2,顾梅羹,CD第2册\24\顾梅羹-平沙落雁2.wav,2490370,5132290,56.471,116.378
a0869cce3fb1ce6d_003.flac,train,平沙落雁2,顾梅羹,CD第2册\24\顾梅羹-平沙落雁2.wav,4980740,7622660,112.942,172.849
a0869cce3fb1ce6d_004.flac,train,平沙落雁2,顾梅羹,CD第2册\24\顾梅羹-平沙落雁2.wav,7471110,10113030,169.413,229.32
a0869cce3fb1ce6d_005.flac,train,平沙落雁2,顾梅羹,CD第2册\24\顾梅羹-平沙落雁2.wav,9961480,12603400,225.884,285.791
a0869cce3fb1ce6d_006.flac,train,平沙落雁2,顾梅羹,CD第2册\24\顾梅羹-平沙落雁2.wav,12451850,15093770,282.355,342.262
a0869cce3fb1ce6d_007.flac,train,平沙落雁2,顾梅羹,CD第2册\24\顾梅羹-平沙落雁2.wav,14942220,17584140,338.826,398.733
2c218fdc27d65116_001.flac,train,平沙落雁3,顾梅羹,CD第2册\24\顾梅羹-平沙落雁3.wav,0,2641920,0.0,59.907
2c218fdc27d65116_002.flac,train,平沙落雁3,顾梅羹,CD第2册\24\顾梅羹-平沙落雁3.wav,2247526,4889446,50.964,110.872
2c218fdc27d65116_003.flac,train,平沙落雁3,顾梅羹,CD第2册\24\顾梅羹-平沙落雁3.wav,4495052,7136972,101.929,161.836
2c218fdc27d65116_004.flac,train,平沙落雁3,顾梅羹,CD第2册\24\顾梅羹-平沙落雁3.wav,6742578,9384498,152.893,212.8
2c218fdc27d65116_005.flac,train,平沙落雁3,顾梅羹,CD第2册\24\顾梅羹-平沙落雁3.wav,8990104,11632024,203.857,263.765
2c218fdc27d65116_006.flac,train,平沙落雁3,顾梅羹,CD第2册\24\顾梅羹-平沙落雁3.wav,11237630,13879550,254.822,314.729
2c218fdc27d65116_007.flac,train,平沙落雁3,顾梅羹,CD第2册\24\顾梅羹-平沙落雁3.wav,13485156,16127076,305.786,365.693
89630b5643820e85_001.flac,train,普庵咒,顾梅羹,CD第2册\24\顾梅羹-普庵咒.wav,0,2641920,0.0,59.907
89630b5643820e85_002.flac,train,普庵咒,顾梅羹,CD第2册\24\顾梅羹-普庵咒.wav,2371819,5013739,53.783,113.69
89630b5643820e85_003.flac,train,普庵咒,顾梅羹,CD第2册\24\顾梅羹-普庵咒.wav,4743638,7385558,107.565,167.473
89630b5643820e85_004.flac,train,普庵咒,顾梅羹,CD第2册\24\顾梅羹-普庵咒.wav,7115457,9757377,161.348,221.256
89630b5643820e85_005.flac,train,普庵咒,顾梅羹,CD第2册\24\顾梅羹-普庵咒.wav,9487275,12129195,215.131,275.038
89630b5643820e85_006.flac,train,普庵咒,顾梅羹,CD第2册\24\顾梅羹-普庵咒.wav,11859094,14501014,268.914,328.821
89630b5643820e85_007.flac,train,普庵咒,顾梅羹,CD第2册\24\顾梅羹-普庵咒.wav,14230913,16872833,322.696,382.604
89630b5643820e85_008.flac,train,普庵咒,顾梅羹,CD第2册\24\顾梅羹-普庵咒.wav,16602732,19244652,376.479,436.387
0ff19f555b5077f0_001.flac,train,梅花三弄1,顾梅羹,CD第2册\24\顾梅羹-梅花三弄1.wav,0,2641920,0.0,59.907
0ff19f555b5077f0_002.flac,train,梅花三弄1,顾梅羹,CD第2册\24\顾梅羹-梅花三弄1.wav,2382823,5024743,54.032,113.94
0ff19f555b5077f0_003.flac,train,梅花三弄1,顾梅羹,CD第2册\24\顾梅羹-梅花三弄1.wav,4765646,7407566,108.065,167.972
0ff19f555b5077f0_004.flac,train,梅花三弄1,顾梅羹,CD第2册\24\顾梅羹-梅花三弄1.wav,7148469,9790389,162.097,222.004
0ff19f555b5077f0_005.flac,train,梅花三弄1,顾梅羹,CD第2册\24\顾梅羹-梅花三弄1.wav,9531291,12173211,216.129,276.037
0ff19f555b5077f0_006.flac,train,梅花三弄1,顾梅羹,CD第2册\24\顾梅羹-梅花三弄1.wav,11914114,14556034,270.161,330.069
0ff19f555b5077f0_007.flac,train,梅花三弄1,顾梅羹,CD第2册\24\顾梅羹-梅花三弄1.wav,14296937,16938857,324.194,384.101
0ff19f555b5077f0_008.flac,train,梅花三弄1,顾梅羹,CD第2册\24\顾梅羹-梅花三弄1.wav,16679760,19321680,378.226,438.133
0110426769811756_001.flac,train,梅花三弄2,顾梅羹,CD第2册\24\顾梅羹-梅花三弄2.wav,0,2641920,0.0,59.907
0110426769811756_002.flac,train,梅花三弄2,顾梅羹,CD第2册\24\顾梅羹-梅花三弄2.wav,2610883,5252803,59.204,119.111
0110426769811756_003.flac,train,梅花三弄2,顾梅羹,CD第2册\24\顾梅羹-梅花三弄2.wav,5221766,7863686,118.407,178.315
0110426769811756_004.flac,train,梅花三弄2,顾梅羹,CD第2册\24\顾梅羹-梅花三弄2.wav,7832649,10474569,177.611,237.519
0110426769811756_005.flac,train,梅花三弄2,顾梅羹,CD第2册\24\顾梅羹-梅花三弄2.wav,10443531,13085451,236.815,296.722
0110426769811756_006.flac,train,梅花三弄2,顾梅羹,CD第2册\24\顾梅羹-梅花三弄2.wav,13054414,15696334,296.018,355.926
0110426769811756_007.flac,train,梅花三弄2,顾梅羹,CD第2册\24\顾梅羹-梅花三弄2.wav,15665297,18307217,355.222,415.13
0110426769811756_008.flac,train,梅花三弄2,顾梅羹,CD第2册\24\顾梅羹-梅花三弄2.wav,18276180,20918100,414.426,474.333
a62b8c13f22963e0_001.flac,train,广寒游,高仲钧,CD第4册\64\高仲钧-广寒游.wav,0,2641920,0.0,59.907
a62b8c13f22963e0_002.flac,train,广寒游,高仲钧,CD第4册\64\高仲钧-广寒游.wav,2041527,4683447,46.293,106.201
a62b8c13f22963e0_003.flac,train,广寒游,高仲钧,CD第4册\64\高仲钧-广寒游.wav,4083054,6724974,92.586,152.494
a62b8c13f22963e0_004.flac,train,广寒游,高仲钧,CD第4册\64\高仲钧-广寒游.wav,6124581,8766501,138.879,198.787
a62b8c13f22963e0_005.flac,train,广寒游,高仲钧,CD第4册\64\高仲钧-广寒游.wav,8166108,10808028,185.173,245.08
3917bf68ae149f76_001.flac,test,渔樵问答,高松如,CD第2册\32\高松如-渔樵问答.wav,0,2641920,0.0,59.907
3917bf68ae149f76_002.flac,test,渔樵问答,高松如,CD第2册\32\高松如-渔樵问答.wav,2258499,4900419,51.213,111.121
3917bf68ae149f76_003.flac,test,渔樵问答,高松如,CD第2册\32\高松如-渔樵问答.wav,4516998,7158918,102.426,162.334
3917bf68ae149f76_004.flac,test,渔樵问答,高松如,CD第2册\32\高松如-渔樵问答.wav,6775497,9417417,153.639,213.547
3917bf68ae149f76_005.flac,test,渔樵问答,高松如,CD第2册\32\高松如-渔樵问答.wav,9033996,11675916,204.853,264.76
88b0d8a657f02c72_001.flac,test,忆故人,黄雪辉,CD第2册\22\黄雪辉-忆故人.wav,0,2641920,0.0,59.907
88b0d8a657f02c72_002.flac,test,忆故人,黄雪辉,CD第2册\22\黄雪辉-忆故人.wav,2621767,5263687,59.45,119.358
88b0d8a657f02c72_003.flac,test,忆故人,黄雪辉,CD第2册\22\黄雪辉-忆故人.wav,5243534,7885454,118.901,178.808
88b0d8a657f02c72_004.flac,test,忆故人,黄雪辉,CD第2册\22\黄雪辉-忆故人.wav,7865302,10507222,178.352,238.259
88b0d8a657f02c72_005.flac,test,忆故人,黄雪辉,CD第2册\22\黄雪辉-忆故人.wav,10487069,13128989,237.802,297.71
88b0d8a657f02c72_006.flac,test,忆故人,黄雪辉,CD第2册\22\黄雪辉-忆故人.wav,13108836,15750756,297.253,357.16
6fff09581700062c_001.flac,train,白雪,黄雪辉,CD第2册\22\黄雪辉-白雪.wav,0,2641920,0.0,59.907
6fff09581700062c_002.flac,train,白雪,黄雪辉,CD第2册\22\黄雪辉-白雪.wav,2452894,5094814,55.621,115.529
6fff09581700062c_003.flac,train,白雪,黄雪辉,CD第2册\22\黄雪辉-白雪.wav,4905787,7547707,111.242,171.15
6fff09581700062c_004.flac,train,白雪,黄雪辉,CD第2册\22\黄雪辉-白雪.wav,7358681,10000601,166.864,226.771
6fff09581700062c_005.flac,train,白雪,黄雪辉,CD第2册\22\黄雪辉-白雪.wav,9811574,12453494,222.485,282.392
6fff09581700062c_006.flac,train,白雪,黄雪辉,CD第2册\22\黄雪辉-白雪.wav,12264468,14906388,278.106,338.013
33c6213249981d09_001.flac,validation,秋江夜泊,黄雪辉,CD第2册\22\黄雪辉-秋江夜泊.wav,0,2641920,0.0,59.907
33c6213249981d09_002.flac,validation,秋江夜泊,黄雪辉,CD第2册\22\黄雪辉-秋江夜泊.wav,1907068,4548988,43.244,103.152
33c6213249981d09_003.flac,validation,秋江夜泊,黄雪辉,CD第2册\22\黄雪辉-秋江夜泊.wav,3814136,6456056,86.488,146.396
33c6213249981d09_004.flac,validation,秋江夜泊,黄雪辉,CD第2册\22\黄雪辉-秋江夜泊.wav,5721204,8363124,129.733,189.64
0475eb980d1c5ccf_001.flac,validation,捣衣,龙琴舫,CD第1册\CD05\龙琴舫-捣衣.wav,0,2641920,0.0,59.907
0475eb980d1c5ccf_002.flac,validation,捣衣,龙琴舫,CD第1册\CD05\龙琴舫-捣衣.wav,2487920,5129840,56.415,116.323
0475eb980d1c5ccf_003.flac,validation,捣衣,龙琴舫,CD第1册\CD05\龙琴舫-捣衣.wav,4975840,7617760,112.831,172.738
0475eb980d1c5ccf_004.flac,validation,捣衣,龙琴舫,CD第1册\CD05\龙琴舫-捣衣.wav,7463760,10105680,169.246,229.154
0475eb980d1c5ccf_005.flac,validation,捣衣,龙琴舫,CD第1册\CD05\龙琴舫-捣衣.wav,9951680,12593600,225.662,285.569
0475eb980d1c5ccf_006.flac,validation,捣衣,龙琴舫,CD第1册\CD05\龙琴舫-捣衣.wav,12439600,15081520,282.077,341.985
0475eb980d1c5ccf_007.flac,validation,捣衣,龙琴舫,CD第1册\CD05\龙琴舫-捣衣.wav,14927520,17569440,338.493,398.4
3118bec7a861936c_001.flac,train,岳阳三醉,乐瑛,CD第3册\41\乐瑛-岳阳三醉.wav,0,2641920,0.0,59.907
3118bec7a861936c_002.flac,train,岳阳三醉,乐瑛,CD第3册\41\乐瑛-岳阳三醉.wav,2618066,5259986,59.367,119.274
3118bec7a861936c_003.flac,train,岳阳三醉,乐瑛,CD第3册\41\乐瑛-岳阳三醉.wav,5236131,7878051,118.733,178.641
3118bec7a861936c_004.flac,train,岳阳三醉,乐瑛,CD第3册\41\乐瑛-岳阳三醉.wav,7854196,10496116,178.1,238.007
3118bec7a861936c_005.flac,train,岳阳三醉,乐瑛,CD第3册\41\乐瑛-岳阳三醉.wav,10472262,13114182,237.466,297.374
3118bec7a861936c_006.flac,train,岳阳三醉,乐瑛,CD第3册\41\乐瑛-岳阳三醉.wav,13090328,15732248,296.833,356.74
3118bec7a861936c_007.flac,train,岳阳三醉,乐瑛,CD第3册\41\乐瑛-岳阳三醉.wav,15708393,18350313,356.199,416.107
3118bec7a861936c_008.flac,train,岳阳三醉,乐瑛,CD第3册\41\乐瑛-岳阳三醉.wav,18326458,20968378,415.566,475.473
3118bec7a861936c_009.flac,train,岳阳三醉,乐瑛,CD第3册\41\乐瑛-岳阳三醉.wav,20944524,23586444,474.933,534.84
b3cce13d45adf189_001.flac,test,渔樵问答1,乐瑛,CD第3册\41\乐瑛-渔樵问答1.wav,0,2641920,0.0,59.907
b3cce13d45adf189_002.flac,test,渔樵问答1,乐瑛,CD第3册\41\乐瑛-渔樵问答1.wav,2556703,5198623,57.975,117.883
b3cce13d45adf189_003.flac,test,渔樵问答1,乐瑛,CD第3册\41\乐瑛-渔樵问答1.wav,5113406,7755326,115.95,175.858
b3cce13d45adf189_004.flac,test,渔樵问答1,乐瑛,CD第3册\41\乐瑛-渔樵问答1.wav,7670109,10312029,173.925,233.833
b3cce13d45adf189_005.flac,test,渔樵问答1,乐瑛,CD第3册\41\乐瑛-渔樵问答1.wav,10226811,12868731,231.9,291.808
b3cce13d45adf189_006.flac,test,渔樵问答1,乐瑛,CD第3册\41\乐瑛-渔樵问答1.wav,12783514,15425434,289.876,349.783
b3cce13d45adf189_007.flac,test,渔樵问答1,乐瑛,CD第3册\41\乐瑛-渔樵问答1.wav,15340217,17982137,347.851,407.758
b3cce13d45adf189_008.flac,test,渔樵问答1,乐瑛,CD第3册\41\乐瑛-渔樵问答1.wav,17896920,20538840,405.826,465.733
7b78ee07d96c367a_001.flac,train,韦编三绝1,乐瑛,CD第3册\41\乐瑛-韦编三绝1.wav,0,2641920,0.0,59.907
7b78ee07d96c367a_002.flac,train,韦编三绝1,乐瑛,CD第3册\41\乐瑛-韦编三绝1.wav,2487516,5129436,56.406,116.314
7b78ee07d96c367a_003.flac,train,韦编三绝1,乐瑛,CD第3册\41\乐瑛-韦编三绝1.wav,4975032,7616952,112.813,172.72
951b10ec6948a935_001.flac,test,忆故人1,吴兆基,CD第3册\52\吴兆基-忆故人1.wav,0,2641920,0.0,59.907
951b10ec6948a935_002.flac,test,忆故人1,吴兆基,CD第3册\52\吴兆基-忆故人1.wav,2589883,5231803,58.728,118.635
951b10ec6948a935_003.flac,test,忆故人1,吴兆基,CD第3册\52\吴兆基-忆故人1.wav,5179766,7821686,117.455,177.362
951b10ec6948a935_004.flac,test,忆故人1,吴兆基,CD第3册\52\吴兆基-忆故人1.wav,7769649,10411569,176.183,236.09
951b10ec6948a935_005.flac,test,忆故人1,吴兆基,CD第3册\52\吴兆基-忆故人1.wav,10359531,13001451,234.91,294.817
951b10ec6948a935_006.flac,test,忆故人1,吴兆基,CD第3册\52\吴兆基-忆故人1.wav,12949414,15591334,293.638,353.545
951b10ec6948a935_007.flac,test,忆故人1,吴兆基,CD第3册\52\吴兆基-忆故人1.wav,15539297,18181217,352.365,412.272
951b10ec6948a935_008.flac,test,忆故人1,吴兆基,CD第3册\52\吴兆基-忆故人1.wav,18129180,20771100,411.093,471.0
75c205020028bb47_001.flac,test,忆故人2,吴兆基,CD第3册\52\吴兆基-忆故人2.wav,0,2641920,0.0,59.907
75c205020028bb47_002.flac,test,忆故人2,吴兆基,CD第3册\52\吴兆基-忆故人2.wav,2326879,4968799,52.764,112.671
75c205020028bb47_003.flac,test,忆故人2,吴兆基,CD第3册\52\吴兆基-忆故人2.wav,4653758,7295678,105.527,165.435
75c205020028bb47_004.flac,test,忆故人2,吴兆基,CD第3册\52\吴兆基-忆故人2.wav,6980637,9622557,158.291,218.199
75c205020028bb47_005.flac,test,忆故人2,吴兆基,CD第3册\52\吴兆基-忆故人2.wav,9307515,11949435,211.055,270.962
75c205020028bb47_006.flac,test,忆故人2,吴兆基,CD第3册\52\吴兆基-忆故人2.wav,11634394,14276314,263.818,323.726
75c205020028bb47_007.flac,test,忆故人2,吴兆基,CD第3册\52\吴兆基-忆故人2.wav,13961273,16603193,316.582,376.49
75c205020028bb47_008.flac,test,忆故人2,吴兆基,CD第3册\52\吴兆基-忆故人2.wav,16288152,18930072,369.346,429.253
83ae41ce7c07d0cb_001.flac,train,梅花三弄1,吴兆基,CD第3册\50\吴兆基-梅花三弄1.wav,0,2641920,0.0,59.907
83ae41ce7c07d0cb_002.flac,train,梅花三弄1,吴兆基,CD第3册\50\吴兆基-梅花三弄1.wav,2329206,4971126,52.816,112.724
83ae41ce7c07d0cb_003.flac,train,梅花三弄1,吴兆基,CD第3册\50\吴兆基-梅花三弄1.wav,4658412,7300332,105.633,165.54
83ae41ce7c07d0cb_004.flac,train,梅花三弄1,吴兆基,CD第3册\50\吴兆基-梅花三弄1.wav,6987618,9629538,158.449,218.357
83ae41ce7c07d0cb_005.flac,train,梅花三弄1,吴兆基,CD第3册\50\吴兆基-梅花三弄1.wav,9316824,11958744,211.266,271.173
257cdeb2f1fb5e29_001.flac,train,梅花三弄2,吴兆基,CD第3册\50\吴兆基-梅花三弄2.wav,0,2641920,0.0,59.907
257cdeb2f1fb5e29_002.flac,train,梅花三弄2,吴兆基,CD第3册\50\吴兆基-梅花三弄2.wav,2158686,4800606,48.95,108.857
257cdeb2f1fb5e29_003.flac,train,梅花三弄2,吴兆基,CD第3册\50\吴兆基-梅花三弄2.wav,4317372,6959292,97.9,157.807
257cdeb2f1fb5e29_004.flac,train,梅花三弄2,吴兆基,CD第3册\50\吴兆基-梅花三弄2.wav,6476058,9117978,146.849,206.757
257cdeb2f1fb5e29_005.flac,train,梅花三弄2,吴兆基,CD第3册\50\吴兆基-梅花三弄2.wav,8634744,11276664,195.799,255.707
3656227a3ba0cd1c_001.flac,test,渔樵问答,吴兆基,CD第3册\53\吴兆基-渔樵问答.wav,0,2641920,0.0,59.907
3656227a3ba0cd1c_002.flac,test,渔樵问答,吴兆基,CD第3册\53\吴兆基-渔樵问答.wav,2487403,5129323,56.404,116.311
3656227a3ba0cd1c_003.flac,test,渔樵问答,吴兆基,CD第3册\53\吴兆基-渔樵问答.wav,4974806,7616726,112.807,172.715
3656227a3ba0cd1c_004.flac,test,渔樵问答,吴兆基,CD第3册\53\吴兆基-渔樵问答.wav,7462209,10104129,169.211,229.119
3656227a3ba0cd1c_005.flac,test,渔樵问答,吴兆基,CD第3册\53\吴兆基-渔樵问答.wav,9949611,12591531,225.615,285.522
3656227a3ba0cd1c_006.flac,test,渔樵问答,吴兆基,CD第3册\53\吴兆基-渔樵问答.wav,12437014,15078934,282.018,341.926
3656227a3ba0cd1c_007.flac,test,渔樵问答,吴兆基,CD第3册\53\吴兆基-渔樵问答.wav,14924417,17566337,338.422,398.33
3656227a3ba0cd1c_008.flac,test,渔樵问答,吴兆基,CD第3册\53\吴兆基-渔樵问答.wav,17411820,20053740,394.826,454.733
fe106944cc2392bb_001.flac,train,渔歌1,吴兆基,CD第3册\53\吴兆基-渔歌1.wav,0,2641920,0.0,59.907
fe106944cc2392bb_002.flac,train,渔歌1,吴兆基,CD第3册\53\吴兆基-渔歌1.wav,2520291,5162211,57.149,117.057
fe106944cc2392bb_003.flac,train,渔歌1,吴兆基,CD第3册\53\吴兆基-渔歌1.wav,5040583,7682503,114.299,174.206
fe106944cc2392bb_004.flac,train,渔歌1,吴兆基,CD第3册\53\吴兆基-渔歌1.wav,7560874,10202794,171.448,231.356
fe106944cc2392bb_005.flac,train,渔歌1,吴兆基,CD第3册\53\吴兆基-渔歌1.wav,10081166,12723086,228.598,288.505
fe106944cc2392bb_006.flac,train,渔歌1,吴兆基,CD第3册\53\吴兆基-渔歌1.wav,12601457,15243377,285.747,345.655
fe106944cc2392bb_007.flac,train,渔歌1,吴兆基,CD第3册\53\吴兆基-渔歌1.wav,15121749,17763669,342.897,402.804
fe106944cc2392bb_008.flac,train,渔歌1,吴兆基,CD第3册\53\吴兆基-渔歌1.wav,17642040,20283960,400.046,459.954
fe106944cc2392bb_009.flac,train,渔歌1,吴兆基,CD第3册\53\吴兆基-渔歌1.wav,20162331,22804251,457.196,517.103
fe106944cc2392bb_010.flac,train,渔歌1,吴兆基,CD第3册\53\吴兆基-渔歌1.wav,22682623,25324543,514.345,574.253
fe106944cc2392bb_011.flac,train,渔歌1,吴兆基,CD第3册\53\吴兆基-渔歌1.wav,25202914,27844834,571.495,631.402
fe106944cc2392bb_012.flac,train,渔歌1,吴兆基,CD第3册\53\吴兆基-渔歌1.wav,27723206,30365126,628.644,688.552
fe106944cc2392bb_013.flac,train,渔歌1,吴兆基,CD第3册\53\吴兆基-渔歌1.wav,30243497,32885417,685.794,745.701
fe106944cc2392bb_014.flac,train,渔歌1,吴兆基,CD第3册\53\吴兆基-渔歌1.wav,32763789,35405709,742.943,802.851
fe106944cc2392bb_015.flac,train,渔歌1,吴兆基,CD第3册\53\吴兆基-渔歌1.wav,35284080,37926000,800.093,860.0
76e57ff6ce70a7eb_001.flac,train,渔歌2,吴兆基,CD第3册\53\吴兆基-渔歌2.wav,0,2641920,0.0,59.907
76e57ff6ce70a7eb_002.flac,train,渔歌2,吴兆基,CD第3册\53\吴兆基-渔歌2.wav,2580190,5222110,58.508,118.415
76e57ff6ce70a7eb_003.flac,train,渔歌2,吴兆基,CD第3册\53\吴兆基-渔歌2.wav,5160380,7802300,117.015,176.923
76e57ff6ce70a7eb_004.flac,train,渔歌2,吴兆基,CD第3册\53\吴兆基-渔歌2.wav,7740570,10382490,175.523,235.431
76e57ff6ce70a7eb_005.flac,train,渔歌2,吴兆基,CD第3册\53\吴兆基-渔歌2.wav,10320760,12962680,234.031,293.938
76e57ff6ce70a7eb_006.flac,train,渔歌2,吴兆基,CD第3册\53\吴兆基-渔歌2.wav,12900950,15542870,292.539,352.446
76e57ff6ce70a7eb_007.flac,train,渔歌2,吴兆基,CD第3册\53\吴兆基-渔歌2.wav,15481140,18123060,351.046,410.954
76e57ff6ce70a7eb_008.flac,train,渔歌2,吴兆基,CD第3册\53\吴兆基-渔歌2.wav,18061330,20703250,409.554,469.461
76e57ff6ce70a7eb_009.flac,train,渔歌2,吴兆基,CD第3册\53\吴兆基-渔歌2.wav,20641520,23283440,468.062,527.969
76e57ff6ce70a7eb_010.flac,train,渔歌2,吴兆基,CD第3册\53\吴兆基-渔歌2.wav,23221710,25863630,526.569,586.477
76e57ff6ce70a7eb_011.flac,train,渔歌2,吴兆基,CD第3册\53\吴兆基-渔歌2.wav,25801900,28443820,585.077,644.985
76e57ff6ce70a7eb_012.flac,train,渔歌2,吴兆基,CD第3册\53\吴兆基-渔歌2.wav,28382090,31024010,643.585,703.492
76e57ff6ce70a7eb_013.flac,train,渔歌2,吴兆基,CD第3册\53\吴兆基-渔歌2.wav,30962280,33604200,702.093,762.0
dfdb69f8046ef157_001.flac,train,渔歌3,吴兆基,CD第3册\53\吴兆基-渔歌3.wav,0,2641920,0.0,59.907
dfdb69f8046ef157_002.flac,train,渔歌3,吴兆基,CD第3册\53\吴兆基-渔歌3.wav,2458832,5100752,55.756,115.663
dfdb69f8046ef157_003.flac,train,渔歌3,吴兆基,CD第3册\53\吴兆基-渔歌3.wav,4917665,7559585,111.512,171.419
dfdb69f8046ef157_004.flac,train,渔歌3,吴兆基,CD第3册\53\吴兆基-渔歌3.wav,7376497,10018417,167.268,227.175
dfdb69f8046ef157_005.flac,train,渔歌3,吴兆基,CD第3册\53\吴兆基-渔歌3.wav,9835329,12477249,223.023,282.931
dfdb69f8046ef157_006.flac,train,渔歌3,吴兆基,CD第3册\53\吴兆基-渔歌3.wav,12294162,14936082,278.779,338.687
dfdb69f8046ef157_007.flac,train,渔歌3,吴兆基,CD第3册\53\吴兆基-渔歌3.wav,14752994,17394914,334.535,394.442
dfdb69f8046ef157_008.flac,train,渔歌3,吴兆基,CD第3册\53\吴兆基-渔歌3.wav,17211826,19853746,390.291,450.198
dfdb69f8046ef157_009.flac,train,渔歌3,吴兆基,CD第3册\53\吴兆基-渔歌3.wav,19670658,22312578,446.047,505.954
dfdb69f8046ef157_010.flac,train,渔歌3,吴兆基,CD第3册\53\吴兆基-渔歌3.wav,22129491,24771411,501.803,561.71
dfdb69f8046ef157_011.flac,train,渔歌3,吴兆基,CD第3册\53\吴兆基-渔歌3.wav,24588323,27230243,557.558,617.466
dfdb69f8046ef157_012.flac,train,渔歌3,吴兆基,CD第3册\53\吴兆基-渔歌3.wav,27047155,29689075,613.314,673.222
dfdb69f8046ef157_013.flac,train,渔歌3,吴兆基,CD第3册\53\吴兆基-渔歌3.wav,29505988,32147908,669.07,728.978
dfdb69f8046ef157_014.flac,train,渔歌3,吴兆基,CD第3册\53\吴兆基-渔歌3.wav,31964820,34606740,724.826,784.733
95ee316d54be3355_001.flac,train,潇湘水云1,吴兆基,CD第3册\52\吴兆基-潇湘水云1.wav,0,2641920,0.0,59.907
95ee316d54be3355_002.flac,train,潇湘水云1,吴兆基,CD第3册\52\吴兆基-潇湘水云1.wav,2625351,5267271,59.532,119.439
95ee316d54be3355_003.flac,train,潇湘水云1,吴兆基,CD第3册\52\吴兆基-潇湘水云1.wav,5250701,7892621,119.064,178.971
95ee316d54be3355_004.flac,train,潇湘水云1,吴兆基,CD第3册\52\吴兆基-潇湘水云1.wav,7876052,10517972,178.595,238.503
95ee316d54be3355_005.flac,train,潇湘水云1,吴兆基,CD第3册\52\吴兆基-潇湘水云1.wav,10501403,13143323,238.127,298.035
95ee316d54be3355_006.flac,train,潇湘水云1,吴兆基,CD第3册\52\吴兆基-潇湘水云1.wav,13126753,15768673,297.659,357.566
95ee316d54be3355_007.flac,train,潇湘水云1,吴兆基,CD第3册\52\吴兆基-潇湘水云1.wav,15752104,18394024,357.191,417.098
95ee316d54be3355_008.flac,train,潇湘水云1,吴兆基,CD第3册\52\吴兆基-潇湘水云1.wav,18377455,21019375,416.722,476.63
95ee316d54be3355_009.flac,train,潇湘水云1,吴兆基,CD第3册\52\吴兆基-潇湘水云1.wav,21002805,23644725,476.254,536.162
95ee316d54be3355_010.flac,train,潇湘水云1,吴兆基,CD第3册\52\吴兆基-潇湘水云1.wav,23628156,26270076,535.786,595.693
85cfc46c65a52f11_001.flac,train,潇湘水云2,吴兆基,CD第3册\52\吴兆基-潇湘水云2.wav,0,2641920,0.0,59.907
85cfc46c65a52f11_002.flac,train,潇湘水云2,吴兆基,CD第3册\52\吴兆基-潇湘水云2.wav,2500878,5142798,56.709,116.617
85cfc46c65a52f11_003.flac,train,潇湘水云2,吴兆基,CD第3册\52\吴兆基-潇湘水云2.wav,5001756,7643676,113.419,173.326
85cfc46c65a52f11_004.flac,train,潇湘水云2,吴兆基,CD第3册\52\吴兆基-潇湘水云2.wav,7502634,10144554,170.128,230.035
85cfc46c65a52f11_005.flac,train,潇湘水云2,吴兆基,CD第3册\52\吴兆基-潇湘水云2.wav,10003512,12645432,226.837,286.744
85cfc46c65a52f11_006.flac,train,潇湘水云2,吴兆基,CD第3册\52\吴兆基-潇湘水云2.wav,12504390,15146310,283.546,343.454
85cfc46c65a52f11_007.flac,train,潇湘水云2,吴兆基,CD第3册\52\吴兆基-潇湘水云2.wav,15005268,17647188,340.256,400.163
85cfc46c65a52f11_008.flac,train,潇湘水云2,吴兆基,CD第3册\52\吴兆基-潇湘水云2.wav,17506146,20148066,396.965,456.872
85cfc46c65a52f11_009.flac,train,潇湘水云2,吴兆基,CD第3册\52\吴兆基-潇湘水云2.wav,20007024,22648944,453.674,513.581
85cfc46c65a52f11_010.flac,train,潇湘水云2,吴兆基,CD第3册\52\吴兆基-潇湘水云2.wav,22507902,25149822,510.383,570.291
85cfc46c65a52f11_011.flac,train,潇湘水云2,吴兆基,CD第3册\52\吴兆基-潇湘水云2.wav,25008780,27650700,567.093,627.0
e8487bcf7b963230_001.flac,train,白雪,吴兆基,CD第3册\50\吴兆基-白雪.wav,0,2641920,0.0,59.907
e8487bcf7b963230_002.flac,train,白雪,吴兆基,CD第3册\50\吴兆基-白雪.wav,2545783,5187703,57.728,117.635
e8487bcf7b963230_003.flac,train,白雪,吴兆基,CD第3册\50\吴兆基-白雪.wav,5091566,7733486,115.455,175.362
e8487bcf7b963230_004.flac,train,白雪,吴兆基,CD第3册\50\吴兆基-白雪.wav,7637349,10279269,173.183,233.09
e8487bcf7b963230_005.flac,train,白雪,吴兆基,CD第3册\50\吴兆基-白雪.wav,10183131,12825051,230.91,290.817
e8487bcf7b963230_006.flac,train,白雪,吴兆基,CD第3册\50\吴兆基-白雪.wav,12728914,15370834,288.638,348.545
e8487bcf7b963230_007.flac,train,白雪,吴兆基,CD第3册\50\吴兆基-白雪.wav,15274697,17916617,346.365,406.272
e8487bcf7b963230_008.flac,train,白雪,吴兆基,CD第3册\50\吴兆基-白雪.wav,17820480,20462400,404.093,464.0
494f10685bd74f9f_001.flac,train,胡笳十八拍1,吴兆基,CD第3册\50\吴兆基-胡笳十八拍1.wav,0,2641920,0.0,59.907
494f10685bd74f9f_002.flac,train,胡笳十八拍1,吴兆基,CD第3册\50\吴兆基-胡笳十八拍1.wav,2600240,5242160,58.962,118.87
494f10685bd74f9f_003.flac,train,胡笳十八拍1,吴兆基,CD第3册\50\吴兆基-胡笳十八拍1.wav,5200479,7842399,117.925,177.832
494f10685bd74f9f_004.flac,train,胡笳十八拍1,吴兆基,CD第3册\50\吴兆基-胡笳十八拍1.wav,7800719,10442639,176.887,236.795
494f10685bd74f9f_005.flac,train,胡笳十八拍1,吴兆基,CD第3册\50\吴兆基-胡笳十八拍1.wav,10400959,13042879,235.849,295.757
494f10685bd74f9f_006.flac,train,胡笳十八拍1,吴兆基,CD第3册\50\吴兆基-胡笳十八拍1.wav,13001198,15643118,294.812,354.719
494f10685bd74f9f_007.flac,train,胡笳十八拍1,吴兆基,CD第3册\50\吴兆基-胡笳十八拍1.wav,15601438,18243358,353.774,413.682
494f10685bd74f9f_008.flac,train,胡笳十八拍1,吴兆基,CD第3册\50\吴兆基-胡笳十八拍1.wav,18201677,20843597,412.736,472.644
494f10685bd74f9f_009.flac,train,胡笳十八拍1,吴兆基,CD第3册\50\吴兆基-胡笳十八拍1.wav,20801917,23443837,471.699,531.606
494f10685bd74f9f_010.flac,train,胡笳十八拍1,吴兆基,CD第3册\50\吴兆基-胡笳十八拍1.wav,23402157,26044077,530.661,590.569
494f10685bd74f9f_011.flac,train,胡笳十八拍1,吴兆基,CD第3册\50\吴兆基-胡笳十八拍1.wav,26002396,28644316,589.623,649.531
494f10685bd74f9f_012.flac,train,胡笳十八拍1,吴兆基,CD第3册\50\吴兆基-胡笳十八拍1.wav,28602636,31244556,648.586,708.493
5212075234c0ecc0_001.flac,train,胡笳十八拍2,吴兆基,CD第3册\50\吴兆基-胡笳十八拍2.wav,0,2641920,0.0,59.907
5212075234c0ecc0_002.flac,train,胡笳十八拍2,吴兆基,CD第3册\50\吴兆基-胡笳十八拍2.wav,2566494,5208414,58.197,118.105
5212075234c0ecc0_003.flac,train,胡笳十八拍2,吴兆基,CD第3册\50\吴兆基-胡笳十八拍2.wav,5132989,7774909,116.394,176.302
5212075234c0ecc0_004.flac,train,胡笳十八拍2,吴兆基,CD第3册\50\吴兆基-胡笳十八拍2.wav,7699483,10341403,174.591,234.499
5212075234c0ecc0_005.flac,train,胡笳十八拍2,吴兆基,CD第3册\50\吴兆基-胡笳十八拍2.wav,10265977,12907897,232.789,292.696
5212075234c0ecc0_006.flac,train,胡笳十八拍2,吴兆基,CD第3册\50\吴兆基-胡笳十八拍2.wav,12832472,15474392,290.986,350.893
5212075234c0ecc0_007.flac,train,胡笳十八拍2,吴兆基,CD第3册\50\吴兆基-胡笳十八拍2.wav,15398966,18040886,349.183,409.09
5212075234c0ecc0_008.flac,train,胡笳十八拍2,吴兆基,CD第3册\50\吴兆基-胡笳十八拍2.wav,17965460,20607380,407.38,467.288
5212075234c0ecc0_009.flac,train,胡笳十八拍2,吴兆基,CD第3册\50\吴兆基-胡笳十八拍2.wav,20531955,23173875,465.577,525.485
5212075234c0ecc0_010.flac,train,胡笳十八拍2,吴兆基,CD第3册\50\吴兆基-胡笳十八拍2.wav,23098449,25740369,523.774,583.682
5212075234c0ecc0_011.flac,train,胡笳十八拍2,吴兆基,CD第3册\50\吴兆基-胡笳十八拍2.wav,25664943,28306863,581.971,641.879
5212075234c0ecc0_012.flac,train,胡笳十八拍2,吴兆基,CD第3册\50\吴兆基-胡笳十八拍2.wav,28231437,30873357,640.169,700.076
5212075234c0ecc0_013.flac,train,胡笳十八拍2,吴兆基,CD第3册\50\吴兆基-胡笳十八拍2.wav,30797932,33439852,698.366,758.273
5212075234c0ecc0_014.flac,train,胡笳十八拍2,吴兆基,CD第3册\50\吴兆基-胡笳十八拍2.wav,33364426,36006346,756.563,816.47
5212075234c0ecc0_015.flac,train,胡笳十八拍2,吴兆基,CD第3册\50\吴兆基-胡笳十八拍2.wav,35930920,38572840,814.76,874.668
5212075234c0ecc0_016.flac,train,胡笳十八拍2,吴兆基,CD第3册\50\吴兆基-胡笳十八拍2.wav,38497415,41139335,872.957,932.865
5212075234c0ecc0_017.flac,train,胡笳十八拍2,吴兆基,CD第3册\50\吴兆基-胡笳十八拍2.wav,41063909,43705829,931.154,991.062
5212075234c0ecc0_018.flac,train,胡笳十八拍2,吴兆基,CD第3册\50\吴兆基-胡笳十八拍2.wav,43630403,46272323,989.352,1049.259
5212075234c0ecc0_019.flac,train,胡笳十八拍2,吴兆基,CD第3册\50\吴兆基-胡笳十八拍2.wav,46196898,48838818,1047.549,1107.456
5212075234c0ecc0_020.flac,train,胡笳十八拍2,吴兆基,CD第3册\50\吴兆基-胡笳十八拍2.wav,48763392,51405312,1105.746,1165.653
8f25c2e9dd83e513_001.flac,train,良宵引1,吴兆基,CD第3册\50\吴兆基-良宵引1.wav,0,2641920,0.0,59.907
8f25c2e9dd83e513_002.flac,train,良宵引1,吴兆基,CD第3册\50\吴兆基-良宵引1.wav,2080032,4721952,47.166,107.074
8f25c2e9dd83e513_003.flac,train,良宵引1,吴兆基,CD第3册\50\吴兆基-良宵引1.wav,4160064,6801984,94.333,154.24
176cd5bd490d72c8_001.flac,train,良宵引2,吴兆基,CD第3册\50\吴兆基-良宵引2.wav,0,2641920,0.0,59.907
176cd5bd490d72c8_002.flac,train,良宵引2,吴兆基,CD第3册\50\吴兆基-良宵引2.wav,2071212,4713132,46.966,106.874
176cd5bd490d72c8_003.flac,train,良宵引2,吴兆基,CD第3册\50\吴兆基-良宵引2.wav,4142424,6784344,93.933,153.84
cdd58dcc90c50991_001.flac,train,阳关三叠1,吴兆基,CD第3册\52\吴兆基-阳关三叠1.wav,0,2641920,0.0,59.907
cdd58dcc90c50991_002.flac,train,阳关三叠1,吴兆基,CD第3册\52\吴兆基-阳关三叠1.wav,2201610,4843530,49.923,109.831
cdd58dcc90c50991_003.flac,train,阳关三叠1,吴兆基,CD第3册\52\吴兆基-阳关三叠1.wav,4403220,7045140,99.846,159.754
cdd58dcc90c50991_004.flac,train,阳关三叠1,吴兆基,CD第3册\52\吴兆基-阳关三叠1.wav,6604830,9246750,149.769,209.677
cdd58dcc90c50991_005.flac,train,阳关三叠1,吴兆基,CD第3册\52\吴兆基-阳关三叠1.wav,8806440,11448360,199.693,259.6
39d6a8085d79ca50_001.flac,train,阳关三叠2,吴兆基,CD第3册\52\吴兆基-阳关三叠2.wav,0,2641920,0.0,59.907
39d6a8085d79ca50_002.flac,train,阳关三叠2,吴兆基,CD第3册\52\吴兆基-阳关三叠2.wav,2131846,4773766,48.341,108.249
39d6a8085d79ca50_003.flac,train,阳关三叠2,吴兆基,CD第3册\52\吴兆基-阳关三叠2.wav,4263691,6905611,96.682,156.59
39d6a8085d79ca50_004.flac,train,阳关三叠2,吴兆基,CD第3册\52\吴兆基-阳关三叠2.wav,6395537,9037457,145.024,204.931
39d6a8085d79ca50_005.flac,train,阳关三叠2,吴兆基,CD第3册\52\吴兆基-阳关三叠2.wav,8527382,11169302,193.365,253.272
39d6a8085d79ca50_006.flac,train,阳关三叠2,吴兆基,CD第3册\52\吴兆基-阳关三叠2.wav,10659228,13301148,241.706,301.613
6a268a81a8ce0905_001.flac,train,阳春,吴兆基,CD第3册\52\吴兆基-阳春.wav,0,2641920,0.0,59.907
6a268a81a8ce0905_002.flac,train,阳春,吴兆基,CD第3册\52\吴兆基-阳春.wav,2384454,5026374,54.069,113.977
6a268a81a8ce0905_003.flac,train,阳春,吴兆基,CD第3册\52\吴兆基-阳春.wav,4768908,7410828,108.139,168.046
6a268a81a8ce0905_004.flac,train,阳春,吴兆基,CD第3册\52\吴兆基-阳春.wav,7153362,9795282,162.208,222.115
6a268a81a8ce0905_005.flac,train,阳春,吴兆基,CD第3册\52\吴兆基-阳春.wav,9537816,12179736,216.277,276.184
6a268a81a8ce0905_006.flac,train,阳春,吴兆基,CD第3册\52\吴兆基-阳春.wav,11922270,14564190,270.346,330.254
6a268a81a8ce0905_007.flac,train,阳春,吴兆基,CD第3册\52\吴兆基-阳春.wav,14306724,16948644,324.416,384.323
6a268a81a8ce0905_008.flac,train,阳春,吴兆基,CD第3册\52\吴兆基-阳春.wav,16691178,19333098,378.485,438.392
6a268a81a8ce0905_009.flac,train,阳春,吴兆基,CD第3册\52\吴兆基-阳春.wav,19075632,21717552,432.554,492.461
6a268a81a8ce0905_010.flac,train,阳春,吴兆基,CD第3册\52\吴兆基-阳春.wav,21460086,24102006,486.623,546.531
6a268a81a8ce0905_011.flac,train,阳春,吴兆基,CD第3册\52\吴兆基-阳春.wav,23844540,26486460,540.693,600.6
e966797de27d6ebf_001.flac,train,鸥鹭忘机1,吴兆基,CD第3册\50\吴兆基-鸥鹭忘机1.wav,0,2641920,0.0,59.907
e966797de27d6ebf_002.flac,train,鸥鹭忘机1,吴兆基,CD第3册\50\吴兆基-鸥鹭忘机1.wav,2287078,4928998,51.861,111.769
e966797de27d6ebf_003.flac,train,鸥鹭忘机1,吴兆基,CD第3册\50\吴兆基-鸥鹭忘机1.wav,4574155,7216075,103.722,163.63
e966797de27d6ebf_004.flac,train,鸥鹭忘机1,吴兆基,CD第3册\50\吴兆基-鸥鹭忘机1.wav,6861233,9503153,155.584,215.491
e966797de27d6ebf_005.flac,train,鸥鹭忘机1,吴兆基,CD第3册\50\吴兆基-鸥鹭忘机1.wav,9148310,11790230,207.445,267.352
e966797de27d6ebf_006.flac,train,鸥鹭忘机1,吴兆基,CD第3册\50\吴兆基-鸥鹭忘机1.wav,11435388,14077308,259.306,319.213
1f90295303a04d53_001.flac,train,鸥鹭忘机2,吴兆基,CD第3册\50\吴兆基-鸥鹭忘机2.wav,0,2641920,0.0,59.907
1f90295303a04d53_002.flac,train,鸥鹭忘机2,吴兆基,CD第3册\50\吴兆基-鸥鹭忘机2.wav,2406089,5048009,54.56,114.467
1f90295303a04d53_003.flac,train,鸥鹭忘机2,吴兆基,CD第3册\50\吴兆基-鸥鹭忘机2.wav,4812178,7454098,109.12,169.027
1f90295303a04d53_004.flac,train,鸥鹭忘机2,吴兆基,CD第3册\50\吴兆基-鸥鹭忘机2.wav,7218266,9860186,163.68,223.587
1f90295303a04d53_005.flac,train,鸥鹭忘机2,吴兆基,CD第3册\50\吴兆基-鸥鹭忘机2.wav,9624355,12266275,218.239,278.147
1f90295303a04d53_006.flac,train,鸥鹭忘机2,吴兆基,CD第3册\50\吴兆基-鸥鹭忘机2.wav,12030444,14672364,272.799,332.707
762bd8d425b15cba_001.flac,validation,关山月,喻绍泽,CD第2册\36\喻绍泽-关山月.wav,0,2641920,0.0,59.907
762bd8d425b15cba_002.flac,validation,关山月,喻绍泽,CD第2册\36\喻绍泽-关山月.wav,2092968,4734888,47.46,107.367
762bd8d425b15cba_003.flac,validation,关山月,喻绍泽,CD第2册\36\喻绍泽-关山月.wav,4185936,6827856,94.919,154.827
047524c9b3750f08_001.flac,train,幽兰,喻绍泽,CD第2册\38\喻绍泽-幽兰.wav,0,2641920,0.0,59.907
047524c9b3750f08_002.flac,train,幽兰,喻绍泽,CD第2册\38\喻绍泽-幽兰.wav,2532658,5174578,57.43,117.337
047524c9b3750f08_003.flac,train,幽兰,喻绍泽,CD第2册\38\喻绍泽-幽兰.wav,5065317,7707237,114.86,174.767
047524c9b3750f08_004.flac,train,幽兰,喻绍泽,CD第2册\38\喻绍泽-幽兰.wav,7597976,10239896,172.29,232.197
047524c9b3750f08_005.flac,train,幽兰,喻绍泽,CD第2册\38\喻绍泽-幽兰.wav,10130634,12772554,229.72,289.627
047524c9b3750f08_006.flac,train,幽兰,喻绍泽,CD第2册\38\喻绍泽-幽兰.wav,12663292,15305212,287.149,347.057
047524c9b3750f08_007.flac,train,幽兰,喻绍泽,CD第2册\38\喻绍泽-幽兰.wav,15195951,17837871,344.579,404.487
047524c9b3750f08_008.flac,train,幽兰,喻绍泽,CD第2册\38\喻绍泽-幽兰.wav,17728610,20370530,402.009,461.917
047524c9b3750f08_009.flac,train,幽兰,喻绍泽,CD第2册\38\喻绍泽-幽兰.wav,20261268,22903188,459.439,519.347
68803ebd3351d729_001.flac,train,春山听杜鹃1,喻绍泽,CD第2册\36\喻绍泽-春山听杜鹃1.wav,0,2641920,0.0,59.907
68803ebd3351d729_002.flac,train,春山听杜鹃1,喻绍泽,CD第2册\36\喻绍泽-春山听杜鹃1.wav,2220380,4862300,50.349,110.256
68803ebd3351d729_003.flac,train,春山听杜鹃1,喻绍泽,CD第2册\36\喻绍泽-春山听杜鹃1.wav,4440760,7082680,100.698,160.605
68803ebd3351d729_004.flac,train,春山听杜鹃1,喻绍泽,CD第2册\36\喻绍泽-春山听杜鹃1.wav,6661140,9303060,151.046,210.954
68803ebd3351d729_005.flac,train,春山听杜鹃1,喻绍泽,CD第2册\36\喻绍泽-春山听杜鹃1.wav,8881520,11523440,201.395,261.302
68803ebd3351d729_006.flac,train,春山听杜鹃1,喻绍泽,CD第2册\36\喻绍泽-春山听杜鹃1.wav,11101900,13743820,251.744,311.651
68803ebd3351d729_007.flac,train,春山听杜鹃1,喻绍泽,CD第2册\36\喻绍泽-春山听杜鹃1.wav,13322280,15964200,302.093,362.0
9c91d925848f86c1_001.flac,train,春山听杜鹃2,喻绍泽,CD第2册\36\喻绍泽-春山听杜鹃2.wav,0,2641920,0.0,59.907
9c91d925848f86c1_002.flac,train,春山听杜鹃2,喻绍泽,CD第2册\36\喻绍泽-春山听杜鹃2.wav,2278886,4920806,51.675,111.583
9c91d925848f86c1_003.flac,train,春山听杜鹃2,喻绍泽,CD第2册\36\喻绍泽-春山听杜鹃2.wav,4557772,7199692,103.351,163.258
9c91d925848f86c1_004.flac,train,春山听杜鹃2,喻绍泽,CD第2册\36\喻绍泽-春山听杜鹃2.wav,6836658,9478578,155.026,214.934
9c91d925848f86c1_005.flac,train,春山听杜鹃2,喻绍泽,CD第2册\36\喻绍泽-春山听杜鹃2.wav,9115544,11757464,206.702,266.609
9c91d925848f86c1_006.flac,train,春山听杜鹃2,喻绍泽,CD第2册\36\喻绍泽-春山听杜鹃2.wav,11394430,14036350,258.377,318.285
9c91d925848f86c1_007.flac,train,春山听杜鹃2,喻绍泽,CD第2册\36\喻绍泽-春山听杜鹃2.wav,13673316,16315236,310.053,369.96
4dffc7379be912d5_001.flac,train,欢乐的除夕,喻绍泽,CD第2册\36\喻绍泽-欢乐的除夕.wav,0,2641920,0.0,59.907
4dffc7379be912d5_002.flac,train,欢乐的除夕,喻绍泽,CD第2册\36\喻绍泽-欢乐的除夕.wav,2338704,4980624,53.032,112.939
4dffc7379be912d5_003.flac,train,欢乐的除夕,喻绍泽,CD第2册\36\喻绍泽-欢乐的除夕.wav,4677408,7319328,106.064,165.971
4dffc7379be912d5_004.flac,train,欢乐的除夕,喻绍泽,CD第2册\36\喻绍泽-欢乐的除夕.wav,7016112,9658032,159.096,219.003
4dffc7379be912d5_005.flac,train,欢乐的除夕,喻绍泽,CD第2册\36\喻绍泽-欢乐的除夕.wav,9354816,11996736,212.127,272.035
4dffc7379be912d5_006.flac,train,欢乐的除夕,喻绍泽,CD第2册\36\喻绍泽-欢乐的除夕.wav,11693520,14335440,265.159,325.067
effbe4abc84b6b5e_001.flac,train,流水1,喻绍泽,CD第2册\36\喻绍泽-流水1.wav,0,2641920,0.0,59.907
effbe4abc84b6b5e_002.flac,train,流水1,喻绍泽,CD第2册\36\喻绍泽-流水1.wav,2493336,5135256,56.538,116.446
effbe4abc84b6b5e_003.flac,train,流水1,喻绍泽,CD第2册\36\喻绍泽-流水1.wav,4986672,7628592,113.076,172.984
effbe4abc84b6b5e_004.flac,train,流水1,喻绍泽,CD第2册\36\喻绍泽-流水1.wav,7480008,10121928,169.615,229.522
effbe4abc84b6b5e_005.flac,train,流水1,喻绍泽,CD第2册\36\喻绍泽-流水1.wav,9973344,12615264,226.153,286.06
effbe4abc84b6b5e_006.flac,train,流水1,喻绍泽,CD第2册\36\喻绍泽-流水1.wav,12466680,15108600,282.691,342.599
effbe4abc84b6b5e_007.flac,train,流水1,喻绍泽,CD第2册\36\喻绍泽-流水1.wav,14960016,17601936,339.229,399.137
effbe4abc84b6b5e_008.flac,train,流水1,喻绍泽,CD第2册\36\喻绍泽-流水1.wav,17453352,20095272,395.768,455.675
effbe4abc84b6b5e_009.flac,train,流水1,喻绍泽,CD第2册\36\喻绍泽-流水1.wav,19946688,22588608,452.306,512.213
35b2109b14828234_001.flac,train,流水2,喻绍泽,CD第2册\36\喻绍泽-流水2.wav,0,2641920,0.0,59.907
35b2109b14828234_002.flac,train,流水2,喻绍泽,CD第2册\36\喻绍泽-流水2.wav,2445655,5087575,55.457,115.365
35b2109b14828234_003.flac,train,流水2,喻绍泽,CD第2册\36\喻绍泽-流水2.wav,4891310,7533230,110.914,170.822
35b2109b14828234_004.flac,train,流水2,喻绍泽,CD第2册\36\喻绍泽-流水2.wav,7336965,9978885,166.371,226.279
35b2109b14828234_005.flac,train,流水2,喻绍泽,CD第2册\36\喻绍泽-流水2.wav,9782619,12424539,221.828,281.736
35b2109b14828234_006.flac,train,流水2,喻绍泽,CD第2册\36\喻绍泽-流水2.wav,12228274,14870194,277.285,337.193
35b2109b14828234_007.flac,train,流水2,喻绍泽,CD第2册\36\喻绍泽-流水2.wav,14673929,17315849,332.742,392.65
35b2109b14828234_008.flac,train,流水2,喻绍泽,CD第2册\36\喻绍泽-流水2.wav,17119584,19761504,388.199,448.107
1b6e5befbe465c23_001.flac,train,秋水1,喻绍泽,CD第2册\38\喻绍泽-秋水1.wav,0,2641920,0.0,59.907
1b6e5befbe465c23_002.flac,train,秋水1,喻绍泽,CD第2册\38\喻绍泽-秋水1.wav,2354935,4996855,53.4,113.307
1b6e5befbe465c23_003.flac,train,秋水1,喻绍泽,CD第2册\38\喻绍泽-秋水1.wav,4709870,7351790,106.8,166.707
1b6e5befbe465c23_004.flac,train,秋水1,喻绍泽,CD第2册\38\喻绍泽-秋水1.wav,7064805,9706725,160.2,220.107
1b6e5befbe465c23_005.flac,train,秋水1,喻绍泽,CD第2册\38\喻绍泽-秋水1.wav,9419739,12061659,213.6,273.507
1b6e5befbe465c23_006.flac,train,秋水1,喻绍泽,CD第2册\38\喻绍泽-秋水1.wav,11774674,14416594,266.999,326.907
1b6e5befbe465c23_007.flac,train,秋水1,喻绍泽,CD第2册\38\喻绍泽-秋水1.wav,14129609,16771529,320.399,380.307
1b6e5befbe465c23_008.flac,train,秋水1,喻绍泽,CD第2册\38\喻绍泽-秋水1.wav,16484544,19126464,373.799,433.707
acfbd2037385398a_001.flac,train,秋水2,喻绍泽,CD第2册\38\喻绍泽-秋水2.wav,0,2641920,0.0,59.907
acfbd2037385398a_002.flac,train,秋水2,喻绍泽,CD第2册\38\喻绍泽-秋水2.wav,2470015,5111935,56.009,115.917
acfbd2037385398a_003.flac,train,秋水2,喻绍泽,CD第2册\38\喻绍泽-秋水2.wav,4940030,7581950,112.019,171.926
acfbd2037385398a_004.flac,train,秋水2,喻绍泽,CD第2册\38\喻绍泽-秋水2.wav,7410045,10051965,168.028,227.936
acfbd2037385398a_005.flac,train,秋水2,喻绍泽,CD第2册\38\喻绍泽-秋水2.wav,9880059,12521979,224.038,283.945
acfbd2037385398a_006.flac,train,秋水2,喻绍泽,CD第2册\38\喻绍泽-秋水2.wav,12350074,14991994,280.047,339.955
acfbd2037385398a_007.flac,train,秋水2,喻绍泽,CD第2册\38\喻绍泽-秋水2.wav,14820089,17462009,336.056,395.964
acfbd2037385398a_008.flac,train,秋水2,喻绍泽,CD第2册\38\喻绍泽-秋水2.wav,17290104,19932024,392.066,451.973
686f65f254aab25b_001.flac,train,胡笳十八拍,喻绍泽,CD第2册\36\喻绍泽-胡笳十八拍.wav,0,2641920,0.0,59.907
686f65f254aab25b_002.flac,train,胡笳十八拍,喻绍泽,CD第2册\36\喻绍泽-胡笳十八拍.wav,2557209,5199129,57.987,117.894
686f65f254aab25b_003.flac,train,胡笳十八拍,喻绍泽,CD第2册\36\喻绍泽-胡笳十八拍.wav,5114418,7756338,115.973,175.881
686f65f254aab25b_004.flac,train,胡笳十八拍,喻绍泽,CD第2册\36\喻绍泽-胡笳十八拍.wav,7671627,10313547,173.96,233.867
686f65f254aab25b_005.flac,train,胡笳十八拍,喻绍泽,CD第2册\36\喻绍泽-胡笳十八拍.wav,10228836,12870756,231.946,291.854
686f65f254aab25b_006.flac,train,胡笳十八拍,喻绍泽,CD第2册\36\喻绍泽-胡笳十八拍.wav,12786045,15427965,289.933,349.84
686f65f254aab25b_007.flac,train,胡笳十八拍,喻绍泽,CD第2册\36\喻绍泽-胡笳十八拍.wav,15343254,17985174,347.92,407.827
686f65f254aab25b_008.flac,train,胡笳十八拍,喻绍泽,CD第2册\36\喻绍泽-胡笳十八拍.wav,17900463,20542383,405.906,465.814
686f65f254aab25b_009.flac,train,胡笳十八拍,喻绍泽,CD第2册\36\喻绍泽-胡笳十八拍.wav,20457672,23099592,463.893,523.8
686f65f254aab25b_010.flac,train,胡笳十八拍,喻绍泽,CD第2册\36\喻绍泽-胡笳十八拍.wav,23014881,25656801,521.879,581.787
686f65f254aab25b_011.flac,train,胡笳十八拍,喻绍泽,CD第2册\36\喻绍泽-胡笳十八拍.wav,25572090,28214010,579.866,639.773
686f65f254aab25b_012.flac,train,胡笳十八拍,喻绍泽,CD第2册\36\喻绍泽-胡笳十八拍.wav,28129299,30771219,637.853,697.76
686f65f254aab25b_013.flac,train,胡笳十八拍,喻绍泽,CD第2册\36\喻绍泽-胡笳十八拍.wav,30686508,33328428,695.839,755.747
0c135dd582bff495_001.flac,validation,跃进歌声1,喻绍泽,CD第2册\38\喻绍泽-跃进歌声1.wav,0,2641920,0.0,59.907
0c135dd582bff495_002.flac,validation,跃进歌声1,喻绍泽,CD第2册\38\喻绍泽-跃进歌声1.wav,2527215,5169135,57.306,117.214
0c135dd582bff495_003.flac,validation,跃进歌声1,喻绍泽,CD第2册\38\喻绍泽-跃进歌声1.wav,5054430,7696350,114.613,174.52
0c135dd582bff495_004.flac,validation,跃进歌声1,喻绍泽,CD第2册\38\喻绍泽-跃进歌声1.wav,7581645,10223565,171.919,231.827
0c135dd582bff495_005.flac,validation,跃进歌声1,喻绍泽,CD第2册\38\喻绍泽-跃进歌声1.wav,10108860,12750780,229.226,289.133
83fe9846f33a9648_001.flac,validation,跃进歌声2,喻绍泽,CD第2册\38\喻绍泽-跃进歌声2.wav,0,2641920,0.0,59.907
83fe9846f33a9648_002.flac,validation,跃进歌声2,喻绍泽,CD第2册\38\喻绍泽-跃进歌声2.wav,2342730,4984650,53.123,113.031
83fe9846f33a9648_003.flac,validation,跃进歌声2,喻绍泽,CD第2册\38\喻绍泽-跃进歌声2.wav,4685460,7327380,106.246,166.154
83fe9846f33a9648_004.flac,validation,跃进歌声2,喻绍泽,CD第2册\38\喻绍泽-跃进歌声2.wav,7028190,9670110,159.369,219.277
83fe9846f33a9648_005.flac,validation,跃进歌声2,喻绍泽,CD第2册\38\喻绍泽-跃进歌声2.wav,9370920,12012840,212.493,272.4
9249a5b4289d5acf_001.flac,train,酒狂,喻绍泽,CD第2册\36\喻绍泽-酒狂.wav,0,2641920,0.0,59.907
9249a5b4289d5acf_002.flac,train,酒狂,喻绍泽,CD第2册\36\喻绍泽-酒狂.wav,2495436,5137356,56.586,116.493
e5d317c7483b5c1e_001.flac,train,醉渔晚唱1,喻绍泽,CD第2册\38\喻绍泽-醉渔晚唱1.wav,0,2641920,0.0,59.907
e5d317c7483b5c1e_002.flac,train,醉渔晚唱1,喻绍泽,CD第2册\38\喻绍泽-醉渔晚唱1.wav,2227335,4869255,50.506,110.414
e5d317c7483b5c1e_003.flac,train,醉渔晚唱1,喻绍泽,CD第2册\38\喻绍泽-醉渔晚唱1.wav,4454670,7096590,101.013,160.92
e5d317c7483b5c1e_004.flac,train,醉渔晚唱1,喻绍泽,CD第2册\38\喻绍泽-醉渔晚唱1.wav,6682005,9323925,151.519,211.427
e5d317c7483b5c1e_005.flac,train,醉渔晚唱1,喻绍泽,CD第2册\38\喻绍泽-醉渔晚唱1.wav,8909340,11551260,202.026,261.933
22d9e8c464af6121_001.flac,train,高山2,喻绍泽,CD第2册\36\喻绍泽-高山2.wav,0,2641920,0.0,59.907
22d9e8c464af6121_002.flac,train,高山2,喻绍泽,CD第2册\36\喻绍泽-高山2.wav,2389625,5031545,54.187,114.094
22d9e8c464af6121_003.flac,train,高山2,喻绍泽,CD第2册\36\喻绍泽-高山2.wav,4779250,7421170,108.373,168.28
22d9e8c464af6121_004.flac,train,高山2,喻绍泽,CD第2册\36\喻绍泽-高山2.wav,7168874,9810794,162.56,222.467
22d9e8c464af6121_005.flac,train,高山2,喻绍泽,CD第2册\36\喻绍泽-高山2.wav,9558499,12200419,216.746,276.653
22d9e8c464af6121_006.flac,train,高山2,喻绍泽,CD第2册\36\喻绍泽-高山2.wav,11948124,14590044,270.933,330.84
4fb1891684d6d201_001.flac,train,乌夜啼2,姚丙炎,CD第4册\68\姚丙炎-乌夜啼2.wav,0,2641920,0.0,59.907
4fb1891684d6d201_002.flac,train,乌夜啼2,姚丙炎,CD第4册\68\姚丙炎-乌夜啼2.wav,2603072,5244992,59.027,118.934
4fb1891684d6d201_003.flac,train,乌夜啼2,姚丙炎,CD第4册\68\姚丙炎-乌夜啼2.wav,5206143,7848063,118.053,177.961
4fb1891684d6d201_004.flac,train,乌夜啼2,姚丙炎,CD第4册\68\姚丙炎-乌夜啼2.wav,7809214,10451134,177.08,236.987
4fb1891684d6d201_005.flac,train,乌夜啼2,姚丙炎,CD第4册\68\姚丙炎-乌夜啼2.wav,10412286,13054206,236.106,296.014
4fb1891684d6d201_006.flac,train,乌夜啼2,姚丙炎,CD第4册\68\姚丙炎-乌夜啼2.wav,13015358,15657278,295.133,355.04
4fb1891684d6d201_007.flac,train,乌夜啼2,姚丙炎,CD第4册\68\姚丙炎-乌夜啼2.wav,15618429,18260349,354.159,414.067
4fb1891684d6d201_008.flac,train,乌夜啼2,姚丙炎,CD第4册\68\姚丙炎-乌夜啼2.wav,18221500,20863420,413.186,473.093
4fb1891684d6d201_009.flac,train,乌夜啼2,姚丙炎,CD第4册\68\姚丙炎-乌夜啼2.wav,20824572,23466492,472.213,532.12
fc4df6d7b5264a04_001.flac,train,古怨,姚丙炎,CD第4册\66\姚丙炎-古怨.wav,0,2641920,0.0,59.907
fc4df6d7b5264a04_002.flac,train,古怨,姚丙炎,CD第4册\66\姚丙炎-古怨.wav,1527018,4168938,34.626,94.534
fc4df6d7b5264a04_003.flac,train,古怨,姚丙炎,CD第4册\66\姚丙炎-古怨.wav,3054036,5695956,69.253,129.16
ae49e13e007f9b5d_001.flac,train,古风操,姚丙炎,CD第4册\66\姚丙炎-古风操.wav,0,2641920,0.0,59.907
ae49e13e007f9b5d_002.flac,train,古风操,姚丙炎,CD第4册\66\姚丙炎-古风操.wav,2533484,5175404,57.449,117.356
ae49e13e007f9b5d_003.flac,train,古风操,姚丙炎,CD第4册\66\姚丙炎-古风操.wav,5066968,7708888,114.897,174.805
ae49e13e007f9b5d_004.flac,train,古风操,姚丙炎,CD第4册\66\姚丙炎-古风操.wav,7600452,10242372,172.346,232.253
46b28749a6599f28_001.flac,train,大胡笳,姚丙炎,CD第4册\65\姚丙炎-大胡笳.wav,0,2641920,0.0,59.907
46b28749a6599f28_002.flac,train,大胡笳,姚丙炎,CD第4册\65\姚丙炎-大胡笳.wav,2609590,5251510,59.174,119.082
46b28749a6599f28_003.flac,train,大胡笳,姚丙炎,CD第4册\65\姚丙炎-大胡笳.wav,5219180,7861100,118.349,178.256
46b28749a6599f28_004.flac,train,大胡笳,姚丙炎,CD第4册\65\姚丙炎-大胡笳.wav,7828770,10470690,177.523,237.431
46b28749a6599f28_005.flac,train,大胡笳,姚丙炎,CD第4册\65\姚丙炎-大胡笳.wav,10438360,13080280,236.698,296.605
46b28749a6599f28_006.flac,train,大胡笳,姚丙炎,CD第4册\65\姚丙炎-大胡笳.wav,13047950,15689870,295.872,355.779
46b28749a6599f28_007.flac,train,大胡笳,姚丙炎,CD第4册\65\姚丙炎-大胡笳.wav,15657540,18299460,355.046,414.954
46b28749a6599f28_008.flac,train,大胡笳,姚丙炎,CD第4册\65\姚丙炎-大胡笳.wav,18267130,20909050,414.221,474.128
46b28749a6599f28_009.flac,train,大胡笳,姚丙炎,CD第4册\65\姚丙炎-大胡笳.wav,20876720,23518640,473.395,533.302
46b28749a6599f28_010.flac,train,大胡笳,姚丙炎,CD第4册\65\姚丙炎-大胡笳.wav,23486310,26128230,532.569,592.477
46b28749a6599f28_011.flac,train,大胡笳,姚丙炎,CD第4册\65\姚丙炎-大胡笳.wav,26095900,28737820,591.744,651.651
46b28749a6599f28_012.flac,train,大胡笳,姚丙炎,CD第4册\65\姚丙炎-大胡笳.wav,28705490,31347410,650.918,710.826
46b28749a6599f28_013.flac,train,大胡笳,姚丙炎,CD第4册\65\姚丙炎-大胡笳.wav,31315080,33957000,710.093,770.0
04eb751a7d891a4f_001.flac,train,孤馆遇神1,姚丙炎,CD第4册\65\姚丙炎-孤馆遇神1.wav,0,2641920,0.0,59.907
04eb751a7d891a4f_002.flac,train,孤馆遇神1,姚丙炎,CD第4册\65\姚丙炎-孤馆遇神1.wav,2529792,5171712,57.365,117.272
04eb751a7d891a4f_003.flac,train,孤馆遇神1,姚丙炎,CD第4册\65\姚丙炎-孤馆遇神1.wav,5059584,7701504,114.73,174.637
04eb751a7d891a4f_004.flac,train,孤馆遇神1,姚丙炎,CD第4册\65\姚丙炎-孤馆遇神1.wav,7589376,10231296,172.095,232.002
04eb751a7d891a4f_005.flac,train,孤馆遇神1,姚丙炎,CD第4册\65\姚丙炎-孤馆遇神1.wav,10119168,12761088,229.46,289.367
04eb751a7d891a4f_006.flac,train,孤馆遇神1,姚丙炎,CD第4册\65\姚丙炎-孤馆遇神1.wav,12648960,15290880,286.824,346.732
04eb751a7d891a4f_007.flac,train,孤馆遇神1,姚丙炎,CD第4册\65\姚丙炎-孤馆遇神1.wav,15178752,17820672,344.189,404.097
04eb751a7d891a4f_008.flac,train,孤馆遇神1,姚丙炎,CD第4册\65\姚丙炎-孤馆遇神1.wav,17708544,20350464,401.554,461.462
04eb751a7d891a4f_009.flac,train,孤馆遇神1,姚丙炎,CD第4册\65\姚丙炎-孤馆遇神1.wav,20238336,22880256,458.919,518.827
e381c0619a3f0ce8_001.flac,train,孤馆遇神2,姚丙炎,CD第4册\65\姚丙炎-孤馆遇神2.wav,0,2641920,0.0,59.907
e381c0619a3f0ce8_002.flac,train,孤馆遇神2,姚丙炎,CD第4册\65\姚丙炎-孤馆遇神2.wav,2371179,5013099,53.768,113.676
e381c0619a3f0ce8_003.flac,train,孤馆遇神2,姚丙炎,CD第4册\65\姚丙炎-孤馆遇神2.wav,4742358,7384278,107.536,167.444
e381c0619a3f0ce8_004.flac,train,孤馆遇神2,姚丙炎,CD第4册\65\姚丙炎-孤馆遇神2.wav,7113537,9755457,161.305,221.212
e381c0619a3f0ce8_005.flac,train,孤馆遇神2,姚丙炎,CD第4册\65\姚丙炎-孤馆遇神2.wav,9484716,12126636,215.073,274.98
e381c0619a3f0ce8_006.flac,train,孤馆遇神2,姚丙炎,CD第4册\65\姚丙炎-孤馆遇神2.wav,11855895,14497815,268.841,328.749
e381c0619a3f0ce8_007.flac,train,孤馆遇神2,姚丙炎,CD第4册\65\姚丙炎-孤馆遇神2.wav,14227074,16868994,322.609,382.517
e381c0619a3f0ce8_008.flac,train,孤馆遇神2,姚丙炎,CD第4册\65\姚丙炎-孤馆遇神2.wav,16598253,19240173,376.378,436.285
e381c0619a3f0ce8_009.flac,train,孤馆遇神2,姚丙炎,CD第4册\65\姚丙炎-孤馆遇神2.wav,18969432,21611352,430.146,490.053
058007b97bbad34f_001.flac,train,孤馆遇神3,姚丙炎,CD第4册\65\姚丙炎-孤馆遇神3.wav,0,2641920,0.0,59.907
058007b97bbad34f_002.flac,train,孤馆遇神3,姚丙炎,CD第4册\65\姚丙炎-孤馆遇神3.wav,2516571,5158491,57.065,116.973
058007b97bbad34f_003.flac,train,孤馆遇神3,姚丙炎,CD第4册\65\姚丙炎-孤馆遇神3.wav,5033141,7675061,114.13,174.038
058007b97bbad34f_004.flac,train,孤馆遇神3,姚丙炎,CD第4册\65\姚丙炎-孤馆遇神3.wav,7549712,10191632,171.195,231.103
058007b97bbad34f_005.flac,train,孤馆遇神3,姚丙炎,CD第4册\65\姚丙炎-孤馆遇神3.wav,10066283,12708203,228.26,288.168
058007b97bbad34f_006.flac,train,孤馆遇神3,姚丙炎,CD第4册\65\姚丙炎-孤馆遇神3.wav,12582853,15224773,285.325,345.233
058007b97bbad34f_007.flac,train,孤馆遇神3,姚丙炎,CD第4册\65\姚丙炎-孤馆遇神3.wav,15099424,17741344,342.391,402.298
058007b97bbad34f_008.flac,train,孤馆遇神3,姚丙炎,CD第4册\65\姚丙炎-孤馆遇神3.wav,17615995,20257915,399.456,459.363
058007b97bbad34f_009.flac,train,孤馆遇神3,姚丙炎,CD第4册\65\姚丙炎-孤馆遇神3.wav,20132565,22774485,456.521,516.428
058007b97bbad34f_010.flac,train,孤馆遇神3,姚丙炎,CD第4册\65\姚丙炎-孤馆遇神3.wav,22649136,25291056,513.586,573.493
9c64814a36faf7f9_001.flac,train,小胡笳,姚丙炎,CD第4册\69\姚丙炎-小胡笳.wav,0,2641920,0.0,59.907
9c64814a36faf7f9_002.flac,train,小胡笳,姚丙炎,CD第4册\69\姚丙炎-小胡笳.wav,2475206,5117126,56.127,116.035
9c64814a36faf7f9_003.flac,train,小胡笳,姚丙炎,CD第4册\69\姚丙炎-小胡笳.wav,4950412,7592332,112.254,172.162
9c64814a36faf7f9_004.flac,train,小胡笳,姚丙炎,CD第4册\69\姚丙炎-小胡笳.wav,7425618,10067538,168.381,228.289
9c64814a36faf7f9_005.flac,train,小胡笳,姚丙炎,CD第4册\69\姚丙炎-小胡笳.wav,9900823,12542743,224.508,284.416
9c64814a36faf7f9_006.flac,train,小胡笳,姚丙炎,CD第4册\69\姚丙炎-小胡笳.wav,12376029,15017949,280.636,340.543
9c64814a36faf7f9_007.flac,train,小胡笳,姚丙炎,CD第4册\69\姚丙炎-小胡笳.wav,14851235,17493155,336.763,396.67
9c64814a36faf7f9_008.flac,train,小胡笳,姚丙炎,CD第4册\69\姚丙炎-小胡笳.wav,17326441,19968361,392.89,452.797
9c64814a36faf7f9_009.flac,train,小胡笳,姚丙炎,CD第4册\69\姚丙炎-小胡笳.wav,19801647,22443567,449.017,508.924
9c64814a36faf7f9_010.flac,train,小胡笳,姚丙炎,CD第4册\69\姚丙炎-小胡笳.wav,22276853,24918773,505.144,565.052
9c64814a36faf7f9_011.flac,train,小胡笳,姚丙炎,CD第4册\69\姚丙炎-小胡笳.wav,24752058,27393978,561.271,621.179
9c64814a36faf7f9_012.flac,train,小胡笳,姚丙炎,CD第4册\69\姚丙炎-小胡笳.wav,27227264,29869184,617.398,677.306
9c64814a36faf7f9_013.flac,train,小胡笳,姚丙炎,CD第4册\69\姚丙炎-小胡笳.wav,29702470,32344390,673.525,733.433
9c64814a36faf7f9_014.flac,train,小胡笳,姚丙炎,CD第4册\69\姚丙炎-小胡笳.wav,32177676,34819596,729.653,789.56
5c45917dcdb6e68f_001.flac,train,平沙落雁1,姚丙炎,CD第4册\68\姚丙炎-平沙落雁1.wav,0,2641920,0.0,59.907
5c45917dcdb6e68f_002.flac,train,平沙落雁1,姚丙炎,CD第4册\68\姚丙炎-平沙落雁1.wav,2330354,4972274,52.842,112.75
5c45917dcdb6e68f_003.flac,train,平沙落雁1,姚丙炎,CD第4册\68\姚丙炎-平沙落雁1.wav,4660709,7302629,105.685,165.592
5c45917dcdb6e68f_004.flac,train,平沙落雁1,姚丙炎,CD第4册\68\姚丙炎-平沙落雁1.wav,6991063,9632983,158.528,218.435
5c45917dcdb6e68f_005.flac,train,平沙落雁1,姚丙炎,CD第4册\68\姚丙炎-平沙落雁1.wav,9321418,11963338,211.37,271.278
5c45917dcdb6e68f_006.flac,train,平沙落雁1,姚丙炎,CD第4册\68\姚丙炎-平沙落雁1.wav,11651772,14293692,264.213,324.12
838c9618a12b99f0_001.flac,train,幽兰,姚丙炎,CD第4册\69\姚丙炎-幽兰.wav,0,2641920,0.0,59.907
838c9618a12b99f0_002.flac,train,幽兰,姚丙炎,CD第4册\69\姚丙炎-幽兰.wav,2540483,5182403,57.607,117.515
838c9618a12b99f0_003.flac,train,幽兰,姚丙炎,CD第4册\69\姚丙炎-幽兰.wav,5080965,7722885,115.215,175.122
838c9618a12b99f0_004.flac,train,幽兰,姚丙炎,CD第4册\69\姚丙炎-幽兰.wav,7621448,10263368,172.822,232.729
838c9618a12b99f0_005.flac,train,幽兰,姚丙炎,CD第4册\69\姚丙炎-幽兰.wav,10161931,12803851,230.429,290.337
838c9618a12b99f0_006.flac,train,幽兰,姚丙炎,CD第4册\69\姚丙炎-幽兰.wav,12702413,15344333,288.037,347.944
838c9618a12b99f0_007.flac,train,幽兰,姚丙炎,CD第4册\69\姚丙炎-幽兰.wav,15242896,17884816,345.644,405.551
838c9618a12b99f0_008.flac,train,幽兰,姚丙炎,CD第4册\69\姚丙炎-幽兰.wav,17783379,20425299,403.251,463.159
838c9618a12b99f0_009.flac,train,幽兰,姚丙炎,CD第4册\69\姚丙炎-幽兰.wav,20323861,22965781,460.859,520.766
838c9618a12b99f0_010.flac,train,幽兰,姚丙炎,CD第4册\69\姚丙炎-幽兰.wav,22864344,25506264,518.466,578.373
22aeb1beffc09115_001.flac,validation,广陵散,姚丙炎,CD第4册\66\姚丙炎-广陵散.wav,0,2641920,0.0,59.907
22aeb1beffc09115_002.flac,validation,广陵散,姚丙炎,CD第4册\66\姚丙炎-广陵散.wav,2619744,5261664,59.405,119.312
22aeb1beffc09115_003.flac,validation,广陵散,姚丙炎,CD第4册\66\姚丙炎-广陵散.wav,5239488,7881408,118.809,178.717
22aeb1beffc09115_004.flac,validation,广陵散,姚丙炎,CD第4册\66\姚丙炎-广陵散.wav,7859232,10501152,178.214,238.121
22aeb1beffc09115_005.flac,validation,广陵散,姚丙炎,CD第4册\66\姚丙炎-广陵散.wav,10478976,13120896,237.619,297.526
22aeb1beffc09115_006.flac,validation,广陵散,姚丙炎,CD第4册\66\姚丙炎-广陵散.wav,13098720,15740640,297.023,356.931
22aeb1beffc09115_007.flac,validation,广陵散,姚丙炎,CD第4册\66\姚丙炎-广陵散.wav,15718464,18360384,356.428,416.335
22aeb1beffc09115_008.flac,validation,广陵散,姚丙炎,CD第4册\66\姚丙炎-广陵散.wav,18338208,20980128,415.832,475.74
22aeb1beffc09115_009.flac,validation,广陵散,姚丙炎,CD第4册\66\姚丙炎-广陵散.wav,20957952,23599872,475.237,535.144
22aeb1beffc09115_010.flac,validation,广陵散,姚丙炎,CD第4册\66\姚丙炎-广陵散.wav,23577696,26219616,534.642,594.549
22aeb1beffc09115_011.flac,validation,广陵散,姚丙炎,CD第4册\66\姚丙炎-广陵散.wav,26197440,28839360,594.046,653.954
22aeb1beffc09115_012.flac,validation,广陵散,姚丙炎,CD第4册\66\姚丙炎-广陵散.wav,28817184,31459104,653.451,713.358
22aeb1beffc09115_013.flac,validation,广陵散,姚丙炎,CD第4册\66\姚丙炎-广陵散.wav,31436928,34078848,712.856,772.763
22aeb1beffc09115_014.flac,validation,广陵散,姚丙炎,CD第4册\66\姚丙炎-广陵散.wav,34056672,36698592,772.26,832.168
22aeb1beffc09115_015.flac,validation,广陵散,姚丙炎,CD第4册\66\姚丙炎-广陵散.wav,36676416,39318336,831.665,891.572
22aeb1beffc09115_016.flac,validation,广陵散,姚丙炎,CD第4册\66\姚丙炎-广陵散.wav,39296160,41938080,891.069,950.977
22aeb1beffc09115_017.flac,validation,广陵散,姚丙炎,CD第4册\66\姚丙炎-广陵散.wav,41915904,44557824,950.474,1010.381
22aeb1beffc09115_018.flac,validation,广陵散,姚丙炎,CD第4册\66\姚丙炎-广陵散.wav,44535648,47177568,1009.879,1069.786
22aeb1beffc09115_019.flac,validation,广陵散,姚丙炎,CD第4册\66\姚丙炎-广陵散.wav,47155392,49797312,1069.283,1129.191
22aeb1beffc09115_020.flac,validation,广陵散,姚丙炎,CD第4册\66\姚丙炎-广陵散.wav,49775136,52417056,1128.688,1188.595
22aeb1beffc09115_021.flac,validation,广陵散,姚丙炎,CD第4册\66\姚丙炎-广陵散.wav,52394880,55036800,1188.093,1248.0
adfd54035a59feea_001.flac,train,忘忧2,姚丙炎,CD第4册\68\姚丙炎-忘忧2.wav,0,2641920,0.0,59.907
adfd54035a59feea_002.flac,train,忘忧2,姚丙炎,CD第4册\68\姚丙炎-忘忧2.wav,1714296,4356216,38.873,98.78
adfd54035a59feea_003.flac,train,忘忧2,姚丙炎,CD第4册\68\姚丙炎-忘忧2.wav,3428592,6070512,77.746,137.653
d68b1c5b82c9d962_001.flac,train,楚歌1,姚丙炎,CD第4册\65\姚丙炎-楚歌1.wav,0,2641920,0.0,59.907
d68b1c5b82c9d962_002.flac,train,楚歌1,姚丙炎,CD第4册\65\姚丙炎-楚歌1.wav,2018595,4660515,45.773,105.681
d68b1c5b82c9d962_003.flac,train,楚歌1,姚丙炎,CD第4册\65\姚丙炎-楚歌1.wav,4037190,6679110,91.546,151.454
d68b1c5b82c9d962_004.flac,train,楚歌1,姚丙炎,CD第4册\65\姚丙炎-楚歌1.wav,6055785,8697705,137.319,197.227
d68b1c5b82c9d962_005.flac,train,楚歌1,姚丙炎,CD第4册\65\姚丙炎-楚歌1.wav,8074380,10716300,183.093,243.0
8becf47128330036_001.flac,train,潇湘水云1,姚丙炎,CD第4册\69\姚丙炎-潇湘水云1.wav,0,2641920,0.0,59.907
8becf47128330036_002.flac,train,潇湘水云1,姚丙炎,CD第4册\69\姚丙炎-潇湘水云1.wav,2465741,5107661,55.912,115.82
8becf47128330036_003.flac,train,潇湘水云1,姚丙炎,CD第4册\69\姚丙炎-潇湘水云1.wav,4931483,7573403,111.825,171.732
8becf47128330036_004.flac,train,潇湘水云1,姚丙炎,CD第4册\69\姚丙炎-潇湘水云1.wav,7397224,10039144,167.738,227.645
8becf47128330036_005.flac,train,潇湘水云1,姚丙炎,CD第4册\69\姚丙炎-潇湘水云1.wav,9862965,12504885,223.65,283.557
8becf47128330036_006.flac,train,潇湘水云1,姚丙炎,CD第4册\69\姚丙炎-潇湘水云1.wav,12328707,14970627,279.563,339.47
8becf47128330036_007.flac,train,潇湘水云1,姚丙炎,CD第4册\69\姚丙炎-潇湘水云1.wav,14794448,17436368,335.475,395.382
8becf47128330036_008.flac,train,潇湘水云1,姚丙炎,CD第4册\69\姚丙炎-潇湘水云1.wav,17260189,19902109,391.388,451.295
8becf47128330036_009.flac,train,潇湘水云1,姚丙炎,CD第4册\69\姚丙炎-潇湘水云1.wav,19725931,22367851,447.3,507.208
8becf47128330036_010.flac,train,潇湘水云1,姚丙炎,CD第4册\69\姚丙炎-潇湘水云1.wav,22191672,24833592,503.213,563.12
0b11af14419e3e13_001.flac,train,潇湘水云2,姚丙炎,CD第4册\69\姚丙炎-潇湘水云2.wav,0,2641920,0.0,59.907
0b11af14419e3e13_002.flac,train,潇湘水云2,姚丙炎,CD第4册\69\姚丙炎-潇湘水云2.wav,2530380,5172300,57.378,117.286
0b11af14419e3e13_003.flac,train,潇湘水云2,姚丙炎,CD第4册\69\姚丙炎-潇湘水云2.wav,5060760,7702680,114.756,174.664
0b11af14419e3e13_004.flac,train,潇湘水云2,姚丙炎,CD第4册\69\姚丙炎-潇湘水云2.wav,7591140,10233060,172.135,232.042
0b11af14419e3e13_005.flac,train,潇湘水云2,姚丙炎,CD第4册\69\姚丙炎-潇湘水云2.wav,10121520,12763440,229.513,289.42
0b11af14419e3e13_006.flac,train,潇湘水云2,姚丙炎,CD第4册\69\姚丙炎-潇湘水云2.wav,12651900,15293820,286.891,346.799
0b11af14419e3e13_007.flac,train,潇湘水云2,姚丙炎,CD第4册\69\姚丙炎-潇湘水云2.wav,15182280,17824200,344.269,404.177
0b11af14419e3e13_008.flac,train,潇湘水云2,姚丙炎,CD第4册\69\姚丙炎-潇湘水云2.wav,17712660,20354580,401.648,461.555
0b11af14419e3e13_009.flac,train,潇湘水云2,姚丙炎,CD第4册\69\姚丙炎-潇湘水云2.wav,20243040,22884960,459.026,518.933
660f5708960840ab_001.flac,train,秋宵步月,姚丙炎,CD第4册\68\姚丙炎-秋宵步月.wav,0,2641920,0.0,59.907
660f5708960840ab_002.flac,train,秋宵步月,姚丙炎,CD第4册\68\姚丙炎-秋宵步月.wav,2160104,4802024,48.982,108.889
660f5708960840ab_003.flac,train,秋宵步月,姚丙炎,CD第4册\68\姚丙炎-秋宵步月.wav,4320208,6962128,97.964,157.871
660f5708960840ab_004.flac,train,秋宵步月,姚丙炎,CD第4册\68\姚丙炎-秋宵步月.wav,6480312,9122232,146.946,206.853
155790127e2a0d93_001.flac,train,阳春,姚丙炎,CD第4册\69\姚丙炎-阳春.wav,0,2641920,0.0,59.907
155790127e2a0d93_002.flac,train,阳春,姚丙炎,CD第4册\69\姚丙炎-阳春.wav,2268667,4910587,51.444,111.351
155790127e2a0d93_003.flac,train,阳春,姚丙炎,CD第4册\69\姚丙炎-阳春.wav,4537334,7179254,102.887,162.795
155790127e2a0d93_004.flac,train,阳春,姚丙炎,CD第4册\69\姚丙炎-阳春.wav,6806001,9447921,154.331,214.239
155790127e2a0d93_005.flac,train,阳春,姚丙炎,CD第4册\69\姚丙炎-阳春.wav,9074667,11716587,205.775,265.682
155790127e2a0d93_006.flac,train,阳春,姚丙炎,CD第4册\69\姚丙炎-阳春.wav,11343334,13985254,257.218,317.126
155790127e2a0d93_007.flac,train,阳春,姚丙炎,CD第4册\69\姚丙炎-阳春.wav,13612001,16253921,308.662,368.57
155790127e2a0d93_008.flac,train,阳春,姚丙炎,CD第4册\69\姚丙炎-阳春.wav,15880668,18522588,360.106,420.013
4eb5689393c9296d_001.flac,train,高山1,姚丙炎,CD第4册\65\姚丙炎-高山1.wav,0,2641920,0.0,59.907
4eb5689393c9296d_002.flac,train,高山1,姚丙炎,CD第4册\65\姚丙炎-高山1.wav,2427921,5069841,55.055,114.962
4eb5689393c9296d_003.flac,train,高山1,姚丙炎,CD第4册\65\姚丙炎-高山1.wav,4855842,7497762,110.11,170.017
4eb5689393c9296d_004.flac,train,高山1,姚丙炎,CD第4册\65\姚丙炎-高山1.wav,7283763,9925683,165.165,225.072
4eb5689393c9296d_005.flac,train,高山1,姚丙炎,CD第4册\65\姚丙炎-高山1.wav,9711684,12353604,220.22,280.127
4eb5689393c9296d_006.flac,train,高山1,姚丙炎,CD第4册\65\姚丙炎-高山1.wav,12139605,14781525,275.274,335.182
4eb5689393c9296d_007.flac,train,高山1,姚丙炎,CD第4册\65\姚丙炎-高山1.wav,14567526,17209446,330.329,390.237
4eb5689393c9296d_008.flac,train,高山1,姚丙炎,CD第4册\65\姚丙炎-高山1.wav,16995447,19637367,385.384,445.292
4eb5689393c9296d_009.flac,train,高山1,姚丙炎,CD第4册\65\姚丙炎-高山1.wav,19423368,22065288,440.439,500.347
dc666235728f27b2_001.flac,train,高山2,姚丙炎,CD第4册\65\姚丙炎-高山2.wav,0,2641920,0.0,59.907
dc666235728f27b2_002.flac,train,高山2,姚丙炎,CD第4册\65\姚丙炎-高山2.wav,2528143,5170063,57.328,117.235
dc666235728f27b2_003.flac,train,高山2,姚丙炎,CD第4册\65\姚丙炎-高山2.wav,5056286,7698206,114.655,174.562
dc666235728f27b2_004.flac,train,高山2,姚丙炎,CD第4册\65\姚丙炎-高山2.wav,7584429,10226349,171.983,231.89
dc666235728f27b2_005.flac,train,高山2,姚丙炎,CD第4册\65\姚丙炎-高山2.wav,10112571,12754491,229.31,289.217
dc666235728f27b2_006.flac,train,高山2,姚丙炎,CD第4册\65\姚丙炎-高山2.wav,12640714,15282634,286.638,346.545
dc666235728f27b2_007.flac,train,高山2,姚丙炎,CD第4册\65\姚丙炎-高山2.wav,15168857,17810777,343.965,403.872
dc666235728f27b2_008.flac,train,高山2,姚丙炎,CD第4册\65\姚丙炎-高山2.wav,17697000,20338920,401.293,461.2
3eafb74ce599f48e_001.flac,train,鸥鹭忘机,姚丙炎,CD第4册\68\姚丙炎-鸥鹭忘机.wav,0,2641920,0.0,59.907
3eafb74ce599f48e_002.flac,train,鸥鹭忘机,姚丙炎,CD第4册\68\姚丙炎-鸥鹭忘机.wav,2508693,5150613,56.886,116.794
3eafb74ce599f48e_003.flac,train,鸥鹭忘机,姚丙炎,CD第4册\68\姚丙炎-鸥鹭忘机.wav,5017386,7659306,113.773,173.68
3eafb74ce599f48e_004.flac,train,鸥鹭忘机,姚丙炎,CD第4册\68\姚丙炎-鸥鹭忘机.wav,7526079,10167999,170.659,230.567
3eafb74ce599f48e_005.flac,train,鸥鹭忘机,姚丙炎,CD第4册\68\姚丙炎-鸥鹭忘机.wav,10034772,12676692,227.546,287.453
0f5ec28f8b89717c_001.flac,test,忆故人1,孙毓芹,CD第4册\60\孙毓芹-忆故人1.wav,0,2641920,0.0,59.907
0f5ec28f8b89717c_002.flac,test,忆故人1,孙毓芹,CD第4册\60\孙毓芹-忆故人1.wav,2538782,5180702,57.569,117.476
0f5ec28f8b89717c_003.flac,test,忆故人1,孙毓芹,CD第4册\60\孙毓芹-忆故人1.wav,5077564,7719484,115.138,175.045
0f5ec28f8b89717c_004.flac,test,忆故人1,孙毓芹,CD第4册\60\孙毓芹-忆故人1.wav,7616346,10258266,172.706,232.614
0f5ec28f8b89717c_005.flac,test,忆故人1,孙毓芹,CD第4册\60\孙毓芹-忆故人1.wav,10155128,12797048,230.275,290.182
0f5ec28f8b89717c_006.flac,test,忆故人1,孙毓芹,CD第4册\60\孙毓芹-忆故人1.wav,12693910,15335830,287.844,347.751
0f5ec28f8b89717c_007.flac,test,忆故人1,孙毓芹,CD第4册\60\孙毓芹-忆故人1.wav,15232692,17874612,345.413,405.32
67685c2746afcb21_001.flac,test,忆故人2,孙毓芹,CD第4册\60\孙毓芹-忆故人2.wav,0,2641920,0.0,59.907
67685c2746afcb21_002.flac,test,忆故人2,孙毓芹,CD第4册\60\孙毓芹-忆故人2.wav,2630118,5272038,59.64,119.547
67685c2746afcb21_003.flac,test,忆故人2,孙毓芹,CD第4册\60\孙毓芹-忆故人2.wav,5260236,7902156,119.28,179.187
67685c2746afcb21_004.flac,test,忆故人2,孙毓芹,CD第4册\60\孙毓芹-忆故人2.wav,7890354,10532274,178.92,238.827
67685c2746afcb21_005.flac,test,忆故人2,孙毓芹,CD第4册\60\孙毓芹-忆故人2.wav,10520472,13162392,238.559,298.467
67685c2746afcb21_006.flac,test,忆故人2,孙毓芹,CD第4册\60\孙毓芹-忆故人2.wav,13150590,15792510,298.199,358.107
67685c2746afcb21_007.flac,test,忆故人2,孙毓芹,CD第4册\60\孙毓芹-忆故人2.wav,15780708,18422628,357.839,417.747
de32b607849cd9be_001.flac,test,渔樵问答1,孙毓芹,CD第4册\60\孙毓芹-渔樵问答1.wav,0,2641920,0.0,59.907
de32b607849cd9be_002.flac,test,渔樵问答1,孙毓芹,CD第4册\60\孙毓芹-渔樵问答1.wav,2330534,4972454,52.847,112.754
de32b607849cd9be_003.flac,test,渔樵问答1,孙毓芹,CD第4册\60\孙毓芹-渔樵问答1.wav,4661067,7302987,105.693,165.601
de32b607849cd9be_004.flac,test,渔樵问答1,孙毓芹,CD第4册\60\孙毓芹-渔樵问答1.wav,6991600,9633520,158.54,218.447
de32b607849cd9be_005.flac,test,渔樵问答1,孙毓芹,CD第4册\60\孙毓芹-渔樵问答1.wav,9322134,11964054,211.386,271.294
de32b607849cd9be_006.flac,test,渔樵问答1,孙毓芹,CD第4册\60\孙毓芹-渔樵问答1.wav,11652668,14294588,264.233,324.14
de32b607849cd9be_007.flac,test,渔樵问答1,孙毓芹,CD第4册\60\孙毓芹-渔樵问答1.wav,13983201,16625121,317.079,376.987
de32b607849cd9be_008.flac,test,渔樵问答1,孙毓芹,CD第4册\60\孙毓芹-渔樵问答1.wav,16313734,18955654,369.926,429.833
de32b607849cd9be_009.flac,test,渔樵问答1,孙毓芹,CD第4册\60\孙毓芹-渔樵问答1.wav,18644268,21286188,422.773,482.68
e2a489b059ae8802_001.flac,test,渔樵问答2,孙毓芹,CD第4册\60\孙毓芹-渔樵问答2.wav,0,2641920,0.0,59.907
e2a489b059ae8802_002.flac,test,渔樵问答2,孙毓芹,CD第4册\60\孙毓芹-渔樵问答2.wav,2433286,5075206,55.177,115.084
e2a489b059ae8802_003.flac,test,渔樵问答2,孙毓芹,CD第4册\60\孙毓芹-渔樵问答2.wav,4866573,7508493,110.353,170.261
e2a489b059ae8802_004.flac,test,渔樵问答2,孙毓芹,CD第4册\60\孙毓芹-渔樵问答2.wav,7299860,9941780,165.53,225.437
e2a489b059ae8802_005.flac,test,渔樵问答2,孙毓芹,CD第4册\60\孙毓芹-渔樵问答2.wav,9733146,12375066,220.706,280.614
e2a489b059ae8802_006.flac,test,渔樵问答2,孙毓芹,CD第4册\60\孙毓芹-渔樵问答2.wav,12166432,14808352,275.883,335.79
e2a489b059ae8802_007.flac,test,渔樵问答2,孙毓芹,CD第4册\60\孙毓芹-渔樵问答2.wav,14599719,17241639,331.059,390.967
e2a489b059ae8802_008.flac,test,渔樵问答2,孙毓芹,CD第4册\60\孙毓芹-渔樵问答2.wav,17033006,19674926,386.236,446.143
e2a489b059ae8802_009.flac,test,渔樵问答2,孙毓芹,CD第4册\60\孙毓芹-渔樵问答2.wav,19466292,22108212,441.413,501.32
176dab99b0ddc764_001.flac,train,潇湘水云1,孙毓芹,CD第4册\60\孙毓芹-潇湘水云1.wav,0,2641920,0.0,59.907
176dab99b0ddc764_002.flac,train,潇湘水云1,孙毓芹,CD第4册\60\孙毓芹-潇湘水云1.wav,2447252,5089172,55.493,115.401
176dab99b0ddc764_003.flac,train,潇湘水云1,孙毓芹,CD第4册\60\孙毓芹-潇湘水云1.wav,4894505,7536425,110.987,170.894
176dab99b0ddc764_004.flac,train,潇湘水云1,孙毓芹,CD第4册\60\孙毓芹-潇湘水云1.wav,7341757,9983677,166.48,226.387
176dab99b0ddc764_005.flac,train,潇湘水云1,孙毓芹,CD第4册\60\孙毓芹-潇湘水云1.wav,9789010,12430930,221.973,281.88
176dab99b0ddc764_006.flac,train,潇湘水云1,孙毓芹,CD第4册\60\孙毓芹-潇湘水云1.wav,12236262,14878182,277.466,337.374
176dab99b0ddc764_007.flac,train,潇湘水云1,孙毓芹,CD第4册\60\孙毓芹-潇湘水云1.wav,14683514,17325434,332.96,392.867
176dab99b0ddc764_008.flac,train,潇湘水云1,孙毓芹,CD第4册\60\孙毓芹-潇湘水云1.wav,17130767,19772687,388.453,448.36
176dab99b0ddc764_009.flac,train,潇湘水云1,孙毓芹,CD第4册\60\孙毓芹-潇湘水云1.wav,19578019,22219939,443.946,503.853
176dab99b0ddc764_010.flac,train,潇湘水云1,孙毓芹,CD第4册\60\孙毓芹-潇湘水云1.wav,22025272,24667192,499.439,559.347
176dab99b0ddc764_011.flac,train,潇湘水云1,孙毓芹,CD第4册\60\孙毓芹-潇湘水云1.wav,24472524,27114444,554.933,614.84
d2dacd7b5562e132_001.flac,train,潇湘水云2,孙毓芹,CD第4册\60\孙毓芹-潇湘水云2.wav,0,2641920,0.0,59.907
d2dacd7b5562e132_002.flac,train,潇湘水云2,孙毓芹,CD第4册\60\孙毓芹-潇湘水云2.wav,2474247,5116167,56.105,116.013
d2dacd7b5562e132_003.flac,train,潇湘水云2,孙毓芹,CD第4册\60\孙毓芹-潇湘水云2.wav,4948495,7590415,112.211,172.118
d2dacd7b5562e132_004.flac,train,潇湘水云2,孙毓芹,CD第4册\60\孙毓芹-潇湘水云2.wav,7422742,10064662,168.316,228.224
d2dacd7b5562e132_005.flac,train,潇湘水云2,孙毓芹,CD第4册\60\孙毓芹-潇湘水云2.wav,9896989,12538909,224.422,284.329
d2dacd7b5562e132_006.flac,train,潇湘水云2,孙毓芹,CD第4册\60\孙毓芹-潇湘水云2.wav,12371236,15013156,280.527,340.434
d2dacd7b5562e132_007.flac,train,潇湘水云2,孙毓芹,CD第4册\60\孙毓芹-潇湘水云2.wav,14845484,17487404,336.632,396.54
d2dacd7b5562e132_008.flac,train,潇湘水云2,孙毓芹,CD第4册\60\孙毓芹-潇湘水云2.wav,17319731,19961651,392.738,452.645
d2dacd7b5562e132_009.flac,train,潇湘水云2,孙毓芹,CD第4册\60\孙毓芹-潇湘水云2.wav,19793978,22435898,448.843,508.751
d2dacd7b5562e132_010.flac,train,潇湘水云2,孙毓芹,CD第4册\60\孙毓芹-潇湘水云2.wav,22268225,24910145,504.948,564.856
d2dacd7b5562e132_011.flac,train,潇湘水云2,孙毓芹,CD第4册\60\孙毓芹-潇湘水云2.wav,24742473,27384393,561.054,620.961
d2dacd7b5562e132_012.flac,train,潇湘水云2,孙毓芹,CD第4册\60\孙毓芹-潇湘水云2.wav,27216720,29858640,617.159,677.067
8dfc4e25a709d7b6_001.flac,train,玉楼春晓1,孙毓芹,CD第4册\60\孙毓芹-玉楼春晓1.wav,0,2641920,0.0,59.907
8dfc4e25a709d7b6_002.flac,train,玉楼春晓1,孙毓芹,CD第4册\60\孙毓芹-玉楼春晓1.wav,1471140,4113060,33.359,93.267
2771dfb471ee48b4_001.flac,train,玉楼春晓2,孙毓芹,CD第4册\60\孙毓芹-玉楼春晓2.wav,0,2641920,0.0,59.907
2771dfb471ee48b4_002.flac,train,玉楼春晓2,孙毓芹,CD第4册\60\孙毓芹-玉楼春晓2.wav,1598148,4240068,36.239,96.147
dec084e59e9fb061_001.flac,test,渔樵问答2,徐元白,CD第1册\CD10\徐元白-渔樵问答2.wav,0,2641920,0.0,59.907
dec084e59e9fb061_002.flac,test,渔樵问答2,徐元白,CD第1册\CD10\徐元白-渔樵问答2.wav,2617183,5259103,59.347,119.254
dec084e59e9fb061_003.flac,test,渔樵问答2,徐元白,CD第1册\CD10\徐元白-渔樵问答2.wav,5234366,7876286,118.693,178.601
dec084e59e9fb061_004.flac,test,渔樵问答2,徐元白,CD第1册\CD10\徐元白-渔樵问答2.wav,7851549,10493469,178.04,237.947
dec084e59e9fb061_005.flac,test,渔樵问答2,徐元白,CD第1册\CD10\徐元白-渔樵问答2.wav,10468731,13110651,237.386,297.294
dec084e59e9fb061_006.flac,test,渔樵问答2,徐元白,CD第1册\CD10\徐元白-渔樵问答2.wav,13085914,15727834,296.733,356.64
dec084e59e9fb061_007.flac,test,渔樵问答2,徐元白,CD第1册\CD10\徐元白-渔樵问答2.wav,15703097,18345017,356.079,415.987
dec084e59e9fb061_008.flac,test,渔樵问答2,徐元白,CD第1册\CD10\徐元白-渔樵问答2.wav,18320280,20962200,415.426,475.333
1fa77948d0537ee1_001.flac,train,渔歌,徐元白,CD第1册\CD10\徐元白-渔歌.wav,0,2641920,0.0,59.907
1fa77948d0537ee1_002.flac,train,渔歌,徐元白,CD第1册\CD10\徐元白-渔歌.wav,2566500,5208420,58.197,118.105
1fa77948d0537ee1_003.flac,train,渔歌,徐元白,CD第1册\CD10\徐元白-渔歌.wav,5133000,7774920,116.395,176.302
1fa77948d0537ee1_004.flac,train,渔歌,徐元白,CD第1册\CD10\徐元白-渔歌.wav,7699500,10341420,174.592,234.499
1fa77948d0537ee1_005.flac,train,渔歌,徐元白,CD第1册\CD10\徐元白-渔歌.wav,10266000,12907920,232.789,292.697
1fa77948d0537ee1_006.flac,train,渔歌,徐元白,CD第1册\CD10\徐元白-渔歌.wav,12832500,15474420,290.986,350.894
1fa77948d0537ee1_007.flac,train,渔歌,徐元白,CD第1册\CD10\徐元白-渔歌.wav,15399000,18040920,349.184,409.091
1fa77948d0537ee1_008.flac,train,渔歌,徐元白,CD第1册\CD10\徐元白-渔歌.wav,17965500,20607420,407.381,467.288
1fa77948d0537ee1_009.flac,train,渔歌,徐元白,CD第1册\CD10\徐元白-渔歌.wav,20532000,23173920,465.578,525.486
1fa77948d0537ee1_010.flac,train,渔歌,徐元白,CD第1册\CD10\徐元白-渔歌.wav,23098500,25740420,523.776,583.683
1fa77948d0537ee1_011.flac,train,渔歌,徐元白,CD第1册\CD10\徐元白-渔歌.wav,25665000,28306920,581.973,641.88
1fa77948d0537ee1_012.flac,train,渔歌,徐元白,CD第1册\CD10\徐元白-渔歌.wav,28231500,30873420,640.17,700.078
1fa77948d0537ee1_013.flac,train,渔歌,徐元白,CD第1册\CD10\徐元白-渔歌.wav,30798000,33439920,698.367,758.275
1fa77948d0537ee1_014.flac,train,渔歌,徐元白,CD第1册\CD10\徐元白-渔歌.wav,33364500,36006420,756.565,816.472
1fa77948d0537ee1_015.flac,train,渔歌,徐元白,CD第1册\CD10\徐元白-渔歌.wav,35931000,38572920,814.762,874.669
1fa77948d0537ee1_016.flac,train,渔歌,徐元白,CD第1册\CD10\徐元白-渔歌.wav,38497500,41139420,872.959,932.867
2a6403579f2eddc6_001.flac,train,潇湘水云,徐元白,CD第1册\CD10\徐元白-潇湘水云.wav,0,2641920,0.0,59.907
2a6403579f2eddc6_002.flac,train,潇湘水云,徐元白,CD第1册\CD10\徐元白-潇湘水云.wav,2565637,5207557,58.178,118.085
2a6403579f2eddc6_003.flac,train,潇湘水云,徐元白,CD第1册\CD10\徐元白-潇湘水云.wav,5131274,7773194,116.355,176.263
2a6403579f2eddc6_004.flac,train,潇湘水云,徐元白,CD第1册\CD10\徐元白-潇湘水云.wav,7696911,10338831,174.533,234.441
2a6403579f2eddc6_005.flac,train,潇湘水云,徐元白,CD第1册\CD10\徐元白-潇湘水云.wav,10262548,12904468,232.711,292.618
2a6403579f2eddc6_006.flac,train,潇湘水云,徐元白,CD第1册\CD10\徐元白-潇湘水云.wav,12828185,15470105,290.889,350.796
2a6403579f2eddc6_007.flac,train,潇湘水云,徐元白,CD第1册\CD10\徐元白-潇湘水云.wav,15393822,18035742,349.066,408.974
2a6403579f2eddc6_008.flac,train,潇湘水云,徐元白,CD第1册\CD10\徐元白-潇湘水云.wav,17959459,20601379,407.244,467.151
2a6403579f2eddc6_009.flac,train,潇湘水云,徐元白,CD第1册\CD10\徐元白-潇湘水云.wav,20525096,23167016,465.422,525.329
2a6403579f2eddc6_010.flac,train,潇湘水云,徐元白,CD第1册\CD10\徐元白-潇湘水云.wav,23090733,25732653,523.599,583.507
2a6403579f2eddc6_011.flac,train,潇湘水云,徐元白,CD第1册\CD10\徐元白-潇湘水云.wav,25656370,28298290,581.777,641.685
2a6403579f2eddc6_012.flac,train,潇湘水云,徐元白,CD第1册\CD10\徐元白-潇湘水云.wav,28222007,30863927,639.955,699.862
2a6403579f2eddc6_013.flac,train,潇湘水云,徐元白,CD第1册\CD10\徐元白-潇湘水云.wav,30787644,33429564,698.133,758.04
981f1fac18f58520_001.flac,train,平沙落雁,徐立孙,CD第2册\21\徐立孙-平沙落雁.wav,0,2641920,0.0,59.907
981f1fac18f58520_002.flac,train,平沙落雁,徐立孙,CD第2册\21\徐立孙-平沙落雁.wav,2079894,4721814,47.163,107.071
981f1fac18f58520_003.flac,train,平沙落雁,徐立孙,CD第2册\21\徐立孙-平沙落雁.wav,4159788,6801708,94.326,154.234
981f1fac18f58520_004.flac,train,平沙落雁,徐立孙,CD第2册\21\徐立孙-平沙落雁.wav,6239682,8881602,141.489,201.397
981f1fac18f58520_005.flac,train,平沙落雁,徐立孙,CD第2册\21\徐立孙-平沙落雁.wav,8319576,10961496,188.653,248.56
d72fe99321786c91_001.flac,train,幽兰,徐立孙,CD第2册\21\徐立孙-幽兰.wav,0,2641920,0.0,59.907
d72fe99321786c91_002.flac,train,幽兰,徐立孙,CD第2册\21\徐立孙-幽兰.wav,2244880,4886800,50.904,110.812
d72fe99321786c91_003.flac,train,幽兰,徐立孙,CD第2册\21\徐立孙-幽兰.wav,4489760,7131680,101.809,161.716
d72fe99321786c91_004.flac,train,幽兰,徐立孙,CD第2册\21\徐立孙-幽兰.wav,6734640,9376560,152.713,212.62
d72fe99321786c91_005.flac,train,幽兰,徐立孙,CD第2册\21\徐立孙-幽兰.wav,8979520,11621440,203.617,263.525
d72fe99321786c91_006.flac,train,幽兰,徐立孙,CD第2册\21\徐立孙-幽兰.wav,11224400,13866320,254.522,314.429
d72fe99321786c91_007.flac,train,幽兰,徐立孙,CD第2册\21\徐立孙-幽兰.wav,13469280,16111200,305.426,365.333
644eb8b9b131ac34_001.flac,validation,广陵散,徐立孙,CD第2册\21\徐立孙-广陵散.wav,0,2641920,0.0,59.907
644eb8b9b131ac34_002.flac,validation,广陵散,徐立孙,CD第2册\21\徐立孙-广陵散.wav,2495470,5137390,56.587,116.494
644eb8b9b131ac34_003.flac,validation,广陵散,徐立孙,CD第2册\21\徐立孙-广陵散.wav,4990940,7632860,113.173,173.081
644eb8b9b131ac34_004.flac,validation,广陵散,徐立孙,CD第2册\21\徐立孙-广陵散.wav,7486410,10128330,169.76,229.667
644eb8b9b131ac34_005.flac,validation,广陵散,徐立孙,CD第2册\21\徐立孙-广陵散.wav,9981880,12623800,226.346,286.254
644eb8b9b131ac34_006.flac,validation,广陵散,徐立孙,CD第2册\21\徐立孙-广陵散.wav,12477349,15119269,282.933,342.841
644eb8b9b131ac34_007.flac,validation,广陵散,徐立孙,CD第2册\21\徐立孙-广陵散.wav,14972819,17614739,339.52,399.427
644eb8b9b131ac34_008.flac,validation,广陵散,徐立孙,CD第2册\21\徐立孙-广陵散.wav,17468289,20110209,396.106,456.014
644eb8b9b131ac34_009.flac,validation,广陵散,徐立孙,CD第2册\21\徐立孙-广陵散.wav,19963759,22605679,452.693,512.6
644eb8b9b131ac34_010.flac,validation,广陵散,徐立孙,CD第2册\21\徐立孙-广陵散.wav,22459229,25101149,509.28,569.187
644eb8b9b131ac34_011.flac,validation,广陵散,徐立孙,CD第2册\21\徐立孙-广陵散.wav,24954699,27596619,565.866,625.774
644eb8b9b131ac34_012.flac,validation,广陵散,徐立孙,CD第2册\21\徐立孙-广陵散.wav,27450169,30092089,622.453,682.36
644eb8b9b131ac34_013.flac,validation,广陵散,徐立孙,CD第2册\21\徐立孙-广陵散.wav,29945639,32587559,679.039,738.947
644eb8b9b131ac34_014.flac,validation,广陵散,徐立孙,CD第2册\21\徐立孙-广陵散.wav,32441108,35083028,735.626,795.534
644eb8b9b131ac34_015.flac,validation,广陵散,徐立孙,CD第2册\21\徐立孙-广陵散.wav,34936578,37578498,792.213,852.12
644eb8b9b131ac34_016.flac,validation,广陵散,徐立孙,CD第2册\21\徐立孙-广陵散.wav,37432048,40073968,848.799,908.707
644eb8b9b131ac34_017.flac,validation,广陵散,徐立孙,CD第2册\21\徐立孙-广陵散.wav,39927518,42569438,905.386,965.293
644eb8b9b131ac34_018.flac,validation,广陵散,徐立孙,CD第2册\21\徐立孙-广陵散.wav,42422988,45064908,961.973,1021.88
223d4ae7902bf723_001.flac,validation,广陵散-残,徐立孙,CD第2册\21\徐立孙-广陵散-残.wav,0,2641920,0.0,59.907
223d4ae7902bf723_002.flac,validation,广陵散-残,徐立孙,CD第2册\21\徐立孙-广陵散-残.wav,2618312,5260232,59.372,119.28
223d4ae7902bf723_003.flac,validation,广陵散-残,徐立孙,CD第2册\21\徐立孙-广陵散-残.wav,5236624,7878544,118.744,178.652
223d4ae7902bf723_004.flac,validation,广陵散-残,徐立孙,CD第2册\21\徐立孙-广陵散-残.wav,7854936,10496856,178.116,238.024
223d4ae7902bf723_005.flac,validation,广陵散-残,徐立孙,CD第2册\21\徐立孙-广陵散-残.wav,10473248,13115168,237.489,297.396
223d4ae7902bf723_006.flac,validation,广陵散-残,徐立孙,CD第2册\21\徐立孙-广陵散-残.wav,13091560,15733480,296.861,356.768
223d4ae7902bf723_007.flac,validation,广陵散-残,徐立孙,CD第2册\21\徐立孙-广陵散-残.wav,15709872,18351792,356.233,416.14
223d4ae7902bf723_008.flac,validation,广陵散-残,徐立孙,CD第2册\21\徐立孙-广陵散-残.wav,18328184,20970104,415.605,475.513
223d4ae7902bf723_009.flac,validation,广陵散-残,徐立孙,CD第2册\21\徐立孙-广陵散-残.wav,20946496,23588416,474.977,534.885
223d4ae7902bf723_010.flac,validation,广陵散-残,徐立孙,CD第2册\21\徐立孙-广陵散-残.wav,23564808,26206728,534.349,594.257
223d4ae7902bf723_011.flac,validation,广陵散-残,徐立孙,CD第2册\21\徐立孙-广陵散-残.wav,26183120,28825040,593.722,653.629
223d4ae7902bf723_012.flac,validation,广陵散-残,徐立孙,CD第2册\21\徐立孙-广陵散-残.wav,28801432,31443352,653.094,713.001
223d4ae7902bf723_013.flac,validation,广陵散-残,徐立孙,CD第2册\21\徐立孙-广陵散-残.wav,31419744,34061664,712.466,772.373
de7aa9a472aaf6ca_001.flac,train,搔首问天1,徐立孙,CD第2册\21\徐立孙-搔首问天1.wav,0,2641920,0.0,59.907
de7aa9a472aaf6ca_002.flac,train,搔首问天1,徐立孙,CD第2册\21\徐立孙-搔首问天1.wav,2416671,5058591,54.8,114.707
de7aa9a472aaf6ca_003.flac,train,搔首问天1,徐立孙,CD第2册\21\徐立孙-搔首问天1.wav,4833342,7475262,109.6,169.507
de7aa9a472aaf6ca_004.flac,train,搔首问天1,徐立孙,CD第2册\21\徐立孙-搔首问天1.wav,7250013,9891933,164.399,224.307
de7aa9a472aaf6ca_005.flac,train,搔首问天1,徐立孙,CD第2册\21\徐立孙-搔首问天1.wav,9666684,12308604,219.199,279.107
e5ebb13d38f7b047_001.flac,test,桃源春晓,杨葆元,CD第2册\27\杨葆元-桃源春晓.wav,0,2641920,0.0,59.907
e5ebb13d38f7b047_002.flac,test,桃源春晓,杨葆元,CD第2册\27\杨葆元-桃源春晓.wav,2484211,5126131,56.331,116.239
e5ebb13d38f7b047_003.flac,test,桃源春晓,杨葆元,CD第2册\27\杨葆元-桃源春晓.wav,4968422,7610342,112.663,172.57
e5ebb13d38f7b047_004.flac,test,桃源春晓,杨葆元,CD第2册\27\杨葆元-桃源春晓.wav,7452633,10094553,168.994,228.901
e5ebb13d38f7b047_005.flac,test,桃源春晓,杨葆元,CD第2册\27\杨葆元-桃源春晓.wav,9936843,12578763,225.325,285.233
e5ebb13d38f7b047_006.flac,test,桃源春晓,杨葆元,CD第2册\27\杨葆元-桃源春晓.wav,12421054,15062974,281.657,341.564
e5ebb13d38f7b047_007.flac,test,桃源春晓,杨葆元,CD第2册\27\杨葆元-桃源春晓.wav,14905265,17547185,337.988,397.895
e5ebb13d38f7b047_008.flac,test,桃源春晓,杨葆元,CD第2册\27\杨葆元-桃源春晓.wav,17389476,20031396,394.319,454.227
f287213b3787941c_001.flac,train,水仙操1,杨葆元,CD第2册\27\杨葆元-水仙操1.wav,0,2641920,0.0,59.907
f287213b3787941c_002.flac,train,水仙操1,杨葆元,CD第2册\27\杨葆元-水仙操1.wav,2484753,5126673,56.344,116.251
f287213b3787941c_003.flac,train,水仙操1,杨葆元,CD第2册\27\杨葆元-水仙操1.wav,4969507,7611427,112.687,172.595
f287213b3787941c_004.flac,train,水仙操1,杨葆元,CD第2册\27\杨葆元-水仙操1.wav,7454260,10096180,169.031,228.938
f287213b3787941c_005.flac,train,水仙操1,杨葆元,CD第2册\27\杨葆元-水仙操1.wav,9939013,12580933,225.374,285.282
f287213b3787941c_006.flac,train,水仙操1,杨葆元,CD第2册\27\杨葆元-水仙操1.wav,12423767,15065687,281.718,341.626
f287213b3787941c_007.flac,train,水仙操1,杨葆元,CD第2册\27\杨葆元-水仙操1.wav,14908520,17550440,338.062,397.969
f287213b3787941c_008.flac,train,水仙操1,杨葆元,CD第2册\27\杨葆元-水仙操1.wav,17393273,20035193,394.405,454.313
f287213b3787941c_009.flac,train,水仙操1,杨葆元,CD第2册\27\杨葆元-水仙操1.wav,19878027,22519947,450.749,510.656
f287213b3787941c_010.flac,train,水仙操1,杨葆元,CD第2册\27\杨葆元-水仙操1.wav,22362780,25004700,507.093,567.0
c8e882f1c86d3097_001.flac,train,水仙操2,杨葆元,CD第2册\27\杨葆元-水仙操2.wav,0,2641920,0.0,59.907
c8e882f1c86d3097_002.flac,train,水仙操2,杨葆元,CD第2册\27\杨葆元-水仙操2.wav,2425569,5067489,55.002,114.909
c8e882f1c86d3097_003.flac,train,水仙操2,杨葆元,CD第2册\27\杨葆元-水仙操2.wav,4851138,7493058,110.003,169.911
c8e882f1c86d3097_004.flac,train,水仙操2,杨葆元,CD第2册\27\杨葆元-水仙操2.wav,7276707,9918627,165.005,224.912
c8e882f1c86d3097_005.flac,train,水仙操2,杨葆元,CD第2册\27\杨葆元-水仙操2.wav,9702276,12344196,220.006,279.914
c8e882f1c86d3097_006.flac,train,水仙操2,杨葆元,CD第2册\27\杨葆元-水仙操2.wav,12127845,14769765,275.008,334.915
c8e882f1c86d3097_007.flac,train,水仙操2,杨葆元,CD第2册\27\杨葆元-水仙操2.wav,14553414,17195334,330.009,389.917
c8e882f1c86d3097_008.flac,train,水仙操2,杨葆元,CD第2册\27\杨葆元-水仙操2.wav,16978983,19620903,385.011,444.918
c8e882f1c86d3097_009.flac,train,水仙操2,杨葆元,CD第2册\27\杨葆元-水仙操2.wav,19404552,22046472,440.013,499.92
07ca683b34941456_001.flac,test,渔樵问答,杨葆元,CD第2册\27\杨葆元-渔樵问答.wav,0,2641920,0.0,59.907
07ca683b34941456_002.flac,test,渔樵问答,杨葆元,CD第2册\27\杨葆元-渔樵问答.wav,2378692,5020612,53.939,113.846
07ca683b34941456_003.flac,test,渔樵问答,杨葆元,CD第2册\27\杨葆元-渔樵问答.wav,4757383,7399303,107.877,167.785
07ca683b34941456_004.flac,test,渔樵问答,杨葆元,CD第2册\27\杨葆元-渔樵问答.wav,7136075,9777995,161.816,221.723
07ca683b34941456_005.flac,test,渔樵问答,杨葆元,CD第2册\27\杨葆元-渔樵问答.wav,9514766,12156686,215.754,275.662
07ca683b34941456_006.flac,test,渔樵问答,杨葆元,CD第2册\27\杨葆元-渔樵问答.wav,11893458,14535378,269.693,329.6
07ca683b34941456_007.flac,test,渔樵问答,杨葆元,CD第2册\27\杨葆元-渔樵问答.wav,14272150,16914070,323.632,383.539
07ca683b34941456_008.flac,test,渔樵问答,杨葆元,CD第2册\27\杨葆元-渔樵问答.wav,16650841,19292761,377.57,437.478
07ca683b34941456_009.flac,test,渔樵问答,杨葆元,CD第2册\27\杨葆元-渔樵问答.wav,19029533,21671453,431.509,491.416
07ca683b34941456_010.flac,test,渔樵问答,杨葆元,CD第2册\27\杨葆元-渔樵问答.wav,21408224,24050144,485.447,545.355
07ca683b34941456_011.flac,test,渔樵问答,杨葆元,CD第2册\27\杨葆元-渔樵问答.wav,23786916,26428836,539.386,599.293
cdf220619c1f18fb_001.flac,validation,关山月,查阜西,CD第1册\CD11\查阜西-关山月.wav,0,2641920,0.0,59.907
cdf220619c1f18fb_002.flac,validation,关山月,查阜西,CD第1册\CD11\查阜西-关山月.wav,1973316,4615236,44.746,104.654
cdf220619c1f18fb_003.flac,validation,关山月,查阜西,CD第1册\CD11\查阜西-关山月.wav,3946632,6588552,89.493,149.4
cdf220619c1f18fb_004.flac,validation,关山月,查阜西,CD第1册\CD11\查阜西-关山月.wav,5919948,8561868,134.239,194.147
195722f79f1b87c0_001.flac,train,凯歌,查阜西,CD第1册\CD11\查阜西-凯歌.wav,0,2641920,0.0,59.907
195722f79f1b87c0_002.flac,train,凯歌,查阜西,CD第1册\CD11\查阜西-凯歌.wav,2441604,5083524,55.365,115.273
195722f79f1b87c0_003.flac,train,凯歌,查阜西,CD第1册\CD11\查阜西-凯歌.wav,4883208,7525128,110.73,170.638
195722f79f1b87c0_004.flac,train,凯歌,查阜西,CD第1册\CD11\查阜西-凯歌.wav,7324812,9966732,166.096,226.003
195722f79f1b87c0_005.flac,train,凯歌,查阜西,CD第1册\CD11\查阜西-凯歌.wav,9766416,12408336,221.461,281.368
195722f79f1b87c0_006.flac,train,凯歌,查阜西,CD第1册\CD11\查阜西-凯歌.wav,12208020,14849940,276.826,336.733
abf938911d2b6091_001.flac,train,梅花三弄,查阜西,CD第1册\CD11\查阜西-梅花三弄.wav,0,2641920,0.0,59.907
abf938911d2b6091_002.flac,train,梅花三弄,查阜西,CD第1册\CD11\查阜西-梅花三弄.wav,2552373,5194293,57.877,117.784
abf938911d2b6091_003.flac,train,梅花三弄,查阜西,CD第1册\CD11\查阜西-梅花三弄.wav,5104747,7746667,115.754,175.661
abf938911d2b6091_004.flac,train,梅花三弄,查阜西,CD第1册\CD11\查阜西-梅花三弄.wav,7657120,10299040,173.631,233.538
abf938911d2b6091_005.flac,train,梅花三弄,查阜西,CD第1册\CD11\查阜西-梅花三弄.wav,10209493,12851413,231.508,291.415
abf938911d2b6091_006.flac,train,梅花三弄,查阜西,CD第1册\CD11\查阜西-梅花三弄.wav,12761867,15403787,289.385,349.292
abf938911d2b6091_007.flac,train,梅花三弄,查阜西,CD第1册\CD11\查阜西-梅花三弄.wav,15314240,17956160,347.262,407.169
abf938911d2b6091_008.flac,train,梅花三弄,查阜西,CD第1册\CD11\查阜西-梅花三弄.wav,17866613,20508533,405.139,465.046
abf938911d2b6091_009.flac,train,梅花三弄,查阜西,CD第1册\CD11\查阜西-梅花三弄.wav,20418987,23060907,463.016,522.923
abf938911d2b6091_010.flac,train,梅花三弄,查阜西,CD第1册\CD11\查阜西-梅花三弄.wav,22971360,25613280,520.893,580.8
91faad20490cb435_001.flac,test,洞庭秋思,查阜西,CD第1册\CD11\查阜西-洞庭秋思.wav,0,2641920,0.0,59.907
91faad20490cb435_002.flac,test,洞庭秋思,查阜西,CD第1册\CD11\查阜西-洞庭秋思.wav,2464688,5106608,55.889,115.796
91faad20490cb435_003.flac,test,洞庭秋思,查阜西,CD第1册\CD11\查阜西-洞庭秋思.wav,4929376,7571296,111.777,171.685
91faad20490cb435_004.flac,test,洞庭秋思,查阜西,CD第1册\CD11\查阜西-洞庭秋思.wav,7394064,10035984,167.666,227.573
ef0420589717eab3_001.flac,train,长门怨,查阜西,CD第1册\CD11\查阜西-长门怨.wav,0,2641920,0.0,59.907
ef0420589717eab3_002.flac,train,长门怨,查阜西,CD第1册\CD11\查阜西-长门怨.wav,2121379,4763299,48.104,108.011
ef0420589717eab3_003.flac,train,长门怨,查阜西,CD第1册\CD11\查阜西-长门怨.wav,4242758,6884678,96.208,156.115
ef0420589717eab3_004.flac,train,长门怨,查阜西,CD第1册\CD11\查阜西-长门怨.wav,6364138,9006058,144.312,204.219
ef0420589717eab3_005.flac,train,长门怨,查阜西,CD第1册\CD11\查阜西-长门怨.wav,8485517,11127437,192.415,252.323
ef0420589717eab3_006.flac,train,长门怨,查阜西,CD第1册\CD11\查阜西-长门怨.wav,10606896,13248816,240.519,300.427
4ead02fbe59ae512_001.flac,train,鸥鹭忘机,查阜西,CD第1册\CD11\查阜西-鸥鹭忘机.wav,0,2641920,0.0,59.907
4ead02fbe59ae512_002.flac,train,鸥鹭忘机,查阜西,CD第1册\CD11\查阜西-鸥鹭忘机.wav,2332942,4974862,52.901,112.809
4ead02fbe59ae512_003.flac,train,鸥鹭忘机,查阜西,CD第1册\CD11\查阜西-鸥鹭忘机.wav,4665883,7307803,105.802,165.71
4ead02fbe59ae512_004.flac,train,鸥鹭忘机,查阜西,CD第1册\CD11\查阜西-鸥鹭忘机.wav,6998825,9640745,158.704,218.611
4ead02fbe59ae512_005.flac,train,鸥鹭忘机,查阜西,CD第1册\CD11\查阜西-鸥鹭忘机.wav,9331766,11973686,211.605,271.512
4ead02fbe59ae512_006.flac,train,鸥鹭忘机,查阜西,CD第1册\CD11\查阜西-鸥鹭忘机.wav,11664708,14306628,264.506,324.413
658702fdde305a1d_001.flac,validation,关山月,管平湖,CD第1册\CD14\管平湖-关山月.wav,0,2641920,0.0,59.907
658702fdde305a1d_002.flac,validation,关山月,管平湖,CD第1册\CD14\管平湖-关山月.wav,2290536,4932456,51.94,111.847
658702fdde305a1d_003.flac,validation,关山月,管平湖,CD第1册\CD14\管平湖-关山月.wav,4581072,7222992,103.879,163.787
6e42dec6ed509329_001.flac,train,回忆,管平湖,CD第1册\CD16\管平湖-回忆.wav,0,2641920,0.0,59.907
6e42dec6ed509329_002.flac,train,回忆,管平湖,CD第1册\CD16\管平湖-回忆.wav,2571876,5213796,58.319,118.227
90e009e4af87a4a1_001.flac,train,大胡笳,管平湖,CD第1册\CD14\管平湖-大胡笳.wav,0,2641920,0.0,59.907
90e009e4af87a4a1_002.flac,train,大胡笳,管平湖,CD第1册\CD14\管平湖-大胡笳.wav,2490569,5132489,56.475,116.383
90e009e4af87a4a1_003.flac,train,大胡笳,管平湖,CD第1册\CD14\管平湖-大胡笳.wav,4981138,7623058,112.951,172.858
90e009e4af87a4a1_004.flac,train,大胡笳,管平湖,CD第1册\CD14\管平湖-大胡笳.wav,7471707,10113627,169.426,229.334
90e009e4af87a4a1_005.flac,train,大胡笳,管平湖,CD第1册\CD14\管平湖-大胡笳.wav,9962276,12604196,225.902,285.809
90e009e4af87a4a1_006.flac,train,大胡笳,管平湖,CD第1册\CD14\管平湖-大胡笳.wav,12452845,15094765,282.377,342.285
90e009e4af87a4a1_007.flac,train,大胡笳,管平湖,CD第1册\CD14\管平湖-大胡笳.wav,14943414,17585334,338.853,398.76
90e009e4af87a4a1_008.flac,train,大胡笳,管平湖,CD第1册\CD14\管平湖-大胡笳.wav,17433983,20075903,395.328,455.236
90e009e4af87a4a1_009.flac,train,大胡笳,管平湖,CD第1册\CD14\管平湖-大胡笳.wav,19924552,22566472,451.804,511.711
90e009e4af87a4a1_010.flac,train,大胡笳,管平湖,CD第1册\CD14\管平湖-大胡笳.wav,22415121,25057041,508.279,568.187
90e009e4af87a4a1_011.flac,train,大胡笳,管平湖,CD第1册\CD14\管平湖-大胡笳.wav,24905690,27547610,564.755,624.662
90e009e4af87a4a1_012.flac,train,大胡笳,管平湖,CD第1册\CD14\管平湖-大胡笳.wav,27396259,30038179,621.23,681.138
90e009e4af87a4a1_013.flac,train,大胡笳,管平湖,CD第1册\CD14\管平湖-大胡笳.wav,29886828,32528748,677.706,737.613
afabe4a72b2ac48d_001.flac,train,平沙落雁1,管平湖,CD第1册\CD18\管平湖-平沙落雁1.wav,0,2641920,0.0,59.907
afabe4a72b2ac48d_002.flac,train,平沙落雁1,管平湖,CD第1册\CD18\管平湖-平沙落雁1.wav,2501738,5143658,56.729,116.636
afabe4a72b2ac48d_003.flac,train,平沙落雁1,管平湖,CD第1册\CD18\管平湖-平沙落雁1.wav,5003476,7645396,113.458,173.365
afabe4a72b2ac48d_004.flac,train,平沙落雁1,管平湖,CD第1册\CD18\管平湖-平沙落雁1.wav,7505214,10147134,170.186,230.094
afabe4a72b2ac48d_005.flac,train,平沙落雁1,管平湖,CD第1册\CD18\管平湖-平沙落雁1.wav,10006952,12648872,226.915,286.822
afabe4a72b2ac48d_006.flac,train,平沙落雁1,管平湖,CD第1册\CD18\管平湖-平沙落雁1.wav,12508690,15150610,283.644,343.551
afabe4a72b2ac48d_007.flac,train,平沙落雁1,管平湖,CD第1册\CD18\管平湖-平沙落雁1.wav,15010428,17652348,340.373,400.28
edc98c643f4f2ee0_001.flac,train,平沙落雁2,管平湖,CD第1册\CD18\管平湖-平沙落雁2.wav,0,2641920,0.0,59.907
edc98c643f4f2ee0_002.flac,train,平沙落雁2,管平湖,CD第1册\CD18\管平湖-平沙落雁2.wav,2536626,5178546,57.52,117.427
edc98c643f4f2ee0_003.flac,train,平沙落雁2,管平湖,CD第1册\CD18\管平湖-平沙落雁2.wav,5073252,7715172,115.04,174.947
edc98c643f4f2ee0_004.flac,train,平沙落雁2,管平湖,CD第1册\CD18\管平湖-平沙落雁2.wav,7609878,10251798,172.56,232.467
edc98c643f4f2ee0_005.flac,train,平沙落雁2,管平湖,CD第1册\CD18\管平湖-平沙落雁2.wav,10146504,12788424,230.079,289.987
edc98c643f4f2ee0_006.flac,train,平沙落雁2,管平湖,CD第1册\CD18\管平湖-平沙落雁2.wav,12683130,15325050,287.599,347.507
edc98c643f4f2ee0_007.flac,train,平沙落雁2,管平湖,CD第1册\CD18\管平湖-平沙落雁2.wav,15219756,17861676,345.119,405.027
2dd2fefd43796977_001.flac,validation,广陵散1,管平湖,CD第1册\CD15\管平湖-广陵散1.wav,0,2641920,0.0,59.907
2dd2fefd43796977_002.flac,validation,广陵散1,管平湖,CD第1册\CD15\管平湖-广陵散1.wav,2596072,5237992,58.868,118.775
2dd2fefd43796977_003.flac,validation,广陵散1,管平湖,CD第1册\CD15\管平湖-广陵散1.wav,5192144,7834064,117.736,177.643
2dd2fefd43796977_004.flac,validation,广陵散1,管平湖,CD第1册\CD15\管平湖-广陵散1.wav,7788215,10430135,176.604,236.511
2dd2fefd43796977_005.flac,validation,广陵散1,管平湖,CD第1册\CD15\管平湖-广陵散1.wav,10384287,13026207,235.471,295.379
2dd2fefd43796977_006.flac,validation,广陵散1,管平湖,CD第1册\CD15\管平湖-广陵散1.wav,12980359,15622279,294.339,354.247
2dd2fefd43796977_007.flac,validation,广陵散1,管平湖,CD第1册\CD15\管平湖-广陵散1.wav,15576431,18218351,353.207,413.115
2dd2fefd43796977_008.flac,validation,广陵散1,管平湖,CD第1册\CD15\管平湖-广陵散1.wav,18172503,20814423,412.075,471.982
2dd2fefd43796977_009.flac,validation,广陵散1,管平湖,CD第1册\CD15\管平湖-广陵散1.wav,20768575,23410495,470.943,530.85
2dd2fefd43796977_010.flac,validation,广陵散1,管平湖,CD第1册\CD15\管平湖-广陵散1.wav,23364646,26006566,529.811,589.718
2dd2fefd43796977_011.flac,validation,广陵散1,管平湖,CD第1册\CD15\管平湖-广陵散1.wav,25960718,28602638,588.678,648.586
2dd2fefd43796977_012.flac,validation,广陵散1,管平湖,CD第1册\CD15\管平湖-广陵散1.wav,28556790,31198710,647.546,707.454
2dd2fefd43796977_013.flac,validation,广陵散1,管平湖,CD第1册\CD15\管平湖-广陵散1.wav,31152862,33794782,706.414,766.322
2dd2fefd43796977_014.flac,validation,广陵散1,管平湖,CD第1册\CD15\管平湖-广陵散1.wav,33748934,36390854,765.282,825.189
2dd2fefd43796977_015.flac,validation,广陵散1,管平湖,CD第1册\CD15\管平湖-广陵散1.wav,36345005,38986925,824.15,884.057
2dd2fefd43796977_016.flac,validation,广陵散1,管平湖,CD第1册\CD15\管平湖-广陵散1.wav,38941077,41582997,883.018,942.925
2dd2fefd43796977_017.flac,validation,广陵散1,管平湖,CD第1册\CD15\管平湖-广陵散1.wav,41537149,44179069,941.885,1001.793
2dd2fefd43796977_018.flac,validation,广陵散1,管平湖,CD第1册\CD15\管平湖-广陵散1.wav,44133221,46775141,1000.753,1060.661
2dd2fefd43796977_019.flac,validation,广陵散1,管平湖,CD第1册\CD15\管平湖-广陵散1.wav,46729293,49371213,1059.621,1119.529
2dd2fefd43796977_020.flac,validation,广陵散1,管平湖,CD第1册\CD15\管平湖-广陵散1.wav,49325365,51967285,1118.489,1178.396
2dd2fefd43796977_021.flac,validation,广陵散1,管平湖,CD第1册\CD15\管平湖-广陵散1.wav,51921436,54563356,1177.357,1237.264
2dd2fefd43796977_022.flac,validation,广陵散1,管平湖,CD第1册\CD15\管平湖-广陵散1.wav,54517508,57159428,1236.225,1296.132
2dd2fefd43796977_023.flac,validation,广陵散1,管平湖,CD第1册\CD15\管平湖-广陵散1.wav,57113580,59755500,1295.093,1355.0
1b80d93bbee58056_001.flac,validation,广陵散2,管平湖,CD第1册\CD15\管平湖-广陵散2.wav,0,2641920,0.0,59.907
1b80d93bbee58056_002.flac,validation,广陵散2,管平湖,CD第1册\CD15\管平湖-广陵散2.wav,2575919,5217839,58.411,118.318
1b80d93bbee58056_003.flac,validation,广陵散2,管平湖,CD第1册\CD15\管平湖-广陵散2.wav,5151839,7793759,116.822,176.729
1b80d93bbee58056_004.flac,validation,广陵散2,管平湖,CD第1册\CD15\管平湖-广陵散2.wav,7727758,10369678,175.233,235.14
1b80d93bbee58056_005.flac,validation,广陵散2,管平湖,CD第1册\CD15\管平湖-广陵散2.wav,10303678,12945598,233.643,293.551
1b80d93bbee58056_006.flac,validation,广陵散2,管平湖,CD第1册\CD15\管平湖-广陵散2.wav,12879597,15521517,292.054,351.962
1b80d93bbee58056_007.flac,validation,广陵散2,管平湖,CD第1册\CD15\管平湖-广陵散2.wav,15455517,18097437,350.465,410.373
1b80d93bbee58056_008.flac,validation,广陵散2,管平湖,CD第1册\CD15\管平湖-广陵散2.wav,18031436,20673356,408.876,468.784
1b80d93bbee58056_009.flac,validation,广陵散2,管平湖,CD第1册\CD15\管平湖-广陵散2.wav,20607356,23249276,467.287,527.194
1b80d93bbee58056_010.flac,validation,广陵散2,管平湖,CD第1册\CD15\管平湖-广陵散2.wav,23183275,25825195,525.698,585.605
1b80d93bbee58056_011.flac,validation,广陵散2,管平湖,CD第1册\CD15\管平湖-广陵散2.wav,25759195,28401115,584.109,644.016
1b80d93bbee58056_012.flac,validation,广陵散2,管平湖,CD第1册\CD15\管平湖-广陵散2.wav,28335114,30977034,642.52,702.427
1b80d93bbee58056_013.flac,validation,广陵散2,管平湖,CD第1册\CD15\管平湖-广陵散2.wav,30911033,33552953,700.93,760.838
1b80d93bbee58056_014.flac,validation,广陵散2,管平湖,CD第1册\CD15\管平湖-广陵散2.wav,33486953,36128873,759.341,819.249
1b80d93bbee58056_015.flac,validation,广陵散2,管平湖,CD第1册\CD15\管平湖-广陵散2.wav,36062872,38704792,817.752,877.66
1b80d93bbee58056_016.flac,validation,广陵散2,管平湖,CD第1册\CD15\管平湖-广陵散2.wav,38638792,41280712,876.163,936.071
1b80d93bbee58056_017.flac,validation,广陵散2,管平湖,CD第1册\CD15\管平湖-广陵散2.wav,41214711,43856631,934.574,994.481
1b80d93bbee58056_018.flac,validation,广陵散2,管平湖,CD第1册\CD15\管平湖-广陵散2.wav,43790631,46432551,992.985,1052.892
1b80d93bbee58056_019.flac,validation,广陵散2,管平湖,CD第1册\CD15\管平湖-广陵散2.wav,46366550,49008470,1051.396,1111.303
1b80d93bbee58056_020.flac,validation,广陵散2,管平湖,CD第1册\CD15\管平湖-广陵散2.wav,48942470,51584390,1109.807,1169.714
1b80d93bbee58056_021.flac,validation,广陵散2,管平湖,CD第1册\CD15\管平湖-广陵散2.wav,51518389,54160309,1168.217,1228.125
1b80d93bbee58056_022.flac,validation,广陵散2,管平湖,CD第1册\CD15\管平湖-广陵散2.wav,54094309,56736229,1226.628,1286.536
1b80d93bbee58056_023.flac,validation,广陵散2,管平湖,CD第1册\CD15\管平湖-广陵散2.wav,56670228,59312148,1285.039,1344.947
54ab4d852accbc62_001.flac,validation,广陵散3,管平湖,CD第1册\CD15\管平湖-广陵散3.wav,0,2641920,0.0,59.907
54ab4d852accbc62_002.flac,validation,广陵散3,管平湖,CD第1册\CD15\管平湖-广陵散3.wav,2586022,5227942,58.64,118.547
54ab4d852accbc62_003.flac,validation,广陵散3,管平湖,CD第1册\CD15\管平湖-广陵散3.wav,5172045,7813965,117.28,177.187
54ab4d852accbc62_004.flac,validation,广陵散3,管平湖,CD第1册\CD15\管平湖-广陵散3.wav,7758067,10399987,175.92,235.827
54ab4d852accbc62_005.flac,validation,广陵散3,管平湖,CD第1册\CD15\管平湖-广陵散3.wav,10344089,12986009,234.56,294.467
54ab4d852accbc62_006.flac,validation,广陵散3,管平湖,CD第1册\CD15\管平湖-广陵散3.wav,12930112,15572032,293.2,353.107
54ab4d852accbc62_007.flac,validation,广陵散3,管平湖,CD第1册\CD15\管平湖-广陵散3.wav,15516134,18158054,351.84,411.747
54ab4d852accbc62_008.flac,validation,广陵散3,管平湖,CD第1册\CD15\管平湖-广陵散3.wav,18102157,20744077,410.48,470.387
54ab4d852accbc62_009.flac,validation,广陵散3,管平湖,CD第1册\CD15\管平湖-广陵散3.wav,20688179,23330099,469.12,529.027
54ab4d852accbc62_010.flac,validation,广陵散3,管平湖,CD第1册\CD15\管平湖-广陵散3.wav,23274201,25916121,527.76,587.667
54ab4d852accbc62_011.flac,validation,广陵散3,管平湖,CD第1册\CD15\管平湖-广陵散3.wav,25860224,28502144,586.4,646.307
54ab4d852accbc62_012.flac,validation,广陵散3,管平湖,CD第1册\CD15\管平湖-广陵散3.wav,28446246,31088166,645.04,704.947
54ab4d852accbc62_013.flac,validation,广陵散3,管平湖,CD第1册\CD15\管平湖-广陵散3.wav,31032268,33674188,703.68,763.587
54ab4d852accbc62_014.flac,validation,广陵散3,管平湖,CD第1册\CD15\管平湖-广陵散3.wav,33618291,36260211,762.32,822.227
54ab4d852accbc62_015.flac,validation,广陵散3,管平湖,CD第1册\CD15\管平湖-广陵散3.wav,36204313,38846233,820.959,880.867
54ab4d852accbc62_016.flac,validation,广陵散3,管平湖,CD第1册\CD15\管平湖-广陵散3.wav,38790335,41432255,879.599,939.507
54ab4d852accbc62_017.flac,validation,广陵散3,管平湖,CD第1册\CD15\管平湖-广陵散3.wav,41376358,44018278,938.239,998.147
54ab4d852accbc62_018.flac,validation,广陵散3,管平湖,CD第1册\CD15\管平湖-广陵散3.wav,43962380,46604300,996.879,1056.787
54ab4d852accbc62_019.flac,validation,广陵散3,管平湖,CD第1册\CD15\管平湖-广陵散3.wav,46548403,49190323,1055.519,1115.427
54ab4d852accbc62_020.flac,validation,广陵散3,管平湖,CD第1册\CD15\管平湖-广陵散3.wav,49134425,51776345,1114.159,1174.067
54ab4d852accbc62_021.flac,validation,广陵散3,管平湖,CD第1册\CD15\管平湖-广陵散3.wav,51720447,54362367,1172.799,1232.707
54ab4d852accbc62_022.flac,validation,广陵散3,管平湖,CD第1册\CD15\管平湖-广陵散3.wav,54306470,56948390,1231.439,1291.347
54ab4d852accbc62_023.flac,validation,广陵散3,管平湖,CD第1册\CD15\管平湖-广陵散3.wav,56892492,59534412,1290.079,1349.987
46783450578c0709_001.flac,train,春晓吟,管平湖,CD第1册\CD14\管平湖-春晓吟.wav,0,2641920,0.0,59.907
46783450578c0709_002.flac,train,春晓吟,管平湖,CD第1册\CD14\管平湖-春晓吟.wav,2102284,4744204,47.671,107.578
46783450578c0709_003.flac,train,春晓吟,管平湖,CD第1册\CD14\管平湖-春晓吟.wav,4204568,6846488,95.342,155.249
46783450578c0709_004.flac,train,春晓吟,管平湖,CD第1册\CD14\管平湖-春晓吟.wav,6306852,8948772,143.013,202.92
4d64880d9b705df3_001.flac,train,梅花三弄,管平湖,CD第1册\CD17\管平湖-梅花三弄.wav,0,2641920,0.0,59.907
4d64880d9b705df3_002.flac,train,梅花三弄,管平湖,CD第1册\CD17\管平湖-梅花三弄.wav,2332518,4974438,52.892,112.799
4d64880d9b705df3_003.flac,train,梅花三弄,管平湖,CD第1册\CD17\管平湖-梅花三弄.wav,4665036,7306956,105.783,165.691
4d64880d9b705df3_004.flac,train,梅花三弄,管平湖,CD第1册\CD17\管平湖-梅花三弄.wav,6997554,9639474,158.675,218.582
4d64880d9b705df3_005.flac,train,梅花三弄,管平湖,CD第1册\CD17\管平湖-梅花三弄.wav,9330072,11971992,211.566,271.474
4d64880d9b705df3_006.flac,train,梅花三弄,管平湖,CD第1册\CD17\管平湖-梅花三弄.wav,11662590,14304510,264.458,324.365
4d64880d9b705df3_007.flac,train,梅花三弄,管平湖,CD第1册\CD17\管平湖-梅花三弄.wav,13995108,16637028,317.349,377.257
4d64880d9b705df3_008.flac,train,梅花三弄,管平湖,CD第1册\CD17\管平湖-梅花三弄.wav,16327626,18969546,370.241,430.148
4d64880d9b705df3_009.flac,train,梅花三弄,管平湖,CD第1册\CD17\管平湖-梅花三弄.wav,18660144,21302064,423.133,483.04
f3b089fcdea02934_001.flac,train,欸乃,管平湖,CD第1册\CD14\管平湖-欸乃.wav,0,2641920,0.0,59.907
f3b089fcdea02934_002.flac,train,欸乃,管平湖,CD第1册\CD14\管平湖-欸乃.wav,2543440,5185360,57.674,117.582
f3b089fcdea02934_003.flac,train,欸乃,管平湖,CD第1册\CD14\管平湖-欸乃.wav,5086880,7728800,115.349,175.256
f3b089fcdea02934_004.flac,train,欸乃,管平湖,CD第1册\CD14\管平湖-欸乃.wav,7630320,10272240,173.023,232.931
f3b089fcdea02934_005.flac,train,欸乃,管平湖,CD第1册\CD14\管平湖-欸乃.wav,10173760,12815680,230.698,290.605
f3b089fcdea02934_006.flac,train,欸乃,管平湖,CD第1册\CD14\管平湖-欸乃.wav,12717200,15359120,288.372,348.279
f3b089fcdea02934_007.flac,train,欸乃,管平湖,CD第1册\CD14\管平湖-欸乃.wav,15260640,17902560,346.046,405.954
f3b089fcdea02934_008.flac,train,欸乃,管平湖,CD第1册\CD14\管平湖-欸乃.wav,17804080,20446000,403.721,463.628
f3b089fcdea02934_009.flac,train,欸乃,管平湖,CD第1册\CD14\管平湖-欸乃.wav,20347520,22989440,461.395,521.302
f3b089fcdea02934_010.flac,train,欸乃,管平湖,CD第1册\CD14\管平湖-欸乃.wav,22890960,25532880,519.069,578.977
f3b089fcdea02934_011.flac,train,欸乃,管平湖,CD第1册\CD14\管平湖-欸乃.wav,25434400,28076320,576.744,636.651
f3b089fcdea02934_012.flac,train,欸乃,管平湖,CD第1册\CD14\管平湖-欸乃.wav,27977840,30619760,634.418,694.326
f3b089fcdea02934_013.flac,train,欸乃,管平湖,CD第1册\CD14\管平湖-欸乃.wav,30521280,33163200,692.093,752.0
c27e2d5806f4deb7_001.flac,train,水仙操1,管平湖,CD第1册\CD18\管平湖-水仙操1.wav,0,2641920,0.0,59.907
c27e2d5806f4deb7_002.flac,train,水仙操1,管平湖,CD第1册\CD18\管平湖-水仙操1.wav,2472405,5114325,56.064,115.971
c27e2d5806f4deb7_003.flac,train,水仙操1,管平湖,CD第1册\CD18\管平湖-水仙操1.wav,4944811,7586731,112.127,172.035
c27e2d5806f4deb7_004.flac,train,水仙操1,管平湖,CD第1册\CD18\管平湖-水仙操1.wav,7417216,10059136,168.191,228.098
c27e2d5806f4deb7_005.flac,train,水仙操1,管平湖,CD第1册\CD18\管平湖-水仙操1.wav,9889621,12531541,224.254,284.162
c27e2d5806f4deb7_006.flac,train,水仙操1,管平湖,CD第1册\CD18\管平湖-水仙操1.wav,12362027,15003947,280.318,340.226
c27e2d5806f4deb7_007.flac,train,水仙操1,管平湖,CD第1册\CD18\管平湖-水仙操1.wav,14834432,17476352,336.382,396.289
c27e2d5806f4deb7_008.flac,train,水仙操1,管平湖,CD第1册\CD18\管平湖-水仙操1.wav,17306837,19948757,392.445,452.353
c27e2d5806f4deb7_009.flac,train,水仙操1,管平湖,CD第1册\CD18\管平湖-水仙操1.wav,19779243,22421163,448.509,508.416
c27e2d5806f4deb7_010.flac,train,水仙操1,管平湖,CD第1册\CD18\管平湖-水仙操1.wav,22251648,24893568,504.573,564.48
420627d8453dfd40_001.flac,train,水仙操2,管平湖,CD第1册\CD18\管平湖-水仙操2.wav,0,2641920,0.0,59.907
420627d8453dfd40_002.flac,train,水仙操2,管平湖,CD第1册\CD18\管平湖-水仙操2.wav,2475476,5117396,56.133,116.041
420627d8453dfd40_003.flac,train,水仙操2,管平湖,CD第1册\CD18\管平湖-水仙操2.wav,4950953,7592873,112.267,172.174
420627d8453dfd40_004.flac,train,水仙操2,管平湖,CD第1册\CD18\管平湖-水仙操2.wav,7426429,10068349,168.4,228.307
420627d8453dfd40_005.flac,train,水仙操2,管平湖,CD第1册\CD18\管平湖-水仙操2.wav,9901906,12543826,224.533,284.44
420627d8453dfd40_006.flac,train,水仙操2,管平湖,CD第1册\CD18\管平湖-水仙操2.wav,12377382,15019302,280.666,340.574
420627d8453dfd40_007.flac,train,水仙操2,管平湖,CD第1册\CD18\管平湖-水仙操2.wav,14852858,17494778,336.8,396.707
420627d8453dfd40_008.flac,train,水仙操2,管平湖,CD第1册\CD18\管平湖-水仙操2.wav,17328335,19970255,392.933,452.84
420627d8453dfd40_009.flac,train,水仙操2,管平湖,CD第1册\CD18\管平湖-水仙操2.wav,19803811,22445731,449.066,508.973
420627d8453dfd40_010.flac,train,水仙操2,管平湖,CD第1册\CD18\管平湖-水仙操2.wav,22279288,24921208,505.199,565.107
420627d8453dfd40_011.flac,train,水仙操2,管平湖,CD第1册\CD18\管平湖-水仙操2.wav,24754764,27396684,561.333,621.24
2b8294505867510f_001.flac,train,流水1,管平湖,CD第1册\CD17\管平湖-流水1.wav,0,2641920,0.0,59.907
2b8294505867510f_002.flac,train,流水1,管平湖,CD第1册\CD17\管平湖-流水1.wav,2500087,5142007,56.691,116.599
2b8294505867510f_003.flac,train,流水1,管平湖,CD第1册\CD17\管平湖-流水1.wav,5000174,7642094,113.383,173.29
2b8294505867510f_004.flac,train,流水1,管平湖,CD第1册\CD17\管平湖-流水1.wav,7500261,10142181,170.074,229.981
2b8294505867510f_005.flac,train,流水1,管平湖,CD第1册\CD17\管平湖-流水1.wav,10000347,12642267,226.765,286.673
2b8294505867510f_006.flac,train,流水1,管平湖,CD第1册\CD17\管平湖-流水1.wav,12500434,15142354,283.457,343.364
2b8294505867510f_007.flac,train,流水1,管平湖,CD第1册\CD17\管平湖-流水1.wav,15000521,17642441,340.148,400.055
2b8294505867510f_008.flac,train,流水1,管平湖,CD第1册\CD17\管平湖-流水1.wav,17500608,20142528,396.839,456.747
daf708d4ab0a4462_001.flac,train,流水2,管平湖,CD第1册\CD17\管平湖-流水2.wav,0,2641920,0.0,59.907
daf708d4ab0a4462_002.flac,train,流水2,管平湖,CD第1册\CD17\管平湖-流水2.wav,2390887,5032807,54.215,114.123
daf708d4ab0a4462_003.flac,train,流水2,管平湖,CD第1册\CD17\管平湖-流水2.wav,4781774,7423694,108.43,168.338
daf708d4ab0a4462_004.flac,train,流水2,管平湖,CD第1册\CD17\管平湖-流水2.wav,7172661,9814581,162.645,222.553
daf708d4ab0a4462_005.flac,train,流水2,管平湖,CD第1册\CD17\管平湖-流水2.wav,9563547,12205467,216.86,276.768
daf708d4ab0a4462_006.flac,train,流水2,管平湖,CD第1册\CD17\管平湖-流水2.wav,11954434,14596354,271.076,330.983
daf708d4ab0a4462_007.flac,train,流水2,管平湖,CD第1册\CD17\管平湖-流水2.wav,14345321,16987241,325.291,385.198
daf708d4ab0a4462_008.flac,train,流水2,管平湖,CD第1册\CD17\管平湖-流水2.wav,16736208,19378128,379.506,439.413
00be8ae60b7893b9_001.flac,train,流水3,管平湖,CD第1册\CD17\管平湖-流水3.wav,0,2641920,0.0,59.907
00be8ae60b7893b9_002.flac,train,流水3,管平湖,CD第1册\CD17\管平湖-流水3.wav,2444983,5086903,55.442,115.349
00be8ae60b7893b9_003.flac,train,流水3,管平湖,CD第1册\CD17\管平湖-流水3.wav,4889966,7531886,110.884,170.791
00be8ae60b7893b9_004.flac,train,流水3,管平湖,CD第1册\CD17\管平湖-流水3.wav,7334949,9976869,166.325,226.233
00be8ae60b7893b9_005.flac,train,流水3,管平湖,CD第1册\CD17\管平湖-流水3.wav,9779931,12421851,221.767,281.675
00be8ae60b7893b9_006.flac,train,流水3,管平湖,CD第1册\CD17\管平湖-流水3.wav,12224914,14866834,277.209,337.116
00be8ae60b7893b9_007.flac,train,流水3,管平湖,CD第1册\CD17\管平湖-流水3.wav,14669897,17311817,332.651,392.558
00be8ae60b7893b9_008.flac,train,流水3,管平湖,CD第1册\CD17\管平湖-流水3.wav,17114880,19756800,388.093,448.0
0b0ce885d568579f_001.flac,train,流水4,管平湖,CD第1册\CD17\管平湖-流水4.wav,0,2641920,0.0,59.907
0b0ce885d568579f_002.flac,train,流水4,管平湖,CD第1册\CD17\管平湖-流水4.wav,2533183,5175103,57.442,117.349
0b0ce885d568579f_003.flac,train,流水4,管平湖,CD第1册\CD17\管平湖-流水4.wav,5066366,7708286,114.884,174.791
0b0ce885d568579f_004.flac,train,流水4,管平湖,CD第1册\CD17\管平湖-流水4.wav,7599549,10241469,172.325,232.233
0b0ce885d568579f_005.flac,train,流水4,管平湖,CD第1册\CD17\管平湖-流水4.wav,10132731,12774651,229.767,289.675
0b0ce885d568579f_006.flac,train,流水4,管平湖,CD第1册\CD17\管平湖-流水4.wav,12665914,15307834,287.209,347.116
0b0ce885d568579f_007.flac,train,流水4,管平湖,CD第1册\CD17\管平湖-流水4.wav,15199097,17841017,344.651,404.558
0b0ce885d568579f_008.flac,train,流水4,管平湖,CD第1册\CD17\管平湖-流水4.wav,17732280,20374200,402.093,462.0
d93299804ea931f1_001.flac,train,白雪1,管平湖,CD第1册\CD14\管平湖-白雪1.wav,0,2641920,0.0,59.907
d93299804ea931f1_002.flac,train,白雪1,管平湖,CD第1册\CD14\管平湖-白雪1.wav,2159599,4801519,48.97,108.878
d93299804ea931f1_003.flac,train,白雪1,管平湖,CD第1册\CD14\管平湖-白雪1.wav,4319198,6961118,97.941,157.848
d93299804ea931f1_004.flac,train,白雪1,管平湖,CD第1册\CD14\管平湖-白雪1.wav,6478798,9120718,146.912,206.819
d93299804ea931f1_005.flac,train,白雪1,管平湖,CD第1册\CD14\管平湖-白雪1.wav,8638397,11280317,195.882,255.79
d93299804ea931f1_006.flac,train,白雪1,管平湖,CD第1册\CD14\管平湖-白雪1.wav,10797996,13439916,244.853,304.76
77fa9f07d8478e2e_001.flac,train,白雪2,管平湖,CD第1册\CD14\管平湖-白雪2.wav,0,2641920,0.0,59.907
77fa9f07d8478e2e_002.flac,train,白雪2,管平湖,CD第1册\CD14\管平湖-白雪2.wav,2266262,4908182,51.389,111.297
77fa9f07d8478e2e_003.flac,train,白雪2,管平湖,CD第1册\CD14\管平湖-白雪2.wav,4532525,7174445,102.778,162.686
77fa9f07d8478e2e_004.flac,train,白雪2,管平湖,CD第1册\CD14\管平湖-白雪2.wav,6798787,9440707,154.168,214.075
77fa9f07d8478e2e_005.flac,train,白雪2,管平湖,CD第1册\CD14\管平湖-白雪2.wav,9065050,11706970,205.557,265.464
77fa9f07d8478e2e_006.flac,train,白雪2,管平湖,CD第1册\CD14\管平湖-白雪2.wav,11331312,13973232,256.946,316.853
4d4d4f5fa758889c_001.flac,train,离骚1,管平湖,CD第1册\CD16\管平湖-离骚1.wav,0,2641920,0.0,59.907
4d4d4f5fa758889c_002.flac,train,离骚1,管平湖,CD第1册\CD16\管平湖-离骚1.wav,2600662,5242582,58.972,118.879
4d4d4f5fa758889c_003.flac,train,离骚1,管平湖,CD第1册\CD16\管平湖-离骚1.wav,5201323,7843243,117.944,177.851
4d4d4f5fa758889c_004.flac,train,离骚1,管平湖,CD第1册\CD16\管平湖-离骚1.wav,7801985,10443905,176.916,236.823
4d4d4f5fa758889c_005.flac,train,离骚1,管平湖,CD第1册\CD16\管平湖-离骚1.wav,10402646,13044566,235.888,295.795
4d4d4f5fa758889c_006.flac,train,离骚1,管平湖,CD第1册\CD16\管平湖-离骚1.wav,13003308,15645228,294.86,354.767
4d4d4f5fa758889c_007.flac,train,离骚1,管平湖,CD第1册\CD16\管平湖-离骚1.wav,15603970,18245890,353.832,413.739
4d4d4f5fa758889c_008.flac,train,离骚1,管平湖,CD第1册\CD16\管平湖-离骚1.wav,18204631,20846551,412.803,472.711
4d4d4f5fa758889c_009.flac,train,离骚1,管平湖,CD第1册\CD16\管平湖-离骚1.wav,20805293,23447213,471.775,531.683
4d4d4f5fa758889c_010.flac,train,离骚1,管平湖,CD第1册\CD16\管平湖-离骚1.wav,23405954,26047874,530.747,590.655
4d4d4f5fa758889c_011.flac,train,离骚1,管平湖,CD第1册\CD16\管平湖-离骚1.wav,26006616,28648536,589.719,649.627
7358e614fd7bbc62_001.flac,train,离骚2,管平湖,CD第1册\CD16\管平湖-离骚2.wav,0,2641920,0.0,59.907
7358e614fd7bbc62_002.flac,train,离骚2,管平湖,CD第1册\CD16\管平湖-离骚2.wav,2462776,5104696,55.845,115.753
7358e614fd7bbc62_003.flac,train,离骚2,管平湖,CD第1册\CD16\管平湖-离骚2.wav,4925551,7567471,111.69,171.598
7358e614fd7bbc62_004.flac,train,离骚2,管平湖,CD第1册\CD16\管平湖-离骚2.wav,7388327,10030247,167.536,227.443
7358e614fd7bbc62_005.flac,train,离骚2,管平湖,CD第1册\CD16\管平湖-离骚2.wav,9851102,12493022,223.381,283.288
7358e614fd7bbc62_006.flac,train,离骚2,管平湖,CD第1册\CD16\管平湖-离骚2.wav,12313878,14955798,279.226,339.134
7358e614fd7bbc62_007.flac,train,离骚2,管平湖,CD第1册\CD16\管平湖-离骚2.wav,14776654,17418574,335.072,394.979
7358e614fd7bbc62_008.flac,train,离骚2,管平湖,CD第1册\CD16\管平湖-离骚2.wav,17239429,19881349,390.917,450.824
7358e614fd7bbc62_009.flac,train,离骚2,管平湖,CD第1册\CD16\管平湖-离骚2.wav,19702205,22344125,446.762,506.67
7358e614fd7bbc62_010.flac,train,离骚2,管平湖,CD第1册\CD16\管平湖-离骚2.wav,22164980,24806900,502.607,562.515
7358e614fd7bbc62_011.flac,train,离骚2,管平湖,CD第1册\CD16\管平湖-离骚2.wav,24627756,27269676,558.453,618.36
59a9cea23146a47d_001.flac,train,胡笳十八拍,管平湖,CD第1册\CD16\管平湖-胡笳十八拍.wav,0,2641920,0.0,59.907
59a9cea23146a47d_002.flac,train,胡笳十八拍,管平湖,CD第1册\CD16\管平湖-胡笳十八拍.wav,2620683,5262603,59.426,119.333
59a9cea23146a47d_003.flac,train,胡笳十八拍,管平湖,CD第1册\CD16\管平湖-胡笳十八拍.wav,5241366,7883286,118.852,178.759
59a9cea23146a47d_004.flac,train,胡笳十八拍,管平湖,CD第1册\CD16\管平湖-胡笳十八拍.wav,7862049,10503969,178.278,238.185
59a9cea23146a47d_005.flac,train,胡笳十八拍,管平湖,CD第1册\CD16\管平湖-胡笳十八拍.wav,10482733,13124653,237.704,297.611
59a9cea23146a47d_006.flac,train,胡笳十八拍,管平湖,CD第1册\CD16\管平湖-胡笳十八拍.wav,13103416,15745336,297.13,357.037
59a9cea23146a47d_007.flac,train,胡笳十八拍,管平湖,CD第1册\CD16\管平湖-胡笳十八拍.wav,15724099,18366019,356.556,416.463
59a9cea23146a47d_008.flac,train,胡笳十八拍,管平湖,CD第1册\CD16\管平湖-胡笳十八拍.wav,18344782,20986702,415.981,475.889
59a9cea23146a47d_009.flac,train,胡笳十八拍,管平湖,CD第1册\CD16\管平湖-胡笳十八拍.wav,20965465,23607385,475.407,535.315
59a9cea23146a47d_010.flac,train,胡笳十八拍,管平湖,CD第1册\CD16\管平湖-胡笳十八拍.wav,23586148,26228068,534.833,594.741
59a9cea23146a47d_011.flac,train,胡笳十八拍,管平湖,CD第1册\CD16\管平湖-胡笳十八拍.wav,26206832,28848752,594.259,654.167
59a9cea23146a47d_012.flac,train,胡笳十八拍,管平湖,CD第1册\CD16\管平湖-胡笳十八拍.wav,28827515,31469435,653.685,713.593
59a9cea23146a47d_013.flac,train,胡笳十八拍,管平湖,CD第1册\CD16\管平湖-胡笳十八拍.wav,31448198,34090118,713.111,773.019
59a9cea23146a47d_014.flac,train,胡笳十八拍,管平湖,CD第1册\CD16\管平湖-胡笳十八拍.wav,34068881,36710801,772.537,832.444
59a9cea23146a47d_015.flac,train,胡笳十八拍,管平湖,CD第1册\CD16\管平湖-胡笳十八拍.wav,36689564,39331484,831.963,891.87
59a9cea23146a47d_016.flac,train,胡笳十八拍,管平湖,CD第1册\CD16\管平湖-胡笳十八拍.wav,39310247,41952167,891.389,951.296
59a9cea23146a47d_017.flac,train,胡笳十八拍,管平湖,CD第1册\CD16\管平湖-胡笳十八拍.wav,41930931,44572851,950.815,1010.722
59a9cea23146a47d_018.flac,train,胡笳十八拍,管平湖,CD第1册\CD16\管平湖-胡笳十八拍.wav,44551614,47193534,1010.241,1070.148
59a9cea23146a47d_019.flac,train,胡笳十八拍,管平湖,CD第1册\CD16\管平湖-胡笳十八拍.wav,47172297,49814217,1069.667,1129.574
59a9cea23146a47d_020.flac,train,胡笳十八拍,管平湖,CD第1册\CD16\管平湖-胡笳十八拍.wav,49792980,52434900,1129.093,1189.0
c9245f4404ae4beb_001.flac,train,胡笳十八拍-残,管平湖,CD第1册\CD16\管平湖-胡笳十八拍-残.wav,0,2641920,0.0,59.907
c9245f4404ae4beb_002.flac,train,胡笳十八拍-残,管平湖,CD第1册\CD16\管平湖-胡笳十八拍-残.wav,2219388,4861308,50.326,110.234
c9245f4404ae4beb_003.flac,train,胡笳十八拍-残,管平湖,CD第1册\CD16\管平湖-胡笳十八拍-残.wav,4438776,7080696,100.653,160.56
fcb71010af13b811_001.flac,train,良宵引,管平湖,CD第1册\CD17\管平湖-良宵引.wav,0,2641920,0.0,59.907
fcb71010af13b811_002.flac,train,良宵引,管平湖,CD第1册\CD17\管平湖-良宵引.wav,1861596,4503516,42.213,102.121
fcb71010af13b811_003.flac,train,良宵引,管平湖,CD第1册\CD17\管平湖-良宵引.wav,3723192,6365112,84.426,144.334
fcb71010af13b811_004.flac,train,良宵引,管平湖,CD第1册\CD17\管平湖-良宵引.wav,5584788,8226708,126.639,186.547
1ff4885605e58432_001.flac,test,获麟2,管平湖,CD第1册\CD16\管平湖-获麟2.wav,0,2641920,0.0,59.907
1ff4885605e58432_002.flac,test,获麟2,管平湖,CD第1册\CD16\管平湖-获麟2.wav,2145456,4787376,48.65,108.557
1ff4885605e58432_003.flac,test,获麟2,管平湖,CD第1册\CD16\管平湖-获麟2.wav,4290912,6932832,97.3,157.207
1ff4885605e58432_004.flac,test,获麟2,管平湖,CD第1册\CD16\管平湖-获麟2.wav,6436368,9078288,145.949,205.857
1ff4885605e58432_005.flac,test,获麟2,管平湖,CD第1册\CD16\管平湖-获麟2.wav,8581824,11223744,194.599,254.507
99272df631646d73_001.flac,test,获麟3,管平湖,CD第1册\CD16\管平湖-获麟3.wav,0,2641920,0.0,59.907
99272df631646d73_002.flac,test,获麟3,管平湖,CD第1册\CD16\管平湖-获麟3.wav,2409174,5051094,54.63,114.537
99272df631646d73_003.flac,test,获麟3,管平湖,CD第1册\CD16\管平湖-获麟3.wav,4818348,7460268,109.26,169.167
99272df631646d73_004.flac,test,获麟3,管平湖,CD第1册\CD16\管平湖-获麟3.wav,7227522,9869442,163.889,223.797
99272df631646d73_005.flac,test,获麟3,管平湖,CD第1册\CD16\管平湖-获麟3.wav,9636696,12278616,218.519,278.427
8e94896ff43720c3_001.flac,validation,长清,管平湖,CD第1册\CD14\管平湖-长清.wav,0,2641920,0.0,59.907
8e94896ff43720c3_002.flac,validation,长清,管平湖,CD第1册\CD14\管平湖-长清.wav,2535058,5176978,57.484,117.392
8e94896ff43720c3_003.flac,validation,长清,管平湖,CD第1册\CD14\管平湖-长清.wav,5070116,7712036,114.969,174.876
8e94896ff43720c3_004.flac,validation,长清,管平湖,CD第1册\CD14\管平湖-长清.wav,7605174,10247094,172.453,232.36
8e94896ff43720c3_005.flac,validation,长清,管平湖,CD第1册\CD14\管平湖-长清.wav,10140232,12782152,229.937,289.845
8e94896ff43720c3_006.flac,validation,长清,管平湖,CD第1册\CD14\管平湖-长清.wav,12675290,15317210,287.422,347.329
8e94896ff43720c3_007.flac,validation,长清,管平湖,CD第1册\CD14\管平湖-长清.wav,15210348,17852268,344.906,404.813
bf2cb26521bac28a_001.flac,train,长门怨,管平湖,CD第1册\CD14\管平湖-长门怨.wav,0,2641920,0.0,59.907
bf2cb26521bac28a_002.flac,train,长门怨,管平湖,CD第1册\CD14\管平湖-长门怨.wav,2523689,5165609,57.227,117.134
bf2cb26521bac28a_003.flac,train,长门怨,管平湖,CD第1册\CD14\管平湖-长门怨.wav,5047378,7689298,114.453,174.36
bf2cb26521bac28a_004.flac,train,长门怨,管平湖,CD第1册\CD14\管平湖-长门怨.wav,7571066,10212986,171.68,231.587
bf2cb26521bac28a_005.flac,train,长门怨,管平湖,CD第1册\CD14\管平湖-长门怨.wav,10094755,12736675,228.906,288.813
bf2cb26521bac28a_006.flac,train,长门怨,管平湖,CD第1册\CD14\管平湖-长门怨.wav,12618444,15260364,286.133,346.04
fe9091bbe40a3a04_001.flac,train,风雷引,管平湖,CD第1册\CD14\管平湖-风雷引.wav,0,2641920,0.0,59.907
fe9091bbe40a3a04_002.flac,train,风雷引,管平湖,CD第1册\CD14\管平湖-风雷引.wav,2523880,5165800,57.231,117.138
fe9091bbe40a3a04_003.flac,train,风雷引,管平湖,CD第1册\CD14\管平湖-风雷引.wav,5047760,7689680,114.462,174.369
fe9091bbe40a3a04_004.flac,train,风雷引,管平湖,CD第1册\CD14\管平湖-风雷引.wav,7571640,10213560,171.693,231.6
da04ffaf14fef500_001.flac,train,鸥鹭忘机,管平湖,CD第1册\CD17\管平湖-鸥鹭忘机.wav,0,2641920,0.0,59.907
da04ffaf14fef500_002.flac,train,鸥鹭忘机,管平湖,CD第1册\CD17\管平湖-鸥鹭忘机.wav,2174299,4816219,49.304,109.211
da04ffaf14fef500_003.flac,train,鸥鹭忘机,管平湖,CD第1册\CD17\管平湖-鸥鹭忘机.wav,4348598,6990518,98.608,158.515
da04ffaf14fef500_004.flac,train,鸥鹭忘机,管平湖,CD第1册\CD17\管平湖-鸥鹭忘机.wav,6522898,9164818,147.912,207.819
da04ffaf14fef500_005.flac,train,鸥鹭忘机,管平湖,CD第1册\CD17\管平湖-鸥鹭忘机.wav,8697197,11339117,197.215,257.123
da04ffaf14fef500_006.flac,train,鸥鹭忘机,管平湖,CD第1册\CD17\管平湖-鸥鹭忘机.wav,10871496,13513416,246.519,306.427
7eb1c8b6e11fdea2_001.flac,train,龙翔操,管平湖,CD第1册\CD17\管平湖-龙翔操.wav,0,2641920,0.0,59.907
7eb1c8b6e11fdea2_002.flac,train,龙翔操,管平湖,CD第1册\CD17\管平湖-龙翔操.wav,2634822,5276742,59.747,119.654
7eb1c8b6e11fdea2_003.flac,train,龙翔操,管平湖,CD第1册\CD17\管平湖-龙翔操.wav,5269644,7911564,119.493,179.401
7eb1c8b6e11fdea2_004.flac,train,龙翔操,管平湖,CD第1册\CD17\管平湖-龙翔操.wav,7904466,10546386,179.24,239.147
7eb1c8b6e11fdea2_005.flac,train,龙翔操,管平湖,CD第1册\CD17\管平湖-龙翔操.wav,10539288,13181208,238.986,298.894
7eb1c8b6e11fdea2_006.flac,train,龙翔操,管平湖,CD第1册\CD17\管平湖-龙翔操.wav,13174110,15816030,298.733,358.64
7eb1c8b6e11fdea2_007.flac,train,龙翔操,管平湖,CD第1册\CD17\管平湖-龙翔操.wav,15808932,18450852,358.479,418.387
5045bc88a523e055_001.flac,validation,关山月,顾梅羹,CD第2册\23\顾梅羹-关山月.wav,0,2641920,0.0,59.907
5045bc88a523e055_002.flac,validation,关山月,顾梅羹,CD第2册\23\顾梅羹-关山月.wav,2441946,5083866,55.373,115.28
5045bc88a523e055_003.flac,validation,关山月,顾梅羹,CD第2册\23\顾梅羹-关山月.wav,4883892,7525812,110.746,170.653
5e66915c2fd9570d_001.flac,test,孔子读易1,顾梅羹,CD第2册\23\顾梅羹-孔子读易1.wav,0,2641920,0.0,59.907
5e66915c2fd9570d_002.flac,test,孔子读易1,顾梅羹,CD第2册\23\顾梅羹-孔子读易1.wav,2328590,4970510,52.802,112.71
5e66915c2fd9570d_003.flac,test,孔子读易1,顾梅羹,CD第2册\23\顾梅羹-孔子读易1.wav,4657181,7299101,105.605,165.512
5e66915c2fd9570d_004.flac,test,孔子读易1,顾梅羹,CD第2册\23\顾梅羹-孔子读易1.wav,6985771,9627691,158.408,218.315
5e66915c2fd9570d_005.flac,test,孔子读易1,顾梅羹,CD第2册\23\顾梅羹-孔子读易1.wav,9314362,11956282,211.21,271.118
5e66915c2fd9570d_006.flac,test,孔子读易1,顾梅羹,CD第2册\23\顾梅羹-孔子读易1.wav,11642952,14284872,264.013,323.92
944d6b78d07cd755_001.flac,test,孔子读易2,顾梅羹,CD第2册\23\顾梅羹-孔子读易2.wav,0,2641920,0.0,59.907
944d6b78d07cd755_002.flac,test,孔子读易2,顾梅羹,CD第2册\23\顾梅羹-孔子读易2.wav,2452658,5094578,55.616,115.523
944d6b78d07cd755_003.flac,test,孔子读易2,顾梅羹,CD第2册\23\顾梅羹-孔子读易2.wav,4905317,7547237,111.232,171.139
944d6b78d07cd755_004.flac,test,孔子读易2,顾梅羹,CD第2册\23\顾梅羹-孔子读易2.wav,7357975,9999895,166.848,226.755
944d6b78d07cd755_005.flac,test,孔子读易2,顾梅羹,CD第2册\23\顾梅羹-孔子读易2.wav,9810634,12452554,222.463,282.371
944d6b78d07cd755_006.flac,test,孔子读易2,顾梅羹,CD第2册\23\顾梅羹-孔子读易2.wav,12263292,14905212,278.079,337.987
d1ce7b5c0e8b081a_001.flac,test,忆故人1,顾梅羹,CD第2册\25\顾梅羹-忆故人1.wav,0,2641920,0.0,59.907
d1ce7b5c0e8b081a_002.flac,test,忆故人1,顾梅羹,CD第2册\25\顾梅羹-忆故人1.wav,2618554,5260474,59.378,119.285
d1ce7b5c0e8b081a_003.flac,test,忆故人1,顾梅羹,CD第2册\25\顾梅羹-忆故人1.wav,5237108,7879028,118.755,178.663
d1ce7b5c0e8b081a_004.flac,test,忆故人1,顾梅羹,CD第2册\25\顾梅羹-忆故人1.wav,7855662,10497582,178.133,238.04
d1ce7b5c0e8b081a_005.flac,test,忆故人1,顾梅羹,CD第2册\25\顾梅羹-忆故人1.wav,10474216,13116136,237.511,297.418
d1ce7b5c0e8b081a_006.flac,test,忆故人1,顾梅羹,CD第2册\25\顾梅羹-忆故人1.wav,13092770,15734690,296.888,356.796
d1ce7b5c0e8b081a_007.flac,test,忆故人1,顾梅羹,CD第2册\25\顾梅羹-忆故人1.wav,15711324,18353244,356.266,416.173
c89e5996f4f7694a_001.flac,test,忆故人2,顾梅羹,CD第2册\25\顾梅羹-忆故人2.wav,0,2641920,0.0,59.907
c89e5996f4f7694a_002.flac,test,忆故人2,顾梅羹,CD第2册\25\顾梅羹-忆故人2.wav,2597386,5239306,58.898,118.805
c89e5996f4f7694a_003.flac,test,忆故人2,顾梅羹,CD第2册\25\顾梅羹-忆故人2.wav,5194772,7836692,117.795,177.703
c89e5996f4f7694a_004.flac,test,忆故人2,顾梅羹,CD第2册\25\顾梅羹-忆故人2.wav,7792158,10434078,176.693,236.6
c89e5996f4f7694a_005.flac,test,忆故人2,顾梅羹,CD第2册\25\顾梅羹-忆故人2.wav,10389544,13031464,235.591,295.498
c89e5996f4f7694a_006.flac,test,忆故人2,顾梅羹,CD第2册\25\顾梅羹-忆故人2.wav,12986930,15628850,294.488,354.396
c89e5996f4f7694a_007.flac,test,忆故人2,顾梅羹,CD第2册\25\顾梅羹-忆故人2.wav,15584316,18226236,353.386,413.293
420308af7753c9a0_001.flac,train,汉宫秋月-残,顾梅羹,CD第2册\23\顾梅羹-汉宫秋月-残.wav,0,2641920,0.0,59.907
420308af7753c9a0_002.flac,train,汉宫秋月-残,顾梅羹,CD第2册\23\顾梅羹-汉宫秋月-残.wav,2410010,5051930,54.649,114.556
420308af7753c9a0_003.flac,train,汉宫秋月-残,顾梅羹,CD第2册\23\顾梅羹-汉宫秋月-残.wav,4820020,7461940,109.298,169.205
420308af7753c9a0_004.flac,train,汉宫秋月-残,顾梅羹,CD第2册\23\顾梅羹-汉宫秋月-残.wav,7230030,9871950,163.946,223.854
420308af7753c9a0_005.flac,train,汉宫秋月-残,顾梅羹,CD第2册\23\顾梅羹-汉宫秋月-残.wav,9640040,12281960,218.595,278.502
420308af7753c9a0_006.flac,train,汉宫秋月-残,顾梅羹,CD第2册\23\顾梅羹-汉宫秋月-残.wav,12050050,14691970,273.244,333.151
420308af7753c9a0_007.flac,train,汉宫秋月-残,顾梅羹,CD第2册\23\顾梅羹-汉宫秋月-残.wav,14460060,17101980,327.893,387.8
f9b86a0e3a0ca503_001.flac,train,流水1,顾梅羹,CD第2册\23\顾梅羹-流水1.wav,0,2641920,0.0,59.907
f9b86a0e3a0ca503_002.flac,train,流水1,顾梅羹,CD第2册\23\顾梅羹-流水1.wav,2304619,4946539,52.259,112.166
f9b86a0e3a0ca503_003.flac,train,流水1,顾梅羹,CD第2册\23\顾梅羹-流水1.wav,4609238,7251158,104.518,164.425
f9b86a0e3a0ca503_004.flac,train,流水1,顾梅羹,CD第2册\23\顾梅羹-流水1.wav,6913857,9555777,156.777,216.684
f9b86a0e3a0ca503_005.flac,train,流水1,顾梅羹,CD第2册\23\顾梅羹-流水1.wav,9218475,11860395,209.036,268.943
f9b86a0e3a0ca503_006.flac,train,流水1,顾梅羹,CD第2册\23\顾梅羹-流水1.wav,11523094,14165014,261.295,321.202
f9b86a0e3a0ca503_007.flac,train,流水1,顾梅羹,CD第2册\23\顾梅羹-流水1.wav,13827713,16469633,313.554,373.461
f9b86a0e3a0ca503_008.flac,train,流水1,顾梅羹,CD第2册\23\顾梅羹-流水1.wav,16132332,18774252,365.813,425.72
1891f99fa9a10ec9_001.flac,train,流水2,顾梅羹,CD第2册\23\顾梅羹-流水2.wav,0,2641920,0.0,59.907
1891f99fa9a10ec9_002.flac,train,流水2,顾梅羹,CD第2册\23\顾梅羹-流水2.wav,2370727,5012647,53.758,113.665
1891f99fa9a10ec9_003.flac,train,流水2,顾梅羹,CD第2册\23\顾梅羹-流水2.wav,4741454,7383374,107.516,167.423
1891f99fa9a10ec9_004.flac,train,流水2,顾梅羹,CD第2册\23\顾梅羹-流水2.wav,7112181,9754101,161.274,221.181
1891f99fa9a10ec9_005.flac,train,流水2,顾梅羹,CD第2册\23\顾梅羹-流水2.wav,9482907,12124827,215.032,274.939
1891f99fa9a10ec9_006.flac,train,流水2,顾梅羹,CD第2册\23\顾梅羹-流水2.wav,11853634,14495554,268.79,328.697
1891f99fa9a10ec9_007.flac,train,流水2,顾梅羹,CD第2册\23\顾梅羹-流水2.wav,14224361,16866281,322.548,382.455
1891f99fa9a10ec9_008.flac,train,流水2,顾梅羹,CD第2册\23\顾梅羹-流水2.wav,16595088,19237008,376.306,436.213
9341ee480fd800f9_001.flac,train,流水3,顾梅羹,CD第2册\23\顾梅羹-流水3.wav,0,2641920,0.0,59.907
9341ee480fd800f9_002.flac,train,流水3,顾梅羹,CD第2册\23\顾梅羹-流水3.wav,2343343,4985263,53.137,113.045
9341ee480fd800f9_003.flac,train,流水3,顾梅羹,CD第2册\23\顾梅羹-流水3.wav,4686686,7328606,106.274,166.182
9341ee480fd800f9_004.flac,train,流水3,顾梅羹,CD第2册\23\顾梅羹-流水3.wav,7030029,9671949,159.411,219.319
9341ee480fd800f9_005.flac,train,流水3,顾梅羹,CD第2册\23\顾梅羹-流水3.wav,9373371,12015291,212.548,272.456
9341ee480fd800f9_006.flac,train,流水3,顾梅羹,CD第2册\23\顾梅羹-流水3.wav,11716714,14358634,265.685,325.593
9341ee480fd800f9_007.flac,train,流水3,顾梅羹,CD第2册\23\顾梅羹-流水3.wav,14060057,16701977,318.822,378.73
9341ee480fd800f9_008.flac,train,流水3,顾梅羹,CD第2册\23\顾梅羹-流水3.wav,16403400,19045320,371.959,431.867
f375fb8c94b705a4_001.flac,train,潇湘水云,顾梅羹,CD第2册\25\顾梅羹-潇湘水云.wav,0,2641920,0.0,59.907
f375fb8c94b705a4_002.flac,train,潇湘水云,顾梅羹,CD第2册\25\顾梅羹-潇湘水云.wav,2504549,5146469,56.792,116.7
f375fb8c94b705a4_003.flac,train,潇湘水云,顾梅羹,CD第2册\25\顾梅羹-潇湘水云.wav,5009099,7651019,113.585,173.492
f375fb8c94b705a4_004.flac,train,潇湘水云,顾梅羹,CD第2册\25\顾梅羹-潇湘水云.wav,7513648,10155568,170.378,230.285
f375fb8c94b705a4_005.flac,train,潇湘水云,顾梅羹,CD第2册\25\顾梅羹-潇湘水云.wav,10018197,12660117,227.17,287.077
f375fb8c94b705a4_006.flac,train,潇湘水云,顾梅羹,CD第2册\25\顾梅羹-潇湘水云.wav,12522747,15164667,283.963,343.87
f375fb8c94b705a4_007.flac,train,潇湘水云,顾梅羹,CD第2册\25\顾梅羹-潇湘水云.wav,15027296,17669216,340.755,400.662
f375fb8c94b705a4_008.flac,train,潇湘水云,顾梅羹,CD第2册\25\顾梅羹-潇湘水云.wav,17531845,20173765,397.548,457.455
f375fb8c94b705a4_009.flac,train,潇湘水云,顾梅羹,CD第2册\25\顾梅羹-潇湘水云.wav,20036395,22678315,454.34,514.248
f375fb8c94b705a4_010.flac,train,潇湘水云,顾梅羹,CD第2册\25\顾梅羹-潇湘水云.wav,22540944,25182864,511.133,571.04
e0970c77efe08a96_001.flac,train,醉渔唱晚1,顾梅羹,CD第2册\25\顾梅羹-醉渔唱晚1.wav,0,2641920,0.0,59.907
e0970c77efe08a96_002.flac,train,醉渔唱晚1,顾梅羹,CD第2册\25\顾梅羹-醉渔唱晚1.wav,2259324,4901244,51.232,111.139
e0970c77efe08a96_003.flac,train,醉渔唱晚1,顾梅羹,CD第2册\25\顾梅羹-醉渔唱晚1.wav,4518648,7160568,102.464,162.371
e0970c77efe08a96_004.flac,train,醉渔唱晚1,顾梅羹,CD第2册\25\顾梅羹-醉渔唱晚1.wav,6777972,9419892,153.696,213.603
e0970c77efe08a96_005.flac,train,醉渔唱晚1,顾梅羹,CD第2册\25\顾梅羹-醉渔唱晚1.wav,9037296,11679216,204.927,264.835
e0970c77efe08a96_006.flac,train,醉渔唱晚1,顾梅羹,CD第2册\25\顾梅羹-醉渔唱晚1.wav,11296620,13938540,256.159,316.067
2dc377665d36df4c_001.flac,train,醉渔唱晚2,顾梅羹,CD第2册\25\顾梅羹-醉渔唱晚2.wav,0,2641920,0.0,59.907
2dc377665d36df4c_002.flac,train,醉渔唱晚2,顾梅羹,CD第2册\25\顾梅羹-醉渔唱晚2.wav,2228160,4870080,50.525,110.433
2dc377665d36df4c_003.flac,train,醉渔唱晚2,顾梅羹,CD第2册\25\顾梅羹-醉渔唱晚2.wav,4456320,7098240,101.05,160.958
2dc377665d36df4c_004.flac,train,醉渔唱晚2,顾梅羹,CD第2册\25\顾梅羹-醉渔唱晚2.wav,6684480,9326400,151.576,211.483
2dc377665d36df4c_005.flac,train,醉渔唱晚2,顾梅羹,CD第2册\25\顾梅羹-醉渔唱晚2.wav,8912640,11554560,202.101,262.008
2dc377665d36df4c_006.flac,train,醉渔唱晚2,顾梅羹,CD第2册\25\顾梅羹-醉渔唱晚2.wav,11140800,13782720,252.626,312.533
d3436a45e5c98604_001.flac,train,醉渔唱晚3,顾梅羹,CD第2册\25\顾梅羹-醉渔唱晚3.wav,0,2641920,0.0,59.907
d3436a45e5c98604_002.flac,train,醉渔唱晚3,顾梅羹,CD第2册\25\顾梅羹-醉渔唱晚3.wav,2326003,4967923,52.744,112.651
d3436a45e5c98604_003.flac,train,醉渔唱晚3,顾梅羹,CD第2册\25\顾梅羹-醉渔唱晚3.wav,4652006,7293926,105.488,165.395
d3436a45e5c98604_004.flac,train,醉渔唱晚3,顾梅羹,CD第2册\25\顾梅羹-醉渔唱晚3.wav,6978010,9619930,158.232,218.139
d3436a45e5c98604_005.flac,train,醉渔唱晚3,顾梅羹,CD第2册\25\顾梅羹-醉渔唱晚3.wav,9304013,11945933,210.975,270.883
d3436a45e5c98604_006.flac,train,醉渔唱晚3,顾梅羹,CD第2册\25\顾梅羹-醉渔唱晚3.wav,11630016,14271936,263.719,323.627
189bc25f0f483e72_001.flac,train,长侧,顾梅羹,CD第2册\23\顾梅羹-长侧.wav,0,2641920,0.0,59.907
189bc25f0f483e72_002.flac,train,长侧,顾梅羹,CD第2册\23\顾梅羹-长侧.wav,2565340,5207260,58.171,118.078
189bc25f0f483e72_003.flac,train,长侧,顾梅羹,CD第2册\23\顾梅羹-长侧.wav,5130680,7772600,116.342,176.249
189bc25f0f483e72_004.flac,train,长侧,顾梅羹,CD第2册\23\顾梅羹-长侧.wav,7696020,10337940,174.513,234.42
189bc25f0f483e72_005.flac,train,长侧,顾梅羹,CD第2册\23\顾梅羹-长侧.wav,10261360,12903280,232.684,292.591
189bc25f0f483e72_006.flac,train,长侧,顾梅羹,CD第2册\23\顾梅羹-长侧.wav,12826700,15468620,290.855,350.762
189bc25f0f483e72_007.flac,train,长侧,顾梅羹,CD第2册\23\顾梅羹-长侧.wav,15392040,18033960,349.026,408.933
9490b2557626dd54_001.flac,train,高山,顾梅羹,CD第2册\23\顾梅羹-高山.wav,0,2641920,0.0,59.907
9490b2557626dd54_002.flac,train,高山,顾梅羹,CD第2册\23\顾梅羹-高山.wav,2511106,5153026,56.941,116.849
9490b2557626dd54_003.flac,train,高山,顾梅羹,CD第2册\23\顾梅羹-高山.wav,5022211,7664131,113.882,173.79
9490b2557626dd54_004.flac,train,高山,顾梅羹,CD第2册\23\顾梅羹-高山.wav,7533317,10175237,170.824,230.731
9490b2557626dd54_005.flac,train,高山,顾梅羹,CD第2册\23\顾梅羹-高山.wav,10044422,12686342,227.765,287.672
9490b2557626dd54_006.flac,train,高山,顾梅羹,CD第2册\23\顾梅羹-高山.wav,12555528,15197448,284.706,344.613
cd8c742b763a8f3d_001.flac,train,春闺怨,向笙阶,CD第1册\CD10\向笙阶-春闺怨.wav,0,2641920,0.0,59.907
cd8c742b763a8f3d_002.flac,train,春闺怨,向笙阶,CD第1册\CD10\向笙阶-春闺怨.wav,2098848,4740768,47.593,107.5
cd8c742b763a8f3d_003.flac,train,春闺怨,向笙阶,CD第1册\CD10\向笙阶-春闺怨.wav,4197696,6839616,95.186,155.093
30f5932e133f3efe_001.flac,train,风雷引,吴宗汉,CD第3册\39\吴宗汉-风雷引.wav,0,2641920,0.0,59.907
30f5932e133f3efe_002.flac,train,风雷引,吴宗汉,CD第3册\39\吴宗汉-风雷引.wav,2072094,4714014,46.986,106.894
30f5932e133f3efe_003.flac,train,风雷引,吴宗汉,CD第3册\39\吴宗汉-风雷引.wav,4144188,6786108,93.973,153.88
eed68276bbf91a3e_001.flac,train,幽兰,吴振平,CD第3册\46\吴振平-幽兰.wav,0,2641920,0.0,59.907
eed68276bbf91a3e_002.flac,train,幽兰,吴振平,CD第3册\46\吴振平-幽兰.wav,2440915,5082835,55.35,115.257
eed68276bbf91a3e_003.flac,train,幽兰,吴振平,CD第3册\46\吴振平-幽兰.wav,4881829,7523749,110.699,170.607
eed68276bbf91a3e_004.flac,train,幽兰,吴振平,CD第3册\46\吴振平-幽兰.wav,7322744,9964664,166.049,225.956
eed68276bbf91a3e_005.flac,train,幽兰,吴振平,CD第3册\46\吴振平-幽兰.wav,9763659,12405579,221.398,281.306
eed68276bbf91a3e_006.flac,train,幽兰,吴振平,CD第3册\46\吴振平-幽兰.wav,12204573,14846493,276.748,336.655
eed68276bbf91a3e_007.flac,train,幽兰,吴振平,CD第3册\46\吴振平-幽兰.wav,14645488,17287408,332.097,392.005
eed68276bbf91a3e_008.flac,train,幽兰,吴振平,CD第3册\46\吴振平-幽兰.wav,17086403,19728323,387.447,447.354
eed68276bbf91a3e_009.flac,train,幽兰,吴振平,CD第3册\46\吴振平-幽兰.wav,19527317,22169237,442.796,502.704
eed68276bbf91a3e_010.flac,train,幽兰,吴振平,CD第3册\46\吴振平-幽兰.wav,21968232,24610152,498.146,558.053
a294f29b3eb8692a_001.flac,train,电影李时珍,吴振平,CD第3册\46\吴振平-电影李时珍.wav,0,2641920,0.0,59.907
a294f29b3eb8692a_002.flac,train,电影李时珍,吴振平,CD第3册\46\吴振平-电影李时珍.wav,2500728,5142648,56.706,116.613
8669d4b6995f7abe_001.flac,train,苏门长啸,吴振平,CD第3册\46\吴振平-苏门长啸.wav,0,2641920,0.0,59.907
8669d4b6995f7abe_002.flac,train,苏门长啸,吴振平,CD第3册\46\吴振平-苏门长啸.wav,2529766,5171686,57.364,117.272
8669d4b6995f7abe_003.flac,train,苏门长啸,吴振平,CD第3册\46\吴振平-苏门长啸.wav,5059532,7701452,114.729,174.636
8669d4b6995f7abe_004.flac,train,苏门长啸,吴振平,CD第3册\46\吴振平-苏门长啸.wav,7589298,10231218,172.093,232.0
8669d4b6995f7abe_005.flac,train,苏门长啸,吴振平,CD第3册\46\吴振平-苏门长啸.wav,10119064,12760984,229.457,289.365
8669d4b6995f7abe_006.flac,train,苏门长啸,吴振平,CD第3册\46\吴振平-苏门长啸.wav,12648830,15290750,286.822,346.729
8669d4b6995f7abe_007.flac,train,苏门长啸,吴振平,CD第3册\46\吴振平-苏门长啸.wav,15178596,17820516,344.186,404.093
43f7f05fc576fd11_001.flac,train,良宵引,孙培章,CD第4册\62\孙培章-良宵引.wav,0,2641920,0.0,59.907
43f7f05fc576fd11_002.flac,train,良宵引,孙培章,CD第4册\62\孙培章-良宵引.wav,1780648,4422568,40.378,100.285
43f7f05fc576fd11_003.flac,train,良宵引,孙培章,CD第4册\62\孙培章-良宵引.wav,3561296,6203216,80.755,140.662
43f7f05fc576fd11_004.flac,train,良宵引,孙培章,CD第4册\62\孙培章-良宵引.wav,5341944,7983864,121.133,181.04
e86dcb133cb0b893_001.flac,train,阳关三叠,孙培章,CD第4册\62\孙培章-阳关三叠.wav,0,2641920,0.0,59.907
e86dcb133cb0b893_002.flac,train,阳关三叠,孙培章,CD第4册\62\孙培章-阳关三叠.wav,2017713,4659633,45.753,105.661
e86dcb133cb0b893_003.flac,train,阳关三叠,孙培章,CD第4册\62\孙培章-阳关三叠.wav,4035426,6677346,91.506,151.414
e86dcb133cb0b893_004.flac,train,阳关三叠,孙培章,CD第4册\62\孙培章-阳关三叠.wav,6053139,8695059,137.259,197.167
e86dcb133cb0b893_005.flac,train,阳关三叠,孙培章,CD第4册\62\孙培章-阳关三叠.wav,8070852,10712772,183.013,242.92
af603c5b7a430048_001.flac,train,天风环珮2,张子谦,CD第2册\30\张子谦-天风环珮2.wav,0,2641920,0.0,59.907
af603c5b7a430048_002.flac,train,天风环珮2,张子谦,CD第2册\30\张子谦-天风环珮2.wav,1980660,4622580,44.913,104.82
af603c5b7a430048_003.flac,train,天风环珮2,张子谦,CD第2册\30\张子谦-天风环珮2.wav,3961320,6603240,89.826,149.733
ebe6777625d32715_001.flac,test,忆故人,张子谦,CD第2册\31\张子谦-忆故人.wav,0,2641920,0.0,59.907
ebe6777625d32715_002.flac,test,忆故人,张子谦,CD第2册\31\张子谦-忆故人.wav,2540350,5182270,57.604,117.512
ebe6777625d32715_003.flac,test,忆故人,张子谦,CD第2册\31\张子谦-忆故人.wav,5080700,7722620,115.209,175.116
ebe6777625d32715_004.flac,test,忆故人,张子谦,CD第2册\31\张子谦-忆故人.wav,7621050,10262970,172.813,232.72
ebe6777625d32715_005.flac,test,忆故人,张子谦,CD第2册\31\张子谦-忆故人.wav,10161400,12803320,230.417,290.325
ebe6777625d32715_006.flac,test,忆故人,张子谦,CD第2册\31\张子谦-忆故人.wav,12701750,15343670,288.022,347.929
ebe6777625d32715_007.flac,test,忆故人,张子谦,CD第2册\31\张子谦-忆故人.wav,15242100,17884020,345.626,405.533
75446dd1c9cc9604_001.flac,train,梅花三弄1,张子谦,CD第2册\29\张子谦-梅花三弄1.wav,0,2641920,0.0,59.907
75446dd1c9cc9604_002.flac,train,梅花三弄1,张子谦,CD第2册\29\张子谦-梅花三弄1.wav,2363755,5005675,53.6,113.507
75446dd1c9cc9604_003.flac,train,梅花三弄1,张子谦,CD第2册\29\张子谦-梅花三弄1.wav,4727510,7369430,107.2,167.107
75446dd1c9cc9604_004.flac,train,梅花三弄1,张子谦,CD第2册\29\张子谦-梅花三弄1.wav,7091265,9733185,160.8,220.707
75446dd1c9cc9604_005.flac,train,梅花三弄1,张子谦,CD第2册\29\张子谦-梅花三弄1.wav,9455019,12096939,214.4,274.307
75446dd1c9cc9604_006.flac,train,梅花三弄1,张子谦,CD第2册\29\张子谦-梅花三弄1.wav,11818774,14460694,267.999,327.907
75446dd1c9cc9604_007.flac,train,梅花三弄1,张子谦,CD第2册\29\张子谦-梅花三弄1.wav,14182529,16824449,321.599,381.507
75446dd1c9cc9604_008.flac,train,梅花三弄1,张子谦,CD第2册\29\张子谦-梅花三弄1.wav,16546284,19188204,375.199,435.107
55f647bf9cf62daf_001.flac,train,梅花三弄2,张子谦,CD第2册\29\张子谦-梅花三弄2.wav,0,2641920,0.0,59.907
55f647bf9cf62daf_002.flac,train,梅花三弄2,张子谦,CD第2册\29\张子谦-梅花三弄2.wav,2348835,4990755,53.262,113.169
55f647bf9cf62daf_003.flac,train,梅花三弄2,张子谦,CD第2册\29\张子谦-梅花三弄2.wav,4697670,7339590,106.523,166.431
55f647bf9cf62daf_004.flac,train,梅花三弄2,张子谦,CD第2册\29\张子谦-梅花三弄2.wav,7046505,9688425,159.785,219.692
55f647bf9cf62daf_005.flac,train,梅花三弄2,张子谦,CD第2册\29\张子谦-梅花三弄2.wav,9395340,12037260,213.046,272.954
55f647bf9cf62daf_006.flac,train,梅花三弄2,张子谦,CD第2册\29\张子谦-梅花三弄2.wav,11744175,14386095,266.308,326.215
55f647bf9cf62daf_007.flac,train,梅花三弄2,张子谦,CD第2册\29\张子谦-梅花三弄2.wav,14093010,16734930,319.569,379.477
55f647bf9cf62daf_008.flac,train,梅花三弄2,张子谦,CD第2册\29\张子谦-梅花三弄2.wav,16441845,19083765,372.831,432.738
55f647bf9cf62daf_009.flac,train,梅花三弄2,张子谦,CD第2册\29\张子谦-梅花三弄2.wav,18790680,21432600,426.093,486.0
144cceab4f321ac2_001.flac,train,梅花三弄3,张子谦,CD第2册\29\张子谦-梅花三弄3.wav,0,2641920,0.0,59.907
144cceab4f321ac2_002.flac,train,梅花三弄3,张子谦,CD第2册\29\张子谦-梅花三弄3.wav,2381616,5023536,54.005,113.912
144cceab4f321ac2_003.flac,train,梅花三弄3,张子谦,CD第2册\29\张子谦-梅花三弄3.wav,4763232,7405152,108.01,167.917
144cceab4f321ac2_004.flac,train,梅花三弄3,张子谦,CD第2册\29\张子谦-梅花三弄3.wav,7144848,9786768,162.015,221.922
144cceab4f321ac2_005.flac,train,梅花三弄3,张子谦,CD第2册\29\张子谦-梅花三弄3.wav,9526464,12168384,216.02,275.927
144cceab4f321ac2_006.flac,train,梅花三弄3,张子谦,CD第2册\29\张子谦-梅花三弄3.wav,11908080,14550000,270.024,329.932
144cceab4f321ac2_007.flac,train,梅花三弄3,张子谦,CD第2册\29\张子谦-梅花三弄3.wav,14289696,16931616,324.029,383.937
144cceab4f321ac2_008.flac,train,梅花三弄3,张子谦,CD第2册\29\张子谦-梅花三弄3.wav,16671312,19313232,378.034,437.942
144cceab4f321ac2_009.flac,train,梅花三弄3,张子谦,CD第2册\29\张子谦-梅花三弄3.wav,19052928,21694848,432.039,491.947
b647f3704d85786a_001.flac,train,楚歌1,张子谦,CD第2册\28\张子谦-楚歌1.wav,0,2641920,0.0,59.907
b647f3704d85786a_002.flac,train,楚歌1,张子谦,CD第2册\28\张子谦-楚歌1.wav,2494877,5136797,56.573,116.481
b647f3704d85786a_003.flac,train,楚歌1,张子谦,CD第2册\28\张子谦-楚歌1.wav,4989754,7631674,113.146,173.054
b647f3704d85786a_004.flac,train,楚歌1,张子谦,CD第2册\28\张子谦-楚歌1.wav,7484630,10126550,169.72,229.627
b647f3704d85786a_005.flac,train,楚歌1,张子谦,CD第2册\28\张子谦-楚歌1.wav,9979507,12621427,226.293,286.2
b647f3704d85786a_006.flac,train,楚歌1,张子谦,CD第2册\28\张子谦-楚歌1.wav,12474384,15116304,282.866,342.773
e219070089734987_001.flac,train,楚歌2,张子谦,CD第2册\28\张子谦-楚歌2.wav,0,2641920,0.0,59.907
e219070089734987_002.flac,train,楚歌2,张子谦,CD第2册\28\张子谦-楚歌2.wav,2404913,5046833,54.533,114.441
e219070089734987_003.flac,train,楚歌2,张子谦,CD第2册\28\张子谦-楚歌2.wav,4809826,7451746,109.066,168.974
e219070089734987_004.flac,train,楚歌2,张子谦,CD第2册\28\张子谦-楚歌2.wav,7214738,9856658,163.6,223.507
e219070089734987_005.flac,train,楚歌2,张子谦,CD第2册\28\张子谦-楚歌2.wav,9619651,12261571,218.133,278.04
e219070089734987_006.flac,train,楚歌2,张子谦,CD第2册\28\张子谦-楚歌2.wav,12024564,14666484,272.666,332.573
e01dc532a730b1a4_001.flac,train,渔歌,张子谦,CD第2册\31\张子谦-渔歌.wav,0,2641920,0.0,59.907
e01dc532a730b1a4_002.flac,train,渔歌,张子谦,CD第2册\31\张子谦-渔歌.wav,2449498,5091418,55.544,115.452
e01dc532a730b1a4_003.flac,train,渔歌,张子谦,CD第2册\31\张子谦-渔歌.wav,4898996,7540916,111.088,170.996
e01dc532a730b1a4_004.flac,train,渔歌,张子谦,CD第2册\31\张子谦-渔歌.wav,7348493,9990413,166.632,226.54
e01dc532a730b1a4_005.flac,train,渔歌,张子谦,CD第2册\31\张子谦-渔歌.wav,9797991,12439911,222.177,282.084
e01dc532a730b1a4_006.flac,train,渔歌,张子谦,CD第2册\31\张子谦-渔歌.wav,12247489,14889409,277.721,337.628
e01dc532a730b1a4_007.flac,train,渔歌,张子谦,CD第2册\31\张子谦-渔歌.wav,14696987,17338907,333.265,393.172
e01dc532a730b1a4_008.flac,train,渔歌,张子谦,CD第2册\31\张子谦-渔歌.wav,17146485,19788405,388.809,448.717
e01dc532a730b1a4_009.flac,train,渔歌,张子谦,CD第2册\31\张子谦-渔歌.wav,19595983,22237903,444.353,504.261
e01dc532a730b1a4_010.flac,train,渔歌,张子谦,CD第2册\31\张子谦-渔歌.wav,22045480,24687400,499.898,559.805
e01dc532a730b1a4_011.flac,train,渔歌,张子谦,CD第2册\31\张子谦-渔歌.wav,24494978,27136898,555.442,615.349
e01dc532a730b1a4_012.flac,train,渔歌,张子谦,CD第2册\31\张子谦-渔歌.wav,26944476,29586396,610.986,670.893
d10c6183a230dc35_001.flac,train,秋鸿2,张子谦,CD第2册\30\张子谦-秋鸿2.wav,0,2641920,0.0,59.907
d10c6183a230dc35_002.flac,train,秋鸿2,张子谦,CD第2册\30\张子谦-秋鸿2.wav,2602259,5244179,59.008,118.916
d10c6183a230dc35_003.flac,train,秋鸿2,张子谦,CD第2册\30\张子谦-秋鸿2.wav,5204518,7846438,118.016,177.924
d10c6183a230dc35_004.flac,train,秋鸿2,张子谦,CD第2册\30\张子谦-秋鸿2.wav,7806777,10448697,177.024,236.932
d10c6183a230dc35_005.flac,train,秋鸿2,张子谦,CD第2册\30\张子谦-秋鸿2.wav,10409036,13050956,236.033,295.94
d10c6183a230dc35_006.flac,train,秋鸿2,张子谦,CD第2册\30\张子谦-秋鸿2.wav,13011295,15653215,295.041,354.948
d10c6183a230dc35_007.flac,train,秋鸿2,张子谦,CD第2册\30\张子谦-秋鸿2.wav,15613554,18255474,354.049,413.956
d10c6183a230dc35_008.flac,train,秋鸿2,张子谦,CD第2册\30\张子谦-秋鸿2.wav,18215814,20857734,413.057,472.964
d10c6183a230dc35_009.flac,train,秋鸿2,张子谦,CD第2册\30\张子谦-秋鸿2.wav,20818073,23459993,472.065,531.973
d10c6183a230dc35_010.flac,train,秋鸿2,张子谦,CD第2册\30\张子谦-秋鸿2.wav,23420332,26062252,531.073,590.981
d10c6183a230dc35_011.flac,train,秋鸿2,张子谦,CD第2册\30\张子谦-秋鸿2.wav,26022591,28664511,590.081,649.989
d10c6183a230dc35_012.flac,train,秋鸿2,张子谦,CD第2册\30\张子谦-秋鸿2.wav,28624850,31266770,649.09,708.997
d10c6183a230dc35_013.flac,train,秋鸿2,张子谦,CD第2册\30\张子谦-秋鸿2.wav,31227109,33869029,708.098,768.005
d10c6183a230dc35_014.flac,train,秋鸿2,张子谦,CD第2册\30\张子谦-秋鸿2.wav,33829368,36471288,767.106,827.013
b3d557befd53836e_001.flac,train,良宵引1,张子谦,CD第2册\28\张子谦-良宵引1.wav,0,2641920,0.0,59.907
b3d557befd53836e_002.flac,train,良宵引1,张子谦,CD第2册\28\张子谦-良宵引1.wav,1869216,4511136,42.386,102.293
f845a6a8cc4e7133_001.flac,train,良宵引2,张子谦,CD第2册\28\张子谦-良宵引2.wav,0,2641920,0.0,59.907
f845a6a8cc4e7133_002.flac,train,良宵引2,张子谦,CD第2册\28\张子谦-良宵引2.wav,1338564,3980484,30.353,90.26
f845a6a8cc4e7133_003.flac,train,良宵引2,张子谦,CD第2册\28\张子谦-良宵引2.wav,2677128,5319048,60.706,120.613
9a8fdc34b377c2ef_001.flac,train,酒狂1,张子谦,CD第2册\28\张子谦-酒狂1.wav,0,2641920,0.0,59.907
9a8fdc34b377c2ef_002.flac,train,酒狂1,张子谦,CD第2册\28\张子谦-酒狂1.wav,1585230,4227150,35.946,95.854
9a8fdc34b377c2ef_003.flac,train,酒狂1,张子谦,CD第2册\28\张子谦-酒狂1.wav,3170460,5812380,71.893,131.8
82078f9e8cd9d07b_001.flac,train,酒狂2,张子谦,CD第2册\28\张子谦-酒狂2.wav,0,2641920,0.0,59.907
82078f9e8cd9d07b_002.flac,train,酒狂2,张子谦,CD第2册\28\张子谦-酒狂2.wav,1684308,4326228,38.193,98.1
82078f9e8cd9d07b_003.flac,train,酒狂2,张子谦,CD第2册\28\张子谦-酒狂2.wav,3368616,6010536,76.386,136.293
ab665d26ace98c59_001.flac,validation,长清1,张子谦,CD第2册\28\张子谦-长清1.wav,0,2641920,0.0,59.907
ab665d26ace98c59_002.flac,validation,长清1,张子谦,CD第2册\28\张子谦-长清1.wav,2226456,4868376,50.487,110.394
ab665d26ace98c59_003.flac,validation,长清1,张子谦,CD第2册\28\张子谦-长清1.wav,4452912,7094832,100.973,160.881
ab665d26ace98c59_004.flac,validation,长清1,张子谦,CD第2册\28\张子谦-长清1.wav,6679368,9321288,151.46,211.367
ab665d26ace98c59_005.flac,validation,长清1,张子谦,CD第2册\28\张子谦-长清1.wav,8905824,11547744,201.946,261.854
ab665d26ace98c59_006.flac,validation,长清1,张子谦,CD第2册\28\张子谦-长清1.wav,11132280,13774200,252.433,312.34
ab665d26ace98c59_007.flac,validation,长清1,张子谦,CD第2册\28\张子谦-长清1.wav,13358736,16000656,302.919,362.827
32121777dee0df64_001.flac,train,飞鸣吟,张子谦,CD第2册\28\张子谦-飞鸣吟.wav,0,2641920,0.0,59.907
32121777dee0df64_002.flac,train,飞鸣吟,张子谦,CD第2册\28\张子谦-飞鸣吟.wav,2565408,5207328,58.173,118.08
94708da9f48cdbf3_001.flac,train,龙翔操2,张子谦,CD第2册\28\张子谦-龙翔操2.wav,0,2641920,0.0,59.907
94708da9f48cdbf3_002.flac,train,龙翔操2,张子谦,CD第2册\28\张子谦-龙翔操2.wav,2270994,4912914,51.496,111.404
94708da9f48cdbf3_003.flac,train,龙翔操2,张子谦,CD第2册\28\张子谦-龙翔操2.wav,4541988,7183908,102.993,162.9
94708da9f48cdbf3_004.flac,train,龙翔操2,张子谦,CD第2册\28\张子谦-龙翔操2.wav,6812982,9454902,154.489,214.397
94708da9f48cdbf3_005.flac,train,龙翔操2,张子谦,CD第2册\28\张子谦-龙翔操2.wav,9083976,11725896,205.986,265.893
cfc849a1c00a5500_001.flac,train,龙翔操3,张子谦,CD第2册\28\张子谦-龙翔操3.wav,0,2641920,0.0,59.907
cfc849a1c00a5500_002.flac,train,龙翔操3,张子谦,CD第2册\28\张子谦-龙翔操3.wav,2514720,5156640,57.023,116.931
cfc849a1c00a5500_003.flac,train,龙翔操3,张子谦,CD第2册\28\张子谦-龙翔操3.wav,5029440,7671360,114.046,173.954
cfc849a1c00a5500_004.flac,train,龙翔操3,张子谦,CD第2册\28\张子谦-龙翔操3.wav,7544160,10186080,171.069,230.977
cfc849a1c00a5500_005.flac,train,龙翔操3,张子谦,CD第2册\28\张子谦-龙翔操3.wav,10058880,12700800,228.093,288.0
db430db536a66c76_001.flac,train,龙翔操4,张子谦,CD第2册\28\张子谦-龙翔操4.wav,0,2641920,0.0,59.907
db430db536a66c76_002.flac,train,龙翔操4,张子谦,CD第2册\28\张子谦-龙翔操4.wav,2411028,5052948,54.672,114.579
db430db536a66c76_003.flac,train,龙翔操4,张子谦,CD第2册\28\张子谦-龙翔操4.wav,4822056,7463976,109.344,169.251
db430db536a66c76_004.flac,train,龙翔操4,张子谦,CD第2册\28\张子谦-龙翔操4.wav,7233084,9875004,164.016,223.923
db430db536a66c76_005.flac,train,龙翔操4,张子谦,CD第2册\28\张子谦-龙翔操4.wav,9644112,12286032,218.687,278.595
db430db536a66c76_006.flac,train,龙翔操4,张子谦,CD第2册\28\张子谦-龙翔操4.wav,12055140,14697060,273.359,333.267
47bc2a75e93b99e8_001.flac,train,平沙落雁,朱龙庵,CD第3册\47\朱龙庵-平沙落雁.wav,0,2641920,0.0,59.907
47bc2a75e93b99e8_002.flac,train,平沙落雁,朱龙庵,CD第3册\47\朱龙庵-平沙落雁.wav,2367380,5009300,53.682,113.59
47bc2a75e93b99e8_003.flac,train,平沙落雁,朱龙庵,CD第3册\47\朱龙庵-平沙落雁.wav,4734760,7376680,107.364,167.272
47bc2a75e93b99e8_004.flac,train,平沙落雁,朱龙庵,CD第3册\47\朱龙庵-平沙落雁.wav,7102140,9744060,161.046,220.954
47bc2a75e93b99e8_005.flac,train,平沙落雁,朱龙庵,CD第3册\47\朱龙庵-平沙落雁.wav,9469520,12111440,214.728,274.636
47bc2a75e93b99e8_006.flac,train,平沙落雁,朱龙庵,CD第3册\47\朱龙庵-平沙落雁.wav,11836900,14478820,268.41,328.318
47bc2a75e93b99e8_007.flac,train,平沙落雁,朱龙庵,CD第3册\47\朱龙庵-平沙落雁.wav,14204280,16846200,322.093,382.0
28f76d0dea61ac08_001.flac,train,梧叶舞秋风,朱龙庵,CD第3册\47\朱龙庵-梧叶舞秋风.wav,0,2641920,0.0,59.907
28f76d0dea61ac08_002.flac,train,梧叶舞秋风,朱龙庵,CD第3册\47\朱龙庵-梧叶舞秋风.wav,2176063,4817983,49.344,109.251
28f76d0dea61ac08_003.flac,train,梧叶舞秋风,朱龙庵,CD第3册\47\朱龙庵-梧叶舞秋风.wav,4352126,6994046,98.688,158.595
28f76d0dea61ac08_004.flac,train,梧叶舞秋风,朱龙庵,CD第3册\47\朱龙庵-梧叶舞秋风.wav,6528190,9170110,148.032,207.939
28f76d0dea61ac08_005.flac,train,梧叶舞秋风,朱龙庵,CD第3册\47\朱龙庵-梧叶舞秋风.wav,8704253,11346173,197.375,257.283
28f76d0dea61ac08_006.flac,train,梧叶舞秋风,朱龙庵,CD第3册\47\朱龙庵-梧叶舞秋风.wav,10880316,13522236,246.719,306.627
31439eeab1a97c7b_001.flac,validation,秋江夜泊,朱龙庵,CD第3册\47\朱龙庵-秋江夜泊.wav,0,2641920,0.0,59.907
31439eeab1a97c7b_002.flac,validation,秋江夜泊,朱龙庵,CD第3册\47\朱龙庵-秋江夜泊.wav,2270060,4911980,51.475,111.383
31439eeab1a97c7b_003.flac,validation,秋江夜泊,朱龙庵,CD第3册\47\朱龙庵-秋江夜泊.wav,4540120,7182040,102.951,162.858
31439eeab1a97c7b_004.flac,validation,秋江夜泊,朱龙庵,CD第3册\47\朱龙庵-秋江夜泊.wav,6810180,9452100,154.426,214.333
0ed71038eab0c6f3_001.flac,train,长门怨,朱龙庵,CD第3册\47\朱龙庵-长门怨.wav,0,2641920,0.0,59.907
0ed71038eab0c6f3_002.flac,train,长门怨,朱龙庵,CD第3册\47\朱龙庵-长门怨.wav,2370809,5012729,53.76,113.667
0ed71038eab0c6f3_003.flac,train,长门怨,朱龙庵,CD第3册\47\朱龙庵-长门怨.wav,4741618,7383538,107.52,167.427
0ed71038eab0c6f3_004.flac,train,长门怨,朱龙庵,CD第3册\47\朱龙庵-长门怨.wav,7112426,9754346,161.28,221.187
0ed71038eab0c6f3_005.flac,train,长门怨,朱龙庵,CD第3册\47\朱龙庵-长门怨.wav,9483235,12125155,215.039,274.947
0ed71038eab0c6f3_006.flac,train,长门怨,朱龙庵,CD第3册\47\朱龙庵-长门怨.wav,11854044,14495964,268.799,328.707
e93224a83f575233_001.flac,train,鸥鹭忘机2,朱龙庵,CD第3册\47\朱龙庵-鸥鹭忘机2.wav,0,2641920,0.0,59.907
e93224a83f575233_002.flac,train,鸥鹭忘机2,朱龙庵,CD第3册\47\朱龙庵-鸥鹭忘机2.wav,2351758,4993678,53.328,113.235
e93224a83f575233_003.flac,train,鸥鹭忘机2,朱龙庵,CD第3册\47\朱龙庵-鸥鹭忘机2.wav,4703515,7345435,106.656,166.563
e93224a83f575233_004.flac,train,鸥鹭忘机2,朱龙庵,CD第3册\47\朱龙庵-鸥鹭忘机2.wav,7055273,9697193,159.984,219.891
e93224a83f575233_005.flac,train,鸥鹭忘机2,朱龙庵,CD第3册\47\朱龙庵-鸥鹭忘机2.wav,9407030,12048950,213.311,273.219
e93224a83f575233_006.flac,train,鸥鹭忘机2,朱龙庵,CD第3册\47\朱龙庵-鸥鹭忘机2.wav,11758788,14400708,266.639,326.547
0fe2df78cf690ac5_001.flac,train,平沙落雁1,李璠,CD第4册\57\李璠-平沙落雁1.wav,0,2641920,0.0,59.907
0fe2df78cf690ac5_002.flac,train,平沙落雁1,李璠,CD第4册\57\李璠-平沙落雁1.wav,2196996,4838916,49.819,109.726
0fe2df78cf690ac5_003.flac,train,平沙落雁1,李璠,CD第4册\57\李璠-平沙落雁1.wav,4393992,7035912,99.637,159.544
0fe2df78cf690ac5_004.flac,train,平沙落雁1,李璠,CD第4册\57\李璠-平沙落雁1.wav,6590988,9232908,149.456,209.363
0fe2df78cf690ac5_005.flac,train,平沙落雁1,李璠,CD第4册\57\李璠-平沙落雁1.wav,8787984,11429904,199.274,259.181
0fe2df78cf690ac5_006.flac,train,平沙落雁1,李璠,CD第4册\57\李璠-平沙落雁1.wav,10984980,13626900,249.093,309.0
ba106eaed3b03aba_001.flac,train,高山1,李璠,CD第4册\57\李璠-高山1.wav,0,2641920,0.0,59.907
ba106eaed3b03aba_002.flac,train,高山1,李璠,CD第4册\57\李璠-高山1.wav,2565536,5207456,58.175,118.083
ba106eaed3b03aba_003.flac,train,高山1,李璠,CD第4册\57\李璠-高山1.wav,5131072,7772992,116.351,176.258
ba106eaed3b03aba_004.flac,train,高山1,李璠,CD第4册\57\李璠-高山1.wav,7696608,10338528,174.526,234.434
ba106eaed3b03aba_005.flac,train,高山1,李璠,CD第4册\57\李璠-高山1.wav,10262144,12904064,232.702,292.609
ba106eaed3b03aba_006.flac,train,高山1,李璠,CD第4册\57\李璠-高山1.wav,12827680,15469600,290.877,350.785
ba106eaed3b03aba_007.flac,train,高山1,李璠,CD第4册\57\李璠-高山1.wav,15393216,18035136,349.053,408.96
8ac3928807afdf43_001.flac,train,乌夜啼,杨新伦,CD第2册\22\杨新伦-乌夜啼.wav,0,2641920,0.0,59.907
8ac3928807afdf43_002.flac,train,乌夜啼,杨新伦,CD第2册\22\杨新伦-乌夜啼.wav,2506246,5148166,56.831,116.738
8ac3928807afdf43_003.flac,train,乌夜啼,杨新伦,CD第2册\22\杨新伦-乌夜啼.wav,5012492,7654412,113.662,173.569
8ac3928807afdf43_004.flac,train,乌夜啼,杨新伦,CD第2册\22\杨新伦-乌夜啼.wav,7518738,10160658,170.493,230.4
8ac3928807afdf43_005.flac,train,乌夜啼,杨新伦,CD第2册\22\杨新伦-乌夜啼.wav,10024984,12666904,227.324,287.231
8ac3928807afdf43_006.flac,train,乌夜啼,杨新伦,CD第2册\22\杨新伦-乌夜啼.wav,12531230,15173150,284.155,344.062
8ac3928807afdf43_007.flac,train,乌夜啼,杨新伦,CD第2册\22\杨新伦-乌夜啼.wav,15037476,17679396,340.986,400.893
c1480c7048ee9a40_001.flac,train,怀古,杨新伦,CD第2册\22\杨新伦-怀古.wav,0,2641920,0.0,59.907
c1480c7048ee9a40_002.flac,train,怀古,杨新伦,CD第2册\22\杨新伦-怀古.wav,1974688,4616608,44.778,104.685
c1480c7048ee9a40_003.flac,train,怀古,杨新伦,CD第2册\22\杨新伦-怀古.wav,3949376,6591296,89.555,149.462
c1480c7048ee9a40_004.flac,train,怀古,杨新伦,CD第2册\22\杨新伦-怀古.wav,5924064,8565984,134.333,194.24
fb266a4cc3dfb73f_001.flac,train,玉树临风,杨新伦,CD第2册\22\杨新伦-玉树临风.wav,0,2641920,0.0,59.907
fb266a4cc3dfb73f_002.flac,train,玉树临风,杨新伦,CD第2册\22\杨新伦-玉树临风.wav,2231252,4873172,50.595,110.503
fb266a4cc3dfb73f_003.flac,train,玉树临风,杨新伦,CD第2册\22\杨新伦-玉树临风.wav,4462504,7104424,101.191,161.098
fb266a4cc3dfb73f_004.flac,train,玉树临风,杨新伦,CD第2册\22\杨新伦-玉树临风.wav,6693756,9335676,151.786,211.693
5b0b35162fc77f75_001.flac,validation,碧涧流泉,杨新伦,CD第2册\22\杨新伦-碧涧流泉.wav,0,2641920,0.0,59.907
5b0b35162fc77f75_002.flac,validation,碧涧流泉,杨新伦,CD第2册\22\杨新伦-碧涧流泉.wav,2007570,4649490,45.523,105.431
5b0b35162fc77f75_003.flac,validation,碧涧流泉,杨新伦,CD第2册\22\杨新伦-碧涧流泉.wav,4015140,6657060,91.046,150.954
5b0b35162fc77f75_004.flac,validation,碧涧流泉,杨新伦,CD第2册\22\杨新伦-碧涧流泉.wav,6022710,8664630,136.569,196.477
5b0b35162fc77f75_005.flac,validation,碧涧流泉,杨新伦,CD第2册\22\杨新伦-碧涧流泉.wav,8030280,10672200,182.093,242.0
7802272755eaf40e_001.flac,train,高山,杨新伦,CD第2册\22\杨新伦-高山.wav,0,2641920,0.0,59.907
7802272755eaf40e_002.flac,train,高山,杨新伦,CD第2册\22\杨新伦-高山.wav,2341075,4982995,53.086,112.993
7802272755eaf40e_003.flac,train,高山,杨新伦,CD第2册\22\杨新伦-高山.wav,4682150,7324070,106.171,166.079
7802272755eaf40e_004.flac,train,高山,杨新伦,CD第2册\22\杨新伦-高山.wav,7023225,9665145,159.257,219.164
7802272755eaf40e_005.flac,train,高山,杨新伦,CD第2册\22\杨新伦-高山.wav,9364299,12006219,212.342,272.25
7802272755eaf40e_006.flac,train,高山,杨新伦,CD第2册\22\杨新伦-高山.wav,11705374,14347294,265.428,325.335
7802272755eaf40e_007.flac,train,高山,杨新伦,CD第2册\22\杨新伦-高山.wav,14046449,16688369,318.514,378.421
7802272755eaf40e_008.flac,train,高山,杨新伦,CD第2册\22\杨新伦-高山.wav,16387524,19029444,371.599,431.507
d31b76b92adce79e_001.flac,train,鸥鹭忘机,杨新伦,CD第2册\22\杨新伦-鸥鹭忘机.wav,0,2641920,0.0,59.907
d31b76b92adce79e_002.flac,train,鸥鹭忘机,杨新伦,CD第2册\22\杨新伦-鸥鹭忘机.wav,1852384,4494304,42.004,101.912
d31b76b92adce79e_003.flac,train,鸥鹭忘机,杨新伦,CD第2册\22\杨新伦-鸥鹭忘机.wav,3704768,6346688,84.008,143.916
d31b76b92adce79e_004.flac,train,鸥鹭忘机,杨新伦,CD第2册\22\杨新伦-鸥鹭忘机.wav,5557152,8199072,126.013,185.92
cffb1100e3d06be0_001.flac,validation,关山月,王绍舜,CD第4册\73\王绍舜-关山月.wav,0,2641920,0.0,59.907
cffb1100e3d06be0_002.flac,validation,关山月,王绍舜,CD第4册\73\王绍舜-关山月.wav,2442516,5084436,55.386,115.293
e19197fdea942673_001.flac,train,梧叶舞秋风,王绍舜,CD第4册\73\王绍舜-梧叶舞秋风.wav,0,2641920,0.0,59.907
e19197fdea942673_002.flac,train,梧叶舞秋风,王绍舜,CD第4册\73\王绍舜-梧叶舞秋风.wav,2430192,5072112,55.106,115.014
e19197fdea942673_003.flac,train,梧叶舞秋风,王绍舜,CD第4册\73\王绍舜-梧叶舞秋风.wav,4860384,7502304,110.213,170.12
e19197fdea942673_004.flac,train,梧叶舞秋风,王绍舜,CD第4册\73\王绍舜-梧叶舞秋风.wav,7290576,9932496,165.319,225.227
1d5d3c7869460491_001.flac,test,渔樵问答,王绍舜,CD第4册\73\王绍舜-渔樵问答.wav,0,2641920,0.0,59.907
1d5d3c7869460491_002.flac,test,渔樵问答,王绍舜,CD第4册\73\王绍舜-渔樵问答.wav,2595951,5237871,58.865,118.773
1d5d3c7869460491_003.flac,test,渔樵问答,王绍舜,CD第4册\73\王绍舜-渔樵问答.wav,5191901,7833821,117.73,177.638
1d5d3c7869460491_004.flac,test,渔樵问答,王绍舜,CD第4册\73\王绍舜-渔樵问答.wav,7787852,10429772,176.595,236.503
1d5d3c7869460491_005.flac,test,渔樵问答,王绍舜,CD第4册\73\王绍舜-渔樵问答.wav,10383803,13025723,235.46,295.368
1d5d3c7869460491_006.flac,test,渔樵问答,王绍舜,CD第4册\73\王绍舜-渔樵问答.wav,12979753,15621673,294.325,354.233
1d5d3c7869460491_007.flac,test,渔樵问答,王绍舜,CD第4册\73\王绍舜-渔樵问答.wav,15575704,18217624,353.191,413.098
1d5d3c7869460491_008.flac,test,渔樵问答,王绍舜,CD第4册\73\王绍舜-渔樵问答.wav,18171655,20813575,412.056,471.963
1d5d3c7869460491_009.flac,test,渔樵问答,王绍舜,CD第4册\73\王绍舜-渔樵问答.wav,20767605,23409525,470.921,530.828
1d5d3c7869460491_010.flac,test,渔樵问答,王绍舜,CD第4册\73\王绍舜-渔樵问答.wav,23363556,26005476,529.786,589.693
663ccc86510fc871_001.flac,train,潇湘水云,王绍舜,CD第4册\73\王绍舜-潇湘水云.wav,0,2641920,0.0,59.907
663ccc86510fc871_002.flac,train,潇湘水云,王绍舜,CD第4册\73\王绍舜-潇湘水云.wav,2577377,5219297,58.444,118.351
663ccc86510fc871_003.flac,train,潇湘水云,王绍舜,CD第4册\73\王绍舜-潇湘水云.wav,5154754,7796674,116.888,176.795
663ccc86510fc871_004.flac,train,潇湘水云,王绍舜,CD第4册\73\王绍舜-潇湘水云.wav,7732130,10374050,175.332,235.239
663ccc86510fc871_005.flac,train,潇湘水云,王绍舜,CD第4册\73\王绍舜-潇湘水云.wav,10309507,12951427,233.776,293.683
663ccc86510fc871_006.flac,train,潇湘水云,王绍舜,CD第4册\73\王绍舜-潇湘水云.wav,12886884,15528804,292.22,352.127
663ccc86510fc871_007.flac,train,潇湘水云,王绍舜,CD第4册\73\王绍舜-潇湘水云.wav,15464261,18106181,350.664,410.571
663ccc86510fc871_008.flac,train,潇湘水云,王绍舜,CD第4册\73\王绍舜-潇湘水云.wav,18041638,20683558,409.107,469.015
663ccc86510fc871_009.flac,train,潇湘水云,王绍舜,CD第4册\73\王绍舜-潇湘水云.wav,20619014,23260934,467.551,527.459
663ccc86510fc871_010.flac,train,潇湘水云,王绍舜,CD第4册\73\王绍舜-潇湘水云.wav,23196391,25838311,525.995,585.903
663ccc86510fc871_011.flac,train,潇湘水云,王绍舜,CD第4册\73\王绍舜-潇湘水云.wav,25773768,28415688,584.439,644.347
a2ffa5e45c3dab47_001.flac,train,客窗夜话,章志荪,CD第1册\CD05\章志荪-客窗夜话.wav,0,2641920,0.0,59.907
a2ffa5e45c3dab47_002.flac,train,客窗夜话,章志荪,CD第1册\CD05\章志荪-客窗夜话.wav,2388684,5030604,54.165,114.073
a2ffa5e45c3dab47_003.flac,train,客窗夜话,章志荪,CD第1册\CD05\章志荪-客窗夜话.wav,4777368,7419288,108.33,168.238
a2ffa5e45c3dab47_004.flac,train,客窗夜话,章志荪,CD第1册\CD05\章志荪-客窗夜话.wav,7166052,9807972,162.496,222.403
a2ffa5e45c3dab47_005.flac,train,客窗夜话,章志荪,CD第1册\CD05\章志荪-客窗夜话.wav,9554736,12196656,216.661,276.568
a2ffa5e45c3dab47_006.flac,train,客窗夜话,章志荪,CD第1册\CD05\章志荪-客窗夜话.wav,11943420,14585340,270.826,330.733
294c4479174d935e_001.flac,train,平沙落雁1,胡莹堂,CD第1册\CD13\胡莹堂-平沙落雁1.wav,0,2641920,0.0,59.907
294c4479174d935e_002.flac,train,平沙落雁1,胡莹堂,CD第1册\CD13\胡莹堂-平沙落雁1.wav,2455678,5097598,55.684,115.592
294c4479174d935e_003.flac,train,平沙落雁1,胡莹堂,CD第1册\CD13\胡莹堂-平沙落雁1.wav,4911356,7553276,111.369,171.276
294c4479174d935e_004.flac,train,平沙落雁1,胡莹堂,CD第1册\CD13\胡莹堂-平沙落雁1.wav,7367034,10008954,167.053,226.96
294c4479174d935e_005.flac,train,平沙落雁1,胡莹堂,CD第1册\CD13\胡莹堂-平沙落雁1.wav,9822712,12464632,222.737,282.645
294c4479174d935e_006.flac,train,平沙落雁1,胡莹堂,CD第1册\CD13\胡莹堂-平沙落雁1.wav,12278390,14920310,278.422,338.329
294c4479174d935e_007.flac,train,平沙落雁1,胡莹堂,CD第1册\CD13\胡莹堂-平沙落雁1.wav,14734068,17375988,334.106,394.013
044ed40e3432d7ea_001.flac,test,忆故人,胡莹堂,CD第1册\CD13\胡莹堂-忆故人.wav,0,2641920,0.0,59.907
044ed40e3432d7ea_002.flac,test,忆故人,胡莹堂,CD第1册\CD13\胡莹堂-忆故人.wav,2427552,5069472,55.047,114.954
044ed40e3432d7ea_003.flac,test,忆故人,胡莹堂,CD第1册\CD13\胡莹堂-忆故人.wav,4855104,7497024,110.093,170.001
044ed40e3432d7ea_004.flac,test,忆故人,胡莹堂,CD第1册\CD13\胡莹堂-忆故人.wav,7282656,9924576,165.14,225.047
044ed40e3432d7ea_005.flac,test,忆故人,胡莹堂,CD第1册\CD13\胡莹堂-忆故人.wav,9710208,12352128,220.186,280.094
044ed40e3432d7ea_006.flac,test,忆故人,胡莹堂,CD第1册\CD13\胡莹堂-忆故人.wav,12137760,14779680,275.233,335.14
044ed40e3432d7ea_007.flac,test,忆故人,胡莹堂,CD第1册\CD13\胡莹堂-忆故人.wav,14565312,17207232,330.279,390.187
dab115065334d52e_001.flac,train,醉渔唱晚,胡莹堂,CD第1册\CD13\胡莹堂-醉渔唱晚.wav,0,2641920,0.0,59.907
dab115065334d52e_002.flac,train,醉渔唱晚,胡莹堂,CD第1册\CD13\胡莹堂-醉渔唱晚.wav,2161476,4803396,49.013,108.921
dab115065334d52e_003.flac,train,醉渔唱晚,胡莹堂,CD第1册\CD13\胡莹堂-醉渔唱晚.wav,4322952,6964872,98.026,157.934
dab115065334d52e_004.flac,train,醉渔唱晚,胡莹堂,CD第1册\CD13\胡莹堂-醉渔唱晚.wav,6484428,9126348,147.039,206.947
1c4d76122f5236d0_001.flac,train,长门怨,胡莹堂,CD第1册\CD13\胡莹堂-长门怨.wav,0,2641920,0.0,59.907
1c4d76122f5236d0_002.flac,train,长门怨,胡莹堂,CD第1册\CD13\胡莹堂-长门怨.wav,2340115,4982035,53.064,112.971
1c4d76122f5236d0_003.flac,train,长门怨,胡莹堂,CD第1册\CD13\胡莹堂-长门怨.wav,4680230,7322150,106.128,166.035
1c4d76122f5236d0_004.flac,train,长门怨,胡莹堂,CD第1册\CD13\胡莹堂-长门怨.wav,7020346,9662266,159.192,219.099
1c4d76122f5236d0_005.flac,train,长门怨,胡莹堂,CD第1册\CD13\胡莹堂-长门怨.wav,9360461,12002381,212.255,272.163
1c4d76122f5236d0_006.flac,train,长门怨,胡莹堂,CD第1册\CD13\胡莹堂-长门怨.wav,11700576,14342496,265.319,325.227
d33250b39f87ba90_001.flac,validation,关山月,蔡德允,CD第3册\42\蔡德允-关山月.wav,0,2641920,0.0,59.907
d33250b39f87ba90_002.flac,validation,关山月,蔡德允,CD第3册\42\蔡德允-关山月.wav,2184384,4826304,49.533,109.44
addff89f64567507_001.flac,test,古琴吟,蔡德允,CD第3册\42\蔡德允-古琴吟.wav,0,2641920,0.0,59.907
addff89f64567507_002.flac,test,古琴吟,蔡德允,CD第3册\42\蔡德允-古琴吟.wav,178128,2820048,4.039,63.947
182de0ad53c938f7_001.flac,train,平沙落雁1,蔡德允,CD第3册\42\蔡德允-平沙落雁1.wav,0,2641920,0.0,59.907
182de0ad53c938f7_002.flac,train,平沙落雁1,蔡德允,CD第3册\42\蔡德允-平沙落雁1.wav,2515256,5157176,57.035,116.943
182de0ad53c938f7_003.flac,train,平沙落雁1,蔡德允,CD第3册\42\蔡德允-平沙落雁1.wav,5030512,7672432,114.071,173.978
182de0ad53c938f7_004.flac,train,平沙落雁1,蔡德允,CD第3册\42\蔡德允-平沙落雁1.wav,7545768,10187688,171.106,231.013
daba7066039bb390_001.flac,train,平沙落雁2,蔡德允,CD第3册\42\蔡德允-平沙落雁2.wav,0,2641920,0.0,59.907
daba7066039bb390_002.flac,train,平沙落雁2,蔡德允,CD第3册\42\蔡德允-平沙落雁2.wav,2552030,5193950,57.869,117.777
daba7066039bb390_003.flac,train,平沙落雁2,蔡德允,CD第3册\42\蔡德允-平沙落雁2.wav,5104061,7745981,115.738,175.646
daba7066039bb390_004.flac,train,平沙落雁2,蔡德允,CD第3册\42\蔡德允-平沙落雁2.wav,7656091,10298011,173.608,233.515
daba7066039bb390_005.flac,train,平沙落雁2,蔡德允,CD第3册\42\蔡德允-平沙落雁2.wav,10208122,12850042,231.477,291.384
daba7066039bb390_006.flac,train,平沙落雁2,蔡德允,CD第3册\42\蔡德允-平沙落雁2.wav,12760152,15402072,289.346,349.253
8c6a9e340d150b84_001.flac,test,忆故人,蔡德允,CD第3册\43\蔡德允-忆故人.wav,0,2641920,0.0,59.907
8c6a9e340d150b84_002.flac,test,忆故人,蔡德允,CD第3册\43\蔡德允-忆故人.wav,2419378,5061298,54.861,114.769
8c6a9e340d150b84_003.flac,test,忆故人,蔡德允,CD第3册\43\蔡德允-忆故人.wav,4838755,7480675,109.722,169.63
8c6a9e340d150b84_004.flac,test,忆故人,蔡德允,CD第3册\43\蔡德允-忆故人.wav,7258133,9900053,164.584,224.491
8c6a9e340d150b84_005.flac,test,忆故人,蔡德允,CD第3册\43\蔡德允-忆故人.wav,9677510,12319430,219.445,279.352
8c6a9e340d150b84_006.flac,test,忆故人,蔡德允,CD第3册\43\蔡德允-忆故人.wav,12096888,14738808,274.306,334.213
ea35a397ebaedb91_001.flac,train,慨古吟,蔡德允,CD第3册\42\蔡德允-慨古吟.wav,0,2641920,0.0,59.907
ea35a397ebaedb91_002.flac,train,慨古吟,蔡德允,CD第3册\42\蔡德允-慨古吟.wav,1606986,4248906,36.44,96.347
ea35a397ebaedb91_003.flac,train,慨古吟,蔡德允,CD第3册\42\蔡德允-慨古吟.wav,3213972,5855892,72.879,132.787
e51f9cccfea79cec_001.flac,train,梅花三弄,蔡德允,CD第3册\42\蔡德允-梅花三弄.wav,0,2641920,0.0,59.907
e51f9cccfea79cec_002.flac,train,梅花三弄,蔡德允,CD第3册\42\蔡德允-梅花三弄.wav,2359566,5001486,53.505,113.412
e51f9cccfea79cec_003.flac,train,梅花三弄,蔡德允,CD第3册\42\蔡德允-梅花三弄.wav,4719132,7361052,107.01,166.917
e51f9cccfea79cec_004.flac,train,梅花三弄,蔡德允,CD第3册\42\蔡德允-梅花三弄.wav,7078698,9720618,160.515,220.422
e51f9cccfea79cec_005.flac,train,梅花三弄,蔡德允,CD第3册\42\蔡德允-梅花三弄.wav,9438264,12080184,214.02,273.927
e51f9cccfea79cec_006.flac,train,梅花三弄,蔡德允,CD第3册\42\蔡德允-梅花三弄.wav,11797830,14439750,267.524,327.432
e51f9cccfea79cec_007.flac,train,梅花三弄,蔡德允,CD第3册\42\蔡德允-梅花三弄.wav,14157396,16799316,321.029,380.937
e51f9cccfea79cec_008.flac,train,梅花三弄,蔡德允,CD第3册\42\蔡德允-梅花三弄.wav,16516962,19158882,374.534,434.442
e51f9cccfea79cec_009.flac,train,梅花三弄,蔡德允,CD第3册\42\蔡德允-梅花三弄.wav,18876528,21518448,428.039,487.947
94cb1f1ea98d82b8_001.flac,train,梧叶舞秋风,蔡德允,CD第3册\43\蔡德允-梧叶舞秋风.wav,0,2641920,0.0,59.907
94cb1f1ea98d82b8_002.flac,train,梧叶舞秋风,蔡德允,CD第3册\43\蔡德允-梧叶舞秋风.wav,2382956,5024876,54.035,113.943
94cb1f1ea98d82b8_003.flac,train,梧叶舞秋风,蔡德允,CD第3册\43\蔡德允-梧叶舞秋风.wav,4765912,7407832,108.071,167.978
94cb1f1ea98d82b8_004.flac,train,梧叶舞秋风,蔡德允,CD第3册\43\蔡德允-梧叶舞秋风.wav,7148868,9790788,162.106,222.013
bc2ab988c63e8b3b_001.flac,train,水仙操,蔡德允,CD第3册\42\蔡德允-水仙操.wav,0,2641920,0.0,59.907
bc2ab988c63e8b3b_002.flac,train,水仙操,蔡德允,CD第3册\42\蔡德允-水仙操.wav,2318968,4960888,52.584,112.492
bc2ab988c63e8b3b_003.flac,train,水仙操,蔡德允,CD第3册\42\蔡德允-水仙操.wav,4637936,7279856,105.169,165.076
bc2ab988c63e8b3b_004.flac,train,水仙操,蔡德允,CD第3册\42\蔡德允-水仙操.wav,6956904,9598824,157.753,217.66
bc2ab988c63e8b3b_005.flac,train,水仙操,蔡德允,CD第3册\42\蔡德允-水仙操.wav,9275872,11917792,210.337,270.245
bc2ab988c63e8b3b_006.flac,train,水仙操,蔡德允,CD第3册\42\蔡德允-水仙操.wav,11594840,14236760,262.922,322.829
bc2ab988c63e8b3b_007.flac,train,水仙操,蔡德允,CD第3册\42\蔡德允-水仙操.wav,13913808,16555728,315.506,375.413
660659d11e124cae_001.flac,test,渔樵问答,蔡德允,CD第3册\43\蔡德允-渔樵问答.wav,0,2641920,0.0,59.907
660659d11e124cae_002.flac,test,渔樵问答,蔡德允,CD第3册\43\蔡德允-渔樵问答.wav,2433507,5075427,55.182,115.089
660659d11e124cae_003.flac,test,渔樵问答,蔡德允,CD第3册\43\蔡德允-渔樵问答.wav,4867014,7508934,110.363,170.271
660659d11e124cae_004.flac,test,渔樵问答,蔡德允,CD第3册\43\蔡德允-渔樵问答.wav,7300521,9942441,165.545,225.452
660659d11e124cae_005.flac,test,渔樵问答,蔡德允,CD第3册\43\蔡德允-渔樵问答.wav,9734028,12375948,220.726,280.634
660659d11e124cae_006.flac,test,渔樵问答,蔡德允,CD第3册\43\蔡德允-渔樵问答.wav,12167535,14809455,275.908,335.815
660659d11e124cae_007.flac,test,渔樵问答,蔡德允,CD第3册\43\蔡德允-渔樵问答.wav,14601042,17242962,331.089,390.997
660659d11e124cae_008.flac,test,渔樵问答,蔡德允,CD第3册\43\蔡德允-渔樵问答.wav,17034549,19676469,386.271,446.178
660659d11e124cae_009.flac,test,渔樵问答,蔡德允,CD第3册\43\蔡德允-渔樵问答.wav,19468056,22109976,441.453,501.36
89131da2c18e6a51_001.flac,train,湘江怨,蔡德允,CD第3册\43\蔡德允-湘江怨.wav,0,2641920,0.0,59.907
89131da2c18e6a51_002.flac,train,湘江怨,蔡德允,CD第3册\43\蔡德允-湘江怨.wav,2125896,4767816,48.206,108.114
89131da2c18e6a51_003.flac,train,湘江怨,蔡德允,CD第3册\43\蔡德允-湘江怨.wav,4251792,6893712,96.413,156.32
8082a22b6c3dd383_001.flac,train,潇湘水云1,蔡德允,CD第3册\43\蔡德允-潇湘水云1.wav,0,2641920,0.0,59.907
8082a22b6c3dd383_002.flac,train,潇湘水云1,蔡德允,CD第3册\43\蔡德允-潇湘水云1.wav,2408268,5050188,54.609,114.517
8082a22b6c3dd383_003.flac,train,潇湘水云1,蔡德允,CD第3册\43\蔡德允-潇湘水云1.wav,4816536,7458456,109.219,169.126
8082a22b6c3dd383_004.flac,train,潇湘水云1,蔡德允,CD第3册\43\蔡德允-潇湘水云1.wav,7224804,9866724,163.828,223.735
8082a22b6c3dd383_005.flac,train,潇湘水云1,蔡德允,CD第3册\43\蔡德允-潇湘水云1.wav,9633072,12274992,218.437,278.344
8082a22b6c3dd383_006.flac,train,潇湘水云1,蔡德允,CD第3册\43\蔡德允-潇湘水云1.wav,12041340,14683260,273.046,332.954
8082a22b6c3dd383_007.flac,train,潇湘水云1,蔡德允,CD第3册\43\蔡德允-潇湘水云1.wav,14449608,17091528,327.656,387.563
8082a22b6c3dd383_008.flac,train,潇湘水云1,蔡德允,CD第3册\43\蔡德允-潇湘水云1.wav,16857876,19499796,382.265,442.172
8082a22b6c3dd383_009.flac,train,潇湘水云1,蔡德允,CD第3册\43\蔡德允-潇湘水云1.wav,19266144,21908064,436.874,496.781
8082a22b6c3dd383_010.flac,train,潇湘水云1,蔡德允,CD第3册\43\蔡德允-潇湘水云1.wav,21674412,24316332,491.483,551.391
8082a22b6c3dd383_011.flac,train,潇湘水云1,蔡德允,CD第3册\43\蔡德允-潇湘水云1.wav,24082680,26724600,546.093,606.0
dd758d2e0f8f625e_001.flac,train,潇湘水云2,蔡德允,CD第3册\43\蔡德允-潇湘水云2.wav,0,2641920,0.0,59.907
dd758d2e0f8f625e_002.flac,train,潇湘水云2,蔡德允,CD第3册\43\蔡德允-潇湘水云2.wav,2402506,5044426,54.479,114.386
dd758d2e0f8f625e_003.flac,train,潇湘水云2,蔡德允,CD第3册\43\蔡德允-潇湘水云2.wav,4805011,7446931,108.957,168.865
dd758d2e0f8f625e_004.flac,train,潇湘水云2,蔡德允,CD第3册\43\蔡德允-潇湘水云2.wav,7207517,9849437,163.436,223.343
dd758d2e0f8f625e_005.flac,train,潇湘水云2,蔡德允,CD第3册\43\蔡德允-潇湘水云2.wav,9610022,12251942,217.914,277.822
dd758d2e0f8f625e_006.flac,train,潇湘水云2,蔡德允,CD第3册\43\蔡德允-潇湘水云2.wav,12012528,14654448,272.393,332.3
dd758d2e0f8f625e_007.flac,train,潇湘水云2,蔡德允,CD第3册\43\蔡德允-潇湘水云2.wav,14415034,17056954,326.872,386.779
dd758d2e0f8f625e_008.flac,train,潇湘水云2,蔡德允,CD第3册\43\蔡德允-潇湘水云2.wav,16817539,19459459,381.35,441.258
dd758d2e0f8f625e_009.flac,train,潇湘水云2,蔡德允,CD第3册\43\蔡德允-潇湘水云2.wav,19220045,21861965,435.829,495.736
dd758d2e0f8f625e_010.flac,train,潇湘水云2,蔡德允,CD第3册\43\蔡德允-潇湘水云2.wav,21622550,24264470,490.307,550.215
dd758d2e0f8f625e_011.flac,train,潇湘水云2,蔡德允,CD第3册\43\蔡德允-潇湘水云2.wav,24025056,26666976,544.786,604.693
0769fcee2541c7a9_001.flac,train,玉楼春晓,蔡德允,CD第3册\43\蔡德允-玉楼春晓.wav,0,2641920,0.0,59.907
0769fcee2541c7a9_002.flac,train,玉楼春晓,蔡德允,CD第3册\43\蔡德允-玉楼春晓.wav,2616564,5258484,59.333,119.24
d2c7ce98d6558d91_001.flac,validation,精忠词,蔡德允,CD第3册\42\蔡德允-精忠词.wav,0,2641920,0.0,59.907
d2c7ce98d6558d91_002.flac,validation,精忠词,蔡德允,CD第3册\42\蔡德允-精忠词.wav,317484,2959404,7.199,67.107
0b011848568dd506_001.flac,train,胡笳十八拍,蔡德允,CD第3册\42\蔡德允-胡笳十八拍.wav,0,2641920,0.0,59.907
0b011848568dd506_002.flac,train,胡笳十八拍,蔡德允,CD第3册\42\蔡德允-胡笳十八拍.wav,2590244,5232164,58.736,118.643
0b011848568dd506_003.flac,train,胡笳十八拍,蔡德允,CD第3册\42\蔡德允-胡笳十八拍.wav,5180487,7822407,117.471,177.379
0b011848568dd506_004.flac,train,胡笳十八拍,蔡德允,CD第3册\42\蔡德允-胡笳十八拍.wav,7770731,10412651,176.207,236.115
0b011848568dd506_005.flac,train,胡笳十八拍,蔡德允,CD第3册\42\蔡德允-胡笳十八拍.wav,10360975,13002895,234.943,294.85
0b011848568dd506_006.flac,train,胡笳十八拍,蔡德允,CD第3册\42\蔡德允-胡笳十八拍.wav,12951218,15593138,293.678,353.586
0b011848568dd506_007.flac,train,胡笳十八拍,蔡德允,CD第3册\42\蔡德允-胡笳十八拍.wav,15541462,18183382,352.414,412.322
0b011848568dd506_008.flac,train,胡笳十八拍,蔡德允,CD第3册\42\蔡德允-胡笳十八拍.wav,18131705,20773625,411.15,471.057
0b011848568dd506_009.flac,train,胡笳十八拍,蔡德允,CD第3册\42\蔡德允-胡笳十八拍.wav,20721949,23363869,469.885,529.793
0b011848568dd506_010.flac,train,胡笳十八拍,蔡德允,CD第3册\42\蔡德允-胡笳十八拍.wav,23312193,25954113,528.621,588.529
0b011848568dd506_011.flac,train,胡笳十八拍,蔡德允,CD第3册\42\蔡德允-胡笳十八拍.wav,25902436,28544356,587.357,647.264
0b011848568dd506_012.flac,train,胡笳十八拍,蔡德允,CD第3册\42\蔡德允-胡笳十八拍.wav,28492680,31134600,646.093,706.0
112b85850f3b6e2c_001.flac,train,良宵引,蔡德允,CD第3册\42\蔡德允-良宵引.wav,0,2641920,0.0,59.907
112b85850f3b6e2c_002.flac,train,良宵引,蔡德允,CD第3册\42\蔡德允-良宵引.wav,2030934,4672854,46.053,105.96
112b85850f3b6e2c_003.flac,train,良宵引,蔡德允,CD第3册\42\蔡德允-良宵引.wav,4061868,6703788,92.106,152.013
3282a20ed1d37b40_001.flac,train,醉渔唱晚1,蔡德允,CD第3册\43\蔡德允-醉渔唱晚1.wav,0,2641920,0.0,59.907
3282a20ed1d37b40_002.flac,train,醉渔唱晚1,蔡德允,CD第3册\43\蔡德允-醉渔唱晚1.wav,2051912,4693832,46.529,106.436
3282a20ed1d37b40_003.flac,train,醉渔唱晚1,蔡德允,CD第3册\43\蔡德允-醉渔唱晚1.wav,4103824,6745744,93.057,152.965
3282a20ed1d37b40_004.flac,train,醉渔唱晚1,蔡德允,CD第3册\43\蔡德允-醉渔唱晚1.wav,6155736,8797656,139.586,199.493
0361e2bcb4305fd1_001.flac,train,醉渔唱晚2,蔡德允,CD第3册\43\蔡德允-醉渔唱晚2.wav,0,2641920,0.0,59.907
0361e2bcb4305fd1_002.flac,train,醉渔唱晚2,蔡德允,CD第3册\43\蔡德允-醉渔唱晚2.wav,1964888,4606808,44.555,104.463
0361e2bcb4305fd1_003.flac,train,醉渔唱晚2,蔡德允,CD第3册\43\蔡德允-醉渔唱晚2.wav,3929776,6571696,89.111,149.018
0361e2bcb4305fd1_004.flac,train,醉渔唱晚2,蔡德允,CD第3册\43\蔡德允-醉渔唱晚2.wav,5894664,8536584,133.666,193.573
208ebaf043ccbbd0_001.flac,train,长门怨,蔡德允,CD第3册\42\蔡德允-长门怨.wav,0,2641920,0.0,59.907
208ebaf043ccbbd0_002.flac,train,长门怨,蔡德允,CD第3册\42\蔡德允-长门怨.wav,2623448,5265368,59.489,119.396
208ebaf043ccbbd0_003.flac,train,长门怨,蔡德允,CD第3册\42\蔡德允-长门怨.wav,5246896,7888816,118.977,178.885
208ebaf043ccbbd0_004.flac,train,长门怨,蔡德允,CD第3册\42\蔡德允-长门怨.wav,7870344,10512264,178.466,238.373
2a87bd339f609531_001.flac,train,阳关三叠,蔡德允,CD第3册\43\蔡德允-阳关三叠.wav,0,2641920,0.0,59.907
2a87bd339f609531_002.flac,train,阳关三叠,蔡德允,CD第3册\43\蔡德允-阳关三叠.wav,2198716,4840636,49.858,109.765
2a87bd339f609531_003.flac,train,阳关三叠,蔡德允,CD第3册\43\蔡德允-阳关三叠.wav,4397432,7039352,99.715,159.622
2a87bd339f609531_004.flac,train,阳关三叠,蔡德允,CD第3册\43\蔡德允-阳关三叠.wav,6596148,9238068,149.573,209.48
051ca66197169db0_001.flac,train,阳春,蔡德允,CD第3册\43\蔡德允-阳春.wav,0,2641920,0.0,59.907
051ca66197169db0_002.flac,train,阳春,蔡德允,CD第3册\43\蔡德允-阳春.wav,2577871,5219791,58.455,118.363
051ca66197169db0_003.flac,train,阳春,蔡德允,CD第3册\43\蔡德允-阳春.wav,5155742,7797662,116.91,176.818
051ca66197169db0_004.flac,train,阳春,蔡德允,CD第3册\43\蔡德允-阳春.wav,7733613,10375533,175.365,235.273
051ca66197169db0_005.flac,train,阳春,蔡德允,CD第3册\43\蔡德允-阳春.wav,10311483,12953403,233.82,293.728
051ca66197169db0_006.flac,train,阳春,蔡德允,CD第3册\43\蔡德允-阳春.wav,12889354,15531274,292.276,352.183
051ca66197169db0_007.flac,train,阳春,蔡德允,CD第3册\43\蔡德允-阳春.wav,15467225,18109145,350.731,410.638
051ca66197169db0_008.flac,train,阳春,蔡德允,CD第3册\43\蔡德允-阳春.wav,18045096,20687016,409.186,469.093
4d20b038cef810df_001.flac,train,龙翔操,蔡德允,CD第3册\42\蔡德允-龙翔操.wav,0,2641920,0.0,59.907
4d20b038cef810df_002.flac,train,龙翔操,蔡德允,CD第3册\42\蔡德允-龙翔操.wav,2178384,4820304,49.396,109.304
4d20b038cef810df_003.flac,train,龙翔操,蔡德允,CD第3册\42\蔡德允-龙翔操.wav,4356768,6998688,98.793,158.7
4d20b038cef810df_004.flac,train,龙翔操,蔡德允,CD第3册\42\蔡德允-龙翔操.wav,6535152,9177072,148.189,208.097
4d20b038cef810df_005.flac,train,龙翔操,蔡德允,CD第3册\42\蔡德允-龙翔操.wav,8713536,11355456,197.586,257.493
15ba58fc131c55ac_001.flac,train,听泉吟2,詹澄秋,CD第1册\CD07\詹澄秋-听泉吟2.wav,0,2641920,0.0,59.907
15ba58fc131c55ac_002.flac,train,听泉吟2,詹澄秋,CD第1册\CD07\詹澄秋-听泉吟2.wav,1339428,3981348,30.373,90.28
af3f7c9c3ec7964b_001.flac,train,潇湘水云,詹澄秋,CD第1册\CD07\詹澄秋-潇湘水云.wav,0,2641920,0.0,59.907
af3f7c9c3ec7964b_002.flac,train,潇湘水云,詹澄秋,CD第1册\CD07\詹澄秋-潇湘水云.wav,2632470,5274390,59.693,119.601
af3f7c9c3ec7964b_003.flac,train,潇湘水云,詹澄秋,CD第1册\CD07\詹澄秋-潇湘水云.wav,5264940,7906860,119.386,179.294
af3f7c9c3ec7964b_004.flac,train,潇湘水云,詹澄秋,CD第1册\CD07\詹澄秋-潇湘水云.wav,7897410,10539330,179.08,238.987
af3f7c9c3ec7964b_005.flac,train,潇湘水云,詹澄秋,CD第1册\CD07\詹澄秋-潇湘水云.wav,10529880,13171800,238.773,298.68
af3f7c9c3ec7964b_006.flac,train,潇湘水云,詹澄秋,CD第1册\CD07\詹澄秋-潇湘水云.wav,13162350,15804270,298.466,358.373
af3f7c9c3ec7964b_007.flac,train,潇湘水云,詹澄秋,CD第1册\CD07\詹澄秋-潇湘水云.wav,15794820,18436740,358.159,418.067
f779beea800c4acc_001.flac,train,高山2,詹澄秋,CD第1册\CD06\詹澄秋-高山2.wav,0,2641920,0.0,59.907
f779beea800c4acc_002.flac,train,高山2,詹澄秋,CD第1册\CD06\詹澄秋-高山2.wav,2584986,5226906,58.616,118.524
f779beea800c4acc_003.flac,train,高山2,詹澄秋,CD第1册\CD06\詹澄秋-高山2.wav,5169972,7811892,117.233,177.14
f779beea800c4acc_004.flac,train,高山2,詹澄秋,CD第1册\CD06\詹澄秋-高山2.wav,7754958,10396878,175.849,235.757
f779beea800c4acc_005.flac,train,高山2,詹澄秋,CD第1册\CD06\詹澄秋-高山2.wav,10339944,12981864,234.466,294.373
141f5dd694fce045_001.flac,validation,关山月,邵元复,CD第4册\70\邵元复-关山月.wav,0,2641920,0.0,59.907
141f5dd694fce045_002.flac,validation,关山月,邵元复,CD第4册\70\邵元复-关山月.wav,1962708,4604628,44.506,104.413
827a7beab2f3daa3_001.flac,train,凤求凰,邵元复,CD第4册\70\邵元复-凤求凰.wav,0,2641920,0.0,59.907
827a7beab2f3daa3_002.flac,train,凤求凰,邵元复,CD第4册\70\邵元复-凤求凰.wav,1629330,4271250,36.946,96.854
827a7beab2f3daa3_003.flac,train,凤求凰,邵元复,CD第4册\70\邵元复-凤求凰.wav,3258660,5900580,73.893,133.8
195c9b17b4d74471_001.flac,test,忆故人,邵元复,CD第4册\71\邵元复-忆故人.wav,0,2641920,0.0,59.907
195c9b17b4d74471_002.flac,test,忆故人,邵元复,CD第4册\71\邵元复-忆故人.wav,2622082,5264002,59.458,119.365
195c9b17b4d74471_003.flac,test,忆故人,邵元复,CD第4册\71\邵元复-忆故人.wav,5244164,7886084,118.915,178.823
195c9b17b4d74471_004.flac,test,忆故人,邵元复,CD第4册\71\邵元复-忆故人.wav,7866246,10508166,178.373,238.28
195c9b17b4d74471_005.flac,test,忆故人,邵元复,CD第4册\71\邵元复-忆故人.wav,10488328,13130248,237.831,297.738
195c9b17b4d74471_006.flac,test,忆故人,邵元复,CD第4册\71\邵元复-忆故人.wav,13110410,15752330,297.288,357.196
195c9b17b4d74471_007.flac,test,忆故人,邵元复,CD第4册\71\邵元复-忆故人.wav,15732492,18374412,356.746,416.653
780c2c8b88e88d09_001.flac,train,极乐吟,邵元复,CD第4册\70\邵元复-极乐吟.wav,0,2641920,0.0,59.907
780c2c8b88e88d09_002.flac,train,极乐吟,邵元复,CD第4册\70\邵元复-极乐吟.wav,820812,3462732,18.613,78.52
cfc5f5a1ee1d4f54_001.flac,train,梅花三弄,邵元复,CD第4册\70\邵元复-梅花三弄.wav,0,2641920,0.0,59.907
cfc5f5a1ee1d4f54_002.flac,train,梅花三弄,邵元复,CD第4册\70\邵元复-梅花三弄.wav,2362327,5004247,53.568,113.475
cfc5f5a1ee1d4f54_003.flac,train,梅花三弄,邵元复,CD第4册\70\邵元复-梅花三弄.wav,4724654,7366574,107.135,167.042
cfc5f5a1ee1d4f54_004.flac,train,梅花三弄,邵元复,CD第4册\70\邵元复-梅花三弄.wav,7086981,9728901,160.703,220.61
cfc5f5a1ee1d4f54_005.flac,train,梅花三弄,邵元复,CD第4册\70\邵元复-梅花三弄.wav,9449307,12091227,214.27,274.177
cfc5f5a1ee1d4f54_006.flac,train,梅花三弄,邵元复,CD第4册\70\邵元复-梅花三弄.wav,11811634,14453554,267.838,327.745
cfc5f5a1ee1d4f54_007.flac,train,梅花三弄,邵元复,CD第4册\70\邵元复-梅花三弄.wav,14173961,16815881,321.405,381.312
cfc5f5a1ee1d4f54_008.flac,train,梅花三弄,邵元复,CD第4册\70\邵元复-梅花三弄.wav,16536288,19178208,374.973,434.88
a8531354a9a1dbcb_001.flac,train,玉楼春晓,邵元复,CD第4册\71\邵元复-玉楼春晓.wav,0,2641920,0.0,59.907
a8531354a9a1dbcb_002.flac,train,玉楼春晓,邵元复,CD第4册\71\邵元复-玉楼春晓.wav,1066596,3708516,24.186,84.093
77df6b74df218ea6_001.flac,train,秋夜长,邵元复,CD第4册\71\邵元复-秋夜长.wav,0,2641920,0.0,59.907
77df6b74df218ea6_002.flac,train,秋夜长,邵元复,CD第4册\71\邵元复-秋夜长.wav,1874232,4516152,42.5,102.407
77df6b74df218ea6_003.flac,train,秋夜长,邵元复,CD第4册\71\邵元复-秋夜长.wav,3748464,6390384,84.999,144.907
3095ab4a716c2e10_001.flac,train,普庵咒,陈维斌,CD第1册\CD05\陈维斌-普庵咒.wav,0,2641920,0.0,59.907
3095ab4a716c2e10_002.flac,train,普庵咒,陈维斌,CD第1册\CD05\陈维斌-普庵咒.wav,2499467,5141387,56.677,116.585
3095ab4a716c2e10_003.flac,train,普庵咒,陈维斌,CD第1册\CD05\陈维斌-普庵咒.wav,4998934,7640854,113.355,173.262
3095ab4a716c2e10_004.flac,train,普庵咒,陈维斌,CD第1册\CD05\陈维斌-普庵咒.wav,7498400,10140320,170.032,229.939
3095ab4a716c2e10_005.flac,train,普庵咒,陈维斌,CD第1册\CD05\陈维斌-普庵咒.wav,9997867,12639787,226.709,286.616
3095ab4a716c2e10_006.flac,train,普庵咒,陈维斌,CD第1册\CD05\陈维斌-普庵咒.wav,12497334,15139254,283.386,343.294
3095ab4a716c2e10_007.flac,train,普庵咒,陈维斌,CD第1册\CD05\陈维斌-普庵咒.wav,14996801,17638721,340.064,399.971
3095ab4a716c2e10_008.flac,train,普庵咒,陈维斌,CD第1册\CD05\陈维斌-普庵咒.wav,17496268,20138188,396.741,456.648
3095ab4a716c2e10_009.flac,train,普庵咒,陈维斌,CD第1册\CD05\陈维斌-普庵咒.wav,19995734,22637654,453.418,513.325
3095ab4a716c2e10_010.flac,train,普庵咒,陈维斌,CD第1册\CD05\陈维斌-普庵咒.wav,22495201,25137121,510.095,570.003
3095ab4a716c2e10_011.flac,train,普庵咒,陈维斌,CD第1册\CD05\陈维斌-普庵咒.wav,24994668,27636588,566.773,626.68
a97a6ba68f77086a_001.flac,train,凤鸣朝阳,马景洛,CD第1册\CD01\马景洛-凤鸣朝阳.wav,0,2641920,0.0,59.907
a97a6ba68f77086a_002.flac,train,凤鸣朝阳,马景洛,CD第1册\CD01\马景洛-凤鸣朝阳.wav,1993311,4635231,45.2,105.107
a97a6ba68f77086a_003.flac,train,凤鸣朝阳,马景洛,CD第1册\CD01\马景洛-凤鸣朝阳.wav,3986622,6628542,90.4,150.307
a97a6ba68f77086a_004.flac,train,凤鸣朝阳,马景洛,CD第1册\CD01\马景洛-凤鸣朝阳.wav,5979933,8621853,135.599,195.507
a97a6ba68f77086a_005.flac,train,凤鸣朝阳,马景洛,CD第1册\CD01\马景洛-凤鸣朝阳.wav,7973244,10615164,180.799,240.707
3c449657b0ffe536_001.flac,train,双鹤听泉,马景洛,CD第1册\CD01\马景洛-双鹤听泉.wav,0,2641920,0.0,59.907
3c449657b0ffe536_002.flac,train,双鹤听泉,马景洛,CD第1册\CD01\马景洛-双鹤听泉.wav,1627566,4269486,36.906,96.814
3c449657b0ffe536_003.flac,train,双鹤听泉,马景洛,CD第1册\CD01\马景洛-双鹤听泉.wav,3255132,5897052,73.813,133.72
0d441327cf08f2eb_001.flac,train,客窗夜话,马景洛,CD第1册\CD01\马景洛-客窗夜话.wav,0,2641920,0.0,59.907
0d441327cf08f2eb_002.flac,train,客窗夜话,马景洛,CD第1册\CD01\马景洛-客窗夜话.wav,2261323,4903243,51.277,111.185
0d441327cf08f2eb_003.flac,train,客窗夜话,马景洛,CD第1册\CD01\马景洛-客窗夜话.wav,4522646,7164566,102.554,162.462
0d441327cf08f2eb_004.flac,train,客窗夜话,马景洛,CD第1册\CD01\马景洛-客窗夜话.wav,6783970,9425890,153.832,213.739
0d441327cf08f2eb_005.flac,train,客窗夜话,马景洛,CD第1册\CD01\马景洛-客窗夜话.wav,9045293,11687213,205.109,265.016
0d441327cf08f2eb_006.flac,train,客窗夜话,马景洛,CD第1册\CD01\马景洛-客窗夜话.wav,11306616,13948536,256.386,316.293
430ecbdb0a7e3042_001.flac,train,风云际会,马景洛,CD第1册\CD01\马景洛-风云际会.wav,0,2641920,0.0,59.907
430ecbdb0a7e3042_002.flac,train,风云际会,马景洛,CD第1册\CD01\马景洛-风云际会.wav,2283884,4925804,51.789,111.696
430ecbdb0a7e3042_003.flac,train,风云际会,马景洛,CD第1册\CD01\马景洛-风云际会.wav,4567768,7209688,103.578,163.485
430ecbdb0a7e3042_004.flac,train,风云际会,马景洛,CD第1册\CD01\马景洛-风云际会.wav,6851652,9493572,155.366,215.274
430ecbdb0a7e3042_005.flac,train,风云际会,马景洛,CD第1册\CD01\马景洛-风云际会.wav,9135536,11777456,207.155,267.062
430ecbdb0a7e3042_006.flac,train,风云际会,马景洛,CD第1册\CD01\马景洛-风云际会.wav,11419420,14061340,258.944,318.851
430ecbdb0a7e3042_007.flac,train,风云际会,马景洛,CD第1册\CD01\马景洛-风云际会.wav,13703304,16345224,310.733,370.64
