file,split,piece,artist,source,start_frame,end_frame,start_seconds,end_seconds,hf_flatness,hf_to_body_db,noisy_fraction,noise_bursts_per_s,hf_flux,rms_dbfs
467b680587c9daf7_001.flac,train,列子御风,乐瑛,CD第3册\40\乐瑛-列子御风.wav,0,2641920,0.0,59.907,0.0104,-43.831,0.0,0.0,0.8561,-20.563
467b680587c9daf7_002.flac,train,列子御风,乐瑛,CD第3册\40\乐瑛-列子御风.wav,2603952,5245872,59.047,118.954,0.0052,-42.6382,0.0,0.0,0.9603,-18.4418
467b680587c9daf7_003.flac,train,列子御风,乐瑛,CD第3册\40\乐瑛-列子御风.wav,5207904,7849824,118.093,178.001,0.0018,-37.5635,0.0,0.0,1.0113,-18.4938
467b680587c9daf7_004.flac,train,列子御风,乐瑛,CD第3册\40\乐瑛-列子御风.wav,7811856,10453776,177.14,237.047,0.0027,-39.533,0.0,0.0,0.9774,-17.5089
467b680587c9daf7_005.flac,train,列子御风,乐瑛,CD第3册\40\乐瑛-列子御风.wav,10415808,13057728,236.186,296.094,0.0021,-38.0606,0.0,0.0,0.9937,-16.8995
467b680587c9daf7_006.flac,train,列子御风,乐瑛,CD第3册\40\乐瑛-列子御风.wav,13019760,15661680,295.233,355.14,0.0023,-39.073,0.0,0.0,0.9636,-17.0738
467b680587c9daf7_007.flac,train,列子御风,乐瑛,CD第3册\40\乐瑛-列子御风.wav,15623712,18265632,354.279,414.187,0.0034,-41.6474,0.0,0.0,0.8511,-17.0189
3ef845f8064257d3_001.flac,train,平沙落雁1,乐瑛,CD第3册\40\乐瑛-平沙落雁1.wav,0,2641920,0.0,59.907,0.0693,-51.6943,0.0,0.0,0.6117,-18.3691
3ef845f8064257d3_002.flac,train,平沙落雁1,乐瑛,CD第3册\40\乐瑛-平沙落雁1.wav,2348347,4990267,53.25,113.158,0.0358,-51.8758,0.0,0.0,0.7239,-17.079
3ef845f8064257d3_003.flac,train,平沙落雁1,乐瑛,CD第3册\40\乐瑛-平沙落雁1.wav,4696694,7338614,106.501,166.408,0.04,-53.5363,0.0,0.0,0.6937,-14.9071
3ef845f8064257d3_004.flac,train,平沙落雁1,乐瑛,CD第3册\40\乐瑛-平沙落雁1.wav,7045042,9686962,159.752,219.659,0.0793,-52.7788,0.0,0.0,0.5846,-15.8457
3ef845f8064257d3_005.flac,train,平沙落雁1,乐瑛,CD第3册\40\乐瑛-平沙落雁1.wav,9393389,12035309,213.002,272.91,0.0484,-53.7945,0.0,0.0,0.6603,-15.4392
3ef845f8064257d3_006.flac,train,平沙落雁1,乐瑛,CD第3册\40\乐瑛-平沙落雁1.wav,11741736,14383656,266.253,326.16,0.0452,-53.1969,0.0,0.0,0.6847,-16.9291
61e38f12564ebbb0_001.flac,test,沧海龙吟1,乐瑛,CD第3册\40\乐瑛-沧海龙吟1.wav,0,2641920,0.0,59.907,0.0601,-32.5297,0.0008,0.0501,0.8065,-15.9068
61e38f12564ebbb0_002.flac,test,沧海龙吟1,乐瑛,CD第3册\40\乐瑛-沧海龙吟1.wav,2497346,5139266,56.629,116.537,0.0576,-30.7576,0.0006,0.0501,0.8477,-15.5786
61e38f12564ebbb0_003.flac,test,沧海龙吟1,乐瑛,CD第3册\40\乐瑛-沧海龙吟1.wav,4994693,7636613,113.258,173.166,0.0592,-30.8781,0.0016,0.0835,0.9738,-14.6868
61e38f12564ebbb0_004.flac,test,沧海龙吟1,乐瑛,CD第3册\40\乐瑛-沧海龙吟1.wav,7492039,10133959,169.888,229.795,0.0569,-30.8448,0.0002,0.0167,0.9708,-13.4832
61e38f12564ebbb0_005.flac,test,沧海龙吟1,乐瑛,CD第3册\40\乐瑛-沧海龙吟1.wav,9989386,12631306,226.517,286.424,0.0534,-31.2332,0.0004,0.0334,0.9863,-12.8296
61e38f12564ebbb0_006.flac,test,沧海龙吟1,乐瑛,CD第3册\40\乐瑛-沧海龙吟1.wav,12486732,15128652,283.146,343.053,0.0568,-31.2069,0.001,0.0668,0.9296,-14.2827
d282f199527e1e53_001.flac,test,沧海龙吟2,乐瑛,CD第3册\40\乐瑛-沧海龙吟2.wav,0,2641920,0.0,59.907,0.015,-51.1876,0.0,0.0,0.7967,-17.4323
d282f199527e1e53_002.flac,test,沧海龙吟2,乐瑛,CD第3册\40\乐瑛-沧海龙吟2.wav,2368222,5010142,53.701,113.609,0.009,-48.0249,0.0,0.0,0.896,-18.4905
d282f199527e1e53_003.flac,test,沧海龙吟2,乐瑛,CD第3册\40\乐瑛-沧海龙吟2.wav,4736443,7378363,107.402,167.31,0.0088,-50.1736,0.0,0.0,0.8997,-16.9831
d282f199527e1e53_004.flac,test,沧海龙吟2,乐瑛,CD第3册\40\乐瑛-沧海龙吟2.wav,7104665,9746585,161.104,221.011,0.0078,-49.0122,0.0,0.0,0.9012,-17.7409
d282f199527e1e53_005.flac,test,沧海龙吟2,乐瑛,CD第3册\40\乐瑛-沧海龙吟2.wav,9472886,12114806,214.805,274.712,0.0074,-47.3699,0.0,0.0,0.9513,-16.7231
d282f199527e1e53_006.flac,test,沧海龙吟2,乐瑛,CD第3册\40\乐瑛-沧海龙吟2.wav,11841108,14483028,268.506,328.413,0.0086,-49.4133,0.0,0.0,0.862,-17.7256
8bab41039945054f_001.flac,train,秋塞吟,乐瑛,CD第3册\40\乐瑛-秋塞吟.wav,0,2641920,0.0,59.907,0.1331,-38.8101,0.0045,0.1836,0.7312,-19.9492
8bab41039945054f_002.flac,train,秋塞吟,乐瑛,CD第3册\40\乐瑛-秋塞吟.wav,2409424,5051344,54.635,114.543,0.0821,-27.5872,0.018,0.3839,0.9827,-20.3333
8bab41039945054f_003.flac,train,秋塞吟,乐瑛,CD第3册\40\乐瑛-秋塞吟.wav,4818848,7460768,109.271,169.178,0.0736,-28.2268,0.007,0.2671,0.9162,-18.8552
8bab41039945054f_004.flac,train,秋塞吟,乐瑛,CD第3册\40\乐瑛-秋塞吟.wav,7228272,9870192,163.906,223.814,0.0845,-29.0918,0.0525,0.7011,1.001,-18.2504
8bab41039945054f_005.flac,train,秋塞吟,乐瑛,CD第3册\40\乐瑛-秋塞吟.wav,9637696,12279616,218.542,278.449,0.096,-31.653,0.011,0.6176,1.0134,-16.1272
8bab41039945054f_006.flac,train,秋塞吟,乐瑛,CD第3册\40\乐瑛-秋塞吟.wav,12047120,14689040,273.177,333.085,0.0907,-30.7703,0.0126,0.5175,0.9877,-15.7713
8bab41039945054f_007.flac,train,秋塞吟,乐瑛,CD第3册\40\乐瑛-秋塞吟.wav,14456544,17098464,327.813,387.72,0.0665,-31.344,0.0079,0.2671,1.0237,-16.3389
8bab41039945054f_008.flac,train,秋塞吟,乐瑛,CD第3册\40\乐瑛-秋塞吟.wav,16865968,19507888,382.448,442.356,0.0712,-32.3836,0.0029,0.2337,0.9272,-15.4875
8bab41039945054f_009.flac,train,秋塞吟,乐瑛,CD第3册\40\乐瑛-秋塞吟.wav,19275392,21917312,437.084,496.991,0.0946,-32.5569,0.0374,0.5175,0.952,-17.3421
8bab41039945054f_010.flac,train,秋塞吟,乐瑛,CD第3册\40\乐瑛-秋塞吟.wav,21684816,24326736,491.719,551.627,0.1184,-39.8843,0.0087,0.2337,0.8551,-17.8753
a4e0914328f3c6cc_001.flac,train,高山流水,侯作吾,CD第3册\54\侯作吾-高山流水.wav,0,2641920,0.0,59.907,0.1367,-50.5463,0.0152,0.5675,0.6864,-29.6238
a4e0914328f3c6cc_002.flac,train,高山流水,侯作吾,CD第3册\54\侯作吾-高山流水.wav,2640871,5282791,59.884,119.791,0.1095,-42.8724,0.0267,0.9181,0.917,-27.663
a4e0914328f3c6cc_003.flac,train,高山流水,侯作吾,CD第3册\54\侯作吾-高山流水.wav,5281742,7923662,119.767,179.675,0.1259,-38.0565,0.0388,1.3521,0.9885,-27.2328
a4e0914328f3c6cc_004.flac,train,高山流水,侯作吾,CD第3册\54\侯作吾-高山流水.wav,7922613,10564533,179.651,239.559,0.1333,-37.1353,0.051,1.4689,0.9824,-26.3462
a4e0914328f3c6cc_005.flac,train,高山流水,侯作吾,CD第3册\54\侯作吾-高山流水.wav,10563483,13205403,239.535,299.442,0.1266,-39.6878,0.0339,1.2185,0.9719,-25.6224
a4e0914328f3c6cc_006.flac,train,高山流水,侯作吾,CD第3册\54\侯作吾-高山流水.wav,13204354,15846274,299.418,359.326,0.1135,-38.1598,0.0628,1.5691,1.2037,-24.2175
a4e0914328f3c6cc_007.flac,train,高山流水,侯作吾,CD第3册\54\侯作吾-高山流水.wav,15845225,18487145,359.302,419.21,0.1394,-35.1064,0.0906,2.2535,1.0586,-24.896
a4e0914328f3c6cc_008.flac,train,高山流水,侯作吾,CD第3册\54\侯作吾-高山流水.wav,18486096,21128016,419.186,479.093,0.1156,-41.5999,0.0266,0.8513,0.9202,-27.4844
3fb53ba8653689f4_001.flac,train,平沙落雁,关仲航,CD第2册\32\关仲航-平沙落雁.wav,0,2641920,0.0,59.907,0.4665,-48.0897,0.0002,0.0167,0.2759,-17.981
3fb53ba8653689f4_002.flac,train,平沙落雁,关仲航,CD第2册\32\关仲航-平沙落雁.wav,2409382,5051302,54.635,114.542,0.3379,-47.8372,0.0004,0.0334,0.5441,-13.8109
3fb53ba8653689f4_003.flac,train,平沙落雁,关仲航,CD第2册\32\关仲航-平沙落雁.wav,4818763,7460683,109.269,169.176,0.2797,-49.6919,0.0,0.0,0.5842,-12.3145
3fb53ba8653689f4_004.flac,train,平沙落雁,关仲航,CD第2册\32\关仲航-平沙落雁.wav,7228145,9870065,163.904,223.811,0.231,-50.0083,0.0,0.0,0.6025,-11.7354
3fb53ba8653689f4_005.flac,train,平沙落雁,关仲航,CD第2册\32\关仲航-平沙落雁.wav,9637526,12279446,218.538,278.445,0.3452,-49.3481,0.0,0.0,0.5256,-12.4545
3fb53ba8653689f4_006.flac,train,平沙落雁,关仲航,CD第2册\32\关仲航-平沙落雁.wav,12046908,14688828,273.173,333.08,0.4535,-50.7384,0.0,0.0,0.369,-15.5705
8bbd13c8520f6be7_001.flac,train,水仙操,关仲航,CD第2册\32\关仲航-水仙操.wav,0,2641920,0.0,59.907,0.0863,-47.9507,0.0,0.0,0.5816,-17.5098
8bbd13c8520f6be7_002.flac,train,水仙操,关仲航,CD第2册\32\关仲航-水仙操.wav,2585515,5227435,58.628,118.536,0.0422,-44.3752,0.0,0.0,0.6122,-17.1291
8bbd13c8520f6be7_003.flac,train,水仙操,关仲航,CD第2册\32\关仲航-水仙操.wav,5171030,7812950,117.257,177.164,0.0308,-42.758,0.0,0.0,0.6907,-16.502
8bbd13c8520f6be7_004.flac,train,水仙操,关仲航,CD第2册\32\关仲航-水仙操.wav,7756545,10398465,175.885,235.793,0.027,-43.0951,0.0,0.0,0.705,-15.7615
8bbd13c8520f6be7_005.flac,train,水仙操,关仲航,CD第2册\32\关仲航-水仙操.wav,10342059,12983979,234.514,294.421,0.0195,-42.3477,0.0,0.0,0.7568,-14.1702
8bbd13c8520f6be7_006.flac,train,水仙操,关仲航,CD第2册\32\关仲航-水仙操.wav,12927574,15569494,293.142,353.05,0.0185,-42.6455,0.0,0.0,0.7272,-14.6161
8bbd13c8520f6be7_007.flac,train,水仙操,关仲航,CD第2册\32\关仲航-水仙操.wav,15513089,18155009,351.771,411.678,0.0124,-41.3952,0.0,0.0,0.7485,-13.9651
8bbd13c8520f6be7_008.flac,train,水仙操,关仲航,CD第2册\32\关仲航-水仙操.wav,18098604,20740524,410.399,470.307,0.0218,-44.1218,0.0,0.0,0.7476,-16.5678
989d4b5e19cce4b0_001.flac,test,渔樵问答,关仲航,CD第2册\32\关仲航-渔樵问答.wav,0,2641920,0.0,59.907,0.0107,-38.6531,0.0,0.0,0.7665,-27.4351
989d4b5e19cce4b0_002.flac,test,渔樵问答,关仲航,CD第2册\32\关仲航-渔樵问答.wav,2547379,5189299,57.764,117.671,0.0099,-34.08,0.0004,0.0167,0.789,-25.5503
989d4b5e19cce4b0_003.flac,test,渔樵问答,关仲航,CD第2册\32\关仲航-渔樵问答.wav,5094758,7736678,115.527,175.435,0.0072,-32.8083,0.0,0.0,0.8097,-24.1654
989d4b5e19cce4b0_004.flac,test,渔樵问答,关仲航,CD第2册\32\关仲航-渔樵问答.wav,7642137,10284057,173.291,233.199,0.0085,-31.2435,0.0006,0.0334,0.8226,-23.9804
989d4b5e19cce4b0_005.flac,test,渔樵问答,关仲航,CD第2册\32\关仲航-渔樵问答.wav,10189515,12831435,231.055,290.962,0.0065,-31.3218,0.0012,0.0334,0.8628,-24.3698
989d4b5e19cce4b0_006.flac,test,渔樵问答,关仲航,CD第2册\32\关仲航-渔樵问答.wav,12736894,15378814,288.818,348.726,0.0064,-28.7301,0.0,0.0,0.8527,-22.8992
989d4b5e19cce4b0_007.flac,test,渔樵问答,关仲航,CD第2册\32\关仲航-渔樵问答.wav,15284273,17926193,346.582,406.49,0.0111,-30.0993,0.0017,0.1002,0.8384,-22.6984
989d4b5e19cce4b0_008.flac,test,渔樵问答,关仲航,CD第2册\32\关仲航-渔樵问答.wav,17831652,20473572,404.346,464.253,0.008,-32.9414,0.0019,0.0668,0.8487,-24.516
547c522b1ff8af94_001.flac,train,墨子悲丝,刘少椿,CD第2册\33\刘少椿-墨子悲丝.wav,0,2641920,0.0,59.907,0.0263,-51.1036,0.0,0.0,0.938,-25.8294
547c522b1ff8af94_002.flac,train,墨子悲丝,刘少椿,CD第2册\33\刘少椿-墨子悲丝.wav,2594905,5236825,58.841,118.749,0.0115,-44.4896,0.0,0.0,1.2112,-24.5617
547c522b1ff8af94_003.flac,train,墨子悲丝,刘少椿,CD第2册\33\刘少椿-墨子悲丝.wav,5189811,7831731,117.683,177.59,0.0106,-46.8747,0.0,0.0,1.1456,-24.3202
547c522b1ff8af94_004.flac,train,墨子悲丝,刘少椿,CD第2册\33\刘少椿-墨子悲丝.wav,7784716,10426636,176.524,236.432,0.0086,-47.4871,0.0,0.0,1.2118,-21.129
547c522b1ff8af94_005.flac,train,墨子悲丝,刘少椿,CD第2册\33\刘少椿-墨子悲丝.wav,10379621,13021541,235.366,295.273,0.0065,-49.7326,0.0,0.0,1.2228,-19.6921
547c522b1ff8af94_006.flac,train,墨子悲丝,刘少椿,CD第2册\33\刘少椿-墨子悲丝.wav,12974527,15616447,294.207,354.114,0.0065,-48.5997,0.0,0.0,1.2814,-19.0487
547c522b1ff8af94_007.flac,train,墨子悲丝,刘少椿,CD第2册\33\刘少椿-墨子悲丝.wav,15569432,18211352,353.048,412.956,0.0033,-46.5192,0.0,0.0,1.2462,-20.3921
547c522b1ff8af94_008.flac,train,墨子悲丝,刘少椿,CD第2册\33\刘少椿-墨子悲丝.wav,18164337,20806257,411.89,471.797,0.0026,-45.5963,0.0,0.0,1.2829,-21.3779
547c522b1ff8af94_009.flac,train,墨子悲丝,刘少椿,CD第2册\33\刘少椿-墨子悲丝.wav,20759243,23401163,470.731,530.639,0.0054,-49.9423,0.0,0.0,1.2687,-21.2645
547c522b1ff8af94_010.flac,train,墨子悲丝,刘少椿,CD第2册\33\刘少椿-墨子悲丝.wav,23354148,25996068,529.573,589.48,0.0062,-49.6323,0.0,0.0,1.2258,-22.8929
7777b37335a752b1_001.flac,test,山居吟,刘少椿,CD第2册\33\刘少椿-山居吟.wav,0,2641920,0.0,59.907,0.0135,-47.0293,0.0,0.0,0.8393,-21.007
7777b37335a752b1_002.flac,test,山居吟,刘少椿,CD第2册\33\刘少椿-山居吟.wav,2270060,4911980,51.475,111.383,0.0133,-47.0224,0.0,0.0,0.8629,-21.1052
7777b37335a752b1_003.flac,test,山居吟,刘少椿,CD第2册\33\刘少椿-山居吟.wav,4540120,7182040,102.951,162.858,0.0117,-47.7677,0.0,0.0,0.9002,-20.6987
7777b37335a752b1_004.flac,test,山居吟,刘少椿,CD第2册\33\刘少椿-山居吟.wav,6810180,9452100,154.426,214.333,0.0231,-51.931,0.0,0.0,0.8047,-20.8972
a40428091ee86034_001.flac,train,平沙落雁,刘少椿,CD第2册\33\刘少椿-平沙落雁.wav,0,2641920,0.0,59.907,0.1982,-34.4486,0.0457,2.1366,0.5224,-32.7055
a40428091ee86034_002.flac,train,平沙落雁,刘少椿,CD第2册\33\刘少椿-平沙落雁.wav,2531922,5173842,57.413,117.321,0.1781,-33.1581,0.0502,1.9697,0.5534,-30.3931
a40428091ee86034_003.flac,train,平沙落雁,刘少椿,CD第2册\33\刘少椿-平沙落雁.wav,5063844,7705764,114.826,174.734,0.167,-37.1637,0.0167,0.8179,0.618,-26.9684
a40428091ee86034_004.flac,train,平沙落雁,刘少椿,CD第2册\33\刘少椿-平沙落雁.wav,7595766,10237686,172.24,232.147,0.1887,-40.2045,0.0072,0.3505,0.5834,-28.06
a40428091ee86034_005.flac,train,平沙落雁,刘少椿,CD第2册\33\刘少椿-平沙落雁.wav,10127688,12769608,229.653,289.56,0.1873,-40.9594,0.0165,0.7011,0.5962,-26.168
a40428091ee86034_006.flac,train,平沙落雁,刘少椿,CD第2册\33\刘少椿-平沙落雁.wav,12659610,15301530,287.066,346.973,0.2471,-47.2956,0.019,0.6343,0.4899,-24.141
a40428091ee86034_007.flac,train,平沙落雁,刘少椿,CD第2册\33\刘少椿-平沙落雁.wav,15191532,17833452,344.479,404.387,0.299,-45.3249,0.0042,0.2337,0.4455,-29.4182
2dd9702f89bbff60_001.flac,train,梅花三弄1,刘少椿,CD第2册\33\刘少椿-梅花三弄1.wav,0,2641920,0.0,59.907,0.0217,-45.1084,0.0,0.0,0.7236,-26.9745
2dd9702f89bbff60_002.flac,train,梅花三弄1,刘少椿,CD第2册\33\刘少椿-梅花三弄1.wav,2362253,5004173,53.566,113.473,0.0123,-40.9527,0.0,0.0,0.9477,-29.0838
2dd9702f89bbff60_003.flac,train,梅花三弄1,刘少椿,CD第2册\33\刘少椿-梅花三弄1.wav,4724507,7366427,107.132,167.039,0.0097,-41.5797,0.0,0.0,0.9456,-27.4317
2dd9702f89bbff60_004.flac,train,梅花三弄1,刘少椿,CD第2册\33\刘少椿-梅花三弄1.wav,7086760,9728680,160.698,220.605,0.0047,-39.4944,0.0,0.0,1.0408,-24.4749
2dd9702f89bbff60_005.flac,train,梅花三弄1,刘少椿,CD第2册\33\刘少椿-梅花三弄1.wav,9449013,12090933,214.263,274.171,0.0082,-40.8219,0.0,0.0,0.9483,-25.2578
2dd9702f89bbff60_006.flac,train,梅花三弄1,刘少椿,CD第2册\33\刘少椿-梅花三弄1.wav,11811267,14453187,267.829,327.737,0.0038,-38.7516,0.0,0.0,1.066,-22.8001
2dd9702f89bbff60_007.flac,train,梅花三弄1,刘少椿,CD第2册\33\刘少椿-梅花三弄1.wav,14173520,16815440,321.395,381.302,0.0034,-38.4655,0.0,0.0,1.06,-21.7982
2dd9702f89bbff60_008.flac,train,梅花三弄1,刘少椿,CD第2册\33\刘少椿-梅花三弄1.wav,16535773,19177693,374.961,434.868,0.0042,-38.2875,0.0,0.0,1.0624,-23.4724
2dd9702f89bbff60_009.flac,train,梅花三弄1,刘少椿,CD第2册\33\刘少椿-梅花三弄1.wav,18898027,21539947,428.527,488.434,0.0034,-38.1056,0.0,0.0,0.9108,-24.4002
2dd9702f89bbff60_010.flac,train,梅花三弄1,刘少椿,CD第2册\33\刘少椿-梅花三弄1.wav,21260280,23902200,482.093,542.0,0.0074,-40.3378,0.0,0.0,0.8072,-25.7123
f7c825bcade8aa96_001.flac,train,梅花三弄2,刘少椿,CD第2册\33\刘少椿-梅花三弄2.wav,0,2641920,0.0,59.907,0.0637,-50.3813,0.0,0.0,0.7997,-28.1963
f7c825bcade8aa96_002.flac,train,梅花三弄2,刘少椿,CD第2册\33\刘少椿-梅花三弄2.wav,2639695,5281615,59.857,119.765,0.0249,-45.1495,0.0,0.0,0.9983,-28.3196
f7c825bcade8aa96_003.flac,train,梅花三弄2,刘少椿,CD第2册\33\刘少椿-梅花三弄2.wav,5279390,7921310,119.714,179.622,0.0161,-45.342,0.0,0.0,1.0982,-23.1272
f7c825bcade8aa96_004.flac,train,梅花三弄2,刘少椿,CD第2册\33\刘少椿-梅花三弄2.wav,7919085,10561005,179.571,239.479,0.0113,-41.2373,0.0,0.0,1.0678,-22.3409
f7c825bcade8aa96_005.flac,train,梅花三弄2,刘少椿,CD第2册\33\刘少椿-梅花三弄2.wav,10558779,13200699,239.428,299.336,0.0075,-38.8022,0.0,0.0,1.1177,-19.5928
f7c825bcade8aa96_006.flac,train,梅花三弄2,刘少椿,CD第2册\33\刘少椿-梅花三弄2.wav,13198474,15840394,299.285,359.193,0.0057,-37.9867,0.0,0.0,1.1174,-19.7145
f7c825bcade8aa96_007.flac,train,梅花三弄2,刘少椿,CD第2册\33\刘少椿-梅花三弄2.wav,15838169,18480089,359.142,419.05,0.0058,-39.8489,0.0,0.0,1.0556,-20.5899
f7c825bcade8aa96_008.flac,train,梅花三弄2,刘少椿,CD第2册\33\刘少椿-梅花三弄2.wav,18477864,21119784,418.999,478.907,0.0139,-46.8413,0.0,0.0,0.9481,-22.5407
f0a3d20652cc6a19_001.flac,train,梧叶舞秋风,刘少椿,CD第2册\33\刘少椿-梧叶舞秋风.wav,0,2641920,0.0,59.907,0.0138,-40.1946,0.0,0.0,0.7867,-27.6883
f0a3d20652cc6a19_002.flac,train,梧叶舞秋风,刘少椿,CD第2册\33\刘少椿-梧叶舞秋风.wav,2323764,4965684,52.693,112.601,0.008,-40.8202,0.0,0.0,0.861,-23.866
f0a3d20652cc6a19_003.flac,train,梧叶舞秋风,刘少椿,CD第2册\33\刘少椿-梧叶舞秋风.wav,4647528,7289448,105.386,165.294,0.0083,-42.9497,0.0,0.0,0.9011,-23.5248
f0a3d20652cc6a19_004.flac,train,梧叶舞秋风,刘少椿,CD第2册\33\刘少椿-梧叶舞秋风.wav,6971292,9613212,158.079,217.987,0.0097,-43.2953,0.0,0.0,0.82,-24.2489
ba588a1b97dbeb92_001.flac,train,樵歌,刘少椿,CD第2册\33\刘少椿-樵歌.wav,0,2641920,0.0,59.907,0.1048,-47.0436,0.0,0.0,0.5932,-27.3316
ba588a1b97dbeb92_002.flac,train,樵歌,刘少椿,CD第2册\33\刘少椿-樵歌.wav,2460972,5102892,55.804,115.712,0.0284,-43.3156,0.0,0.0,0.8395,-26.5323
ba588a1b97dbeb92_003.flac,train,樵歌,刘少椿,CD第2册\33\刘少椿-樵歌.wav,4921944,7563864,111.609,171.516,0.0183,-44.6406,0.0,0.0,0.8545,-25.1372
ba588a1b97dbeb92_004.flac,train,樵歌,刘少椿,CD第2册\33\刘少椿-樵歌.wav,7382916,10024836,167.413,227.321,0.0195,-44.5874,0.0,0.0,0.9267,-23.1651
ba588a1b97dbeb92_005.flac,train,樵歌,刘少椿,CD第2册\33\刘少椿-樵歌.wav,9843888,12485808,223.217,283.125,0.0223,-45.0477,0.0,0.0,0.906,-22.6074
ba588a1b97dbeb92_006.flac,train,樵歌,刘少椿,CD第2册\33\刘少椿-樵歌.wav,12304860,14946780,279.022,338.929,0.0206,-37.5502,0.0,0.0,0.8564,-26.8327
ba588a1b97dbeb92_007.flac,train,樵歌,刘少椿,CD第2册\33\刘少椿-樵歌.wav,14765832,17407752,334.826,394.734,0.0172,-43.0743,0.0,0.0,0.9074,-24.963
ba588a1b97dbeb92_008.flac,train,樵歌,刘少椿,CD第2册\33\刘少椿-樵歌.wav,17226804,19868724,390.63,450.538,0.0302,-44.7924,0.0,0.0,0.865,-26.4764
ba588a1b97dbeb92_009.flac,train,樵歌,刘少椿,CD第2册\33\刘少椿-樵歌.wav,19687776,22329696,446.435,506.342,0.016,-44.0126,0.0,0.0,0.8813,-24.9671
ba588a1b97dbeb92_010.flac,train,樵歌,刘少椿,CD第2册\33\刘少椿-樵歌.wav,22148748,24790668,502.239,562.147,0.0179,-43.032,0.0,0.0,0.8544,-25.0423
bab4d84fa712abbe_001.flac,train,良宵引,刘少椿,CD第2册\33\刘少椿-良宵引.wav,0,2641920,0.0,59.907,0.0179,-46.1824,0.0,0.0,0.9143,-24.6033
bab4d84fa712abbe_002.flac,train,良宵引,刘少椿,CD第2册\33\刘少椿-良宵引.wav,2196162,4838082,49.8,109.707,0.012,-48.2626,0.0,0.0,0.9456,-22.9109
bab4d84fa712abbe_003.flac,train,良宵引,刘少椿,CD第2册\33\刘少椿-良宵引.wav,4392324,7034244,99.599,159.507,0.0191,-52.6989,0.0,0.0,0.8831,-22.5937
7b8d1f2d46d5f225_001.flac,train,酒狂,刘少椿,CD第2册\33\刘少椿-酒狂.wav,0,2641920,0.0,59.907,0.0151,-41.3469,0.0,0.0,1.0661,-19.798
7b8d1f2d46d5f225_002.flac,train,酒狂,刘少椿,CD第2册\33\刘少椿-酒狂.wav,2098554,4740474,47.586,107.494,0.0153,-38.3314,0.0002,0.0167,1.0902,-19.7034
7b8d1f2d46d5f225_003.flac,train,酒狂,刘少椿,CD第2册\33\刘少椿-酒狂.wav,4197108,6839028,95.173,155.08,0.0211,-41.9412,0.0,0.0,0.9317,-21.4738
3d3e3a8d819ce5b9_001.flac,train,龙翔操,刘少椿,CD第2册\33\刘少椿-龙翔操.wav,0,2641920,0.0,59.907,0.0315,-51.3412,0.0,0.0,0.7661,-25.8159
3d3e3a8d819ce5b9_002.flac,train,龙翔操,刘少椿,CD第2册\33\刘少椿-龙翔操.wav,2518750,5160670,57.115,117.022,0.0183,-52.4428,0.0,0.0,0.9406,-23.1688
3d3e3a8d819ce5b9_003.flac,train,龙翔操,刘少椿,CD第2册\33\刘少椿-龙翔操.wav,5037499,7679419,114.229,174.136,0.0105,-52.0393,0.0,0.0,0.9789,-19.9681
3d3e3a8d819ce5b9_004.flac,train,龙翔操,刘少椿,CD第2册\33\刘少椿-龙翔操.wav,7556249,10198169,171.344,231.251,0.0099,-50.7448,0.0,0.0,0.9925,-22.7308
3d3e3a8d819ce5b9_005.flac,train,龙翔操,刘少椿,CD第2册\33\刘少椿-龙翔操.wav,10074998,12716918,228.458,288.365,0.0168,-54.428,0.0,0.0,0.8899,-22.3309
3d3e3a8d819ce5b9_006.flac,train,龙翔操,刘少椿,CD第2册\33\刘少椿-龙翔操.wav,12593748,15235668,285.573,345.48,0.016,-52.9108,0.0,0.0,0.8779,-23.1104
6965aefb87b58e9b_001.flac,validation,关山月,刘景韶,CD第2册\35\刘景韶-关山月.wav,0,2641920,0.0,59.907,0.0051,-40.0462,0.0,0.0,0.7625,-21.232
6965aefb87b58e9b_002.flac,validation,关山月,刘景韶,CD第2册\35\刘景韶-关山月.wav,2578932,5220852,58.479,118.387,0.0043,-36.724,0.0,0.0,0.7532,-19.2303
c6db2e52261ef719_001.flac,train,平沙落雁1,刘景韶,CD第2册\35\刘景韶-平沙落雁1.wav,0,2641920,0.0,59.907,0.5303,-62.4427,0.0,0.0,0.5072,-20.8861
c6db2e52261ef719_002.flac,train,平沙落雁1,刘景韶,CD第2册\35\刘景韶-平沙落雁1.wav,2515339,5157259,57.037,116.945,0.239,-58.8306,0.0,0.0,0.7332,-18.0731
c6db2e52261ef719_003.flac,train,平沙落雁1,刘景韶,CD第2册\35\刘景韶-平沙落雁1.wav,5030678,7672598,114.074,173.982,0.0798,-56.52,0.0,0.0,0.8378,-17.433
c6db2e52261ef719_004.flac,train,平沙落雁1,刘景韶,CD第2册\35\刘景韶-平沙落雁1.wav,7546018,10187938,171.112,231.019,0.0362,-55.1739,0.0,0.0,0.9615,-17.9361
c6db2e52261ef719_005.flac,train,平沙落雁1,刘景韶,CD第2册\35\刘景韶-平沙落雁1.wav,10061357,12703277,228.149,288.056,0.0238,-56.0173,0.0,0.0,0.9225,-17.6957
c6db2e52261ef719_006.flac,train,平沙落雁1,刘景韶,CD第2册\35\刘景韶-平沙落雁1.wav,12576696,15218616,285.186,345.093,0.0349,-57.2872,0.0,0.0,0.8454,-17.3362
1bba84e14f3b1dff_001.flac,train,平沙落雁2,刘景韶,CD第2册\35\刘景韶-平沙落雁2.wav,0,2641920,0.0,59.907,0.0557,-43.0637,0.0008,0.0334,0.6435,-18.1569
1bba84e14f3b1dff_002.flac,train,平沙落雁2,刘景韶,CD第2册\35\刘景韶-平沙落雁2.wav,2321299,4963219,52.637,112.545,0.0479,-37.599,0.0008,0.0501,0.752,-17.6721
1bba84e14f3b1dff_003.flac,train,平沙落雁2,刘景韶,CD第2册\35\刘景韶-平沙落雁2.wav,4642598,7284518,105.274,165.182,0.0658,-36.6913,0.006,0.217,0.7958,-17.3191
1bba84e14f3b1dff_004.flac,train,平沙落雁2,刘景韶,CD第2册\35\刘景韶-平沙落雁2.wav,6963898,9605818,157.912,217.819,0.0626,-35.5577,0.0016,0.1168,0.8059,-16.8375
1bba84e14f3b1dff_005.flac,train,平沙落雁2,刘景韶,CD第2册\35\刘景韶-平沙落雁2.wav,9285197,11927117,210.549,270.456,0.048,-33.9958,0.0061,0.217,0.741,-16.2594
1bba84e14f3b1dff_006.flac,train,平沙落雁2,刘景韶,CD第2册\35\刘景韶-平沙落雁2.wav,11606496,14248416,263.186,323.093,0.0308,-32.3947,0.0016,0.0501,0.7641,-16.1113
97b9fbb8a82470e6_001.flac,validation,归去来辞,刘景韶,CD第2册\35\刘景韶-归去来辞.wav,0,2641920,0.0,59.907,0.0079,-35.9626,0.0,0.0,0.7118,-21.6937
97b9fbb8a82470e6_002.flac,validation,归去来辞,刘景韶,CD第2册\35\刘景韶-归去来辞.wav,1941172,4583092,44.018,103.925,0.0124,-36.3582,0.0,0.0,0.8071,-21.9182
97b9fbb8a82470e6_003.flac,validation,归去来辞,刘景韶,CD第2册\35\刘景韶-归去来辞.wav,3882344,6524264,88.035,147.942,0.0049,-31.3188,0.0,0.0,0.7518,-20.1092
97b9fbb8a82470e6_004.flac,validation,归去来辞,刘景韶,CD第2册\35\刘景韶-归去来辞.wav,5823516,8465436,132.053,191.96,0.0048,-33.5966,0.0,0.0,0.6621,-19.6769
26f7e4b3abf956dd_001.flac,validation,捣衣,刘景韶,CD第2册\35\刘景韶-捣衣.wav,0,2641920,0.0,59.907,0.0004,-35.4777,0.0,0.0,0.936,-17.54
26f7e4b3abf956dd_002.flac,validation,捣衣,刘景韶,CD第2册\35\刘景韶-捣衣.wav,2297506,4939426,52.098,112.005,0.0001,-32.7446,0.0,0.0,1.1166,-17.3514
26f7e4b3abf956dd_003.flac,validation,捣衣,刘景韶,CD第2册\35\刘景韶-捣衣.wav,4595012,7236932,104.195,164.103,0.0001,-32.6524,0.0,0.0,1.1176,-16.3179
26f7e4b3abf956dd_004.flac,validation,捣衣,刘景韶,CD第2册\35\刘景韶-捣衣.wav,6892518,9534438,156.293,216.2,0.0001,-31.2732,0.0,0.0,1.0543,-16.8664
26f7e4b3abf956dd_005.flac,validation,捣衣,刘景韶,CD第2册\35\刘景韶-捣衣.wav,9190024,11831944,208.391,268.298,0.0001,-32.3452,0.0,0.0,1.073,-16.244
26f7e4b3abf956dd_006.flac,validation,捣衣,刘景韶,CD第2册\35\刘景韶-捣衣.wav,11487530,14129450,260.488,320.396,0.0002,-32.717,0.0,0.0,1.0801,-15.9579
26f7e4b3abf956dd_007.flac,validation,捣衣,刘景韶,CD第2册\35\刘景韶-捣衣.wav,13785036,16426956,312.586,372.493,0.0001,-31.0193,0.0,0.0,1.0418,-16.2609
ea0ffddd999cb580_001.flac,train,搔首问天1,刘景韶,CD第2册\35\刘景韶-搔首问天1.wav,0,2641920,0.0,59.907,0.5205,-54.7878,0.0,0.0,0.508,-23.3594
ea0ffddd999cb580_002.flac,train,搔首问天1,刘景韶,CD第2册\35\刘景韶-搔首问天1.wav,2348270,4990190,53.249,113.156,0.2815,-51.3392,0.0,0.0,0.6587,-20.132
ea0ffddd999cb580_003.flac,train,搔首问天1,刘景韶,CD第2册\35\刘景韶-搔首问天1.wav,4696540,7338460,106.498,166.405,0.2041,-49.9203,0.0002,0.0167,0.733,-20.9804
ea0ffddd999cb580_004.flac,train,搔首问天1,刘景韶,CD第2册\35\刘景韶-搔首问天1.wav,7044810,9686730,159.746,219.654,0.0207,-47.8373,0.0,0.0,0.9379,-19.5392
ea0ffddd999cb580_005.flac,train,搔首问天1,刘景韶,CD第2册\35\刘景韶-搔首问天1.wav,9393080,12035000,212.995,272.902,0.0085,-45.0642,0.0,0.0,1.0128,-18.0416
ea0ffddd999cb580_006.flac,train,搔首问天1,刘景韶,CD第2册\35\刘景韶-搔首问天1.wav,11741350,14383270,266.244,326.151,0.0199,-48.5069,0.0,0.0,0.9351,-19.6756
ea0ffddd999cb580_007.flac,train,搔首问天1,刘景韶,CD第2册\35\刘景韶-搔首问天1.wav,14089620,16731540,319.493,379.4,0.0531,-51.295,0.0002,0.0167,0.8931,-22.2519
e702df9d9377d21f_001.flac,train,搔首问天2,刘景韶,CD第2册\35\刘景韶-搔首问天2.wav,0,2641920,0.0,59.907,0.0346,-46.6642,0.0002,0.0167,0.7025,-22.8701
e702df9d9377d21f_002.flac,train,搔首问天2,刘景韶,CD第2册\35\刘景韶-搔首问天2.wav,2429374,5071294,55.088,114.995,0.0271,-38.8885,0.0,0.0,0.7757,-23.4101
e702df9d9377d21f_003.flac,train,搔首问天2,刘景韶,CD第2册\35\刘景韶-搔首问天2.wav,4858747,7500667,110.176,170.083,0.022,-41.0701,0.0,0.0,0.8148,-21.4375
e702df9d9377d21f_004.flac,train,搔首问天2,刘景韶,CD第2册\35\刘景韶-搔首问天2.wav,7288121,9930041,165.264,225.171,0.0085,-37.6452,0.0,0.0,0.8473,-21.2704
e702df9d9377d21f_005.flac,train,搔首问天2,刘景韶,CD第2册\35\刘景韶-搔首问天2.wav,9717494,12359414,220.351,280.259,0.012,-38.272,0.0,0.0,0.7922,-21.0111
e702df9d9377d21f_006.flac,train,搔首问天2,刘景韶,CD第2册\35\刘景韶-搔首问天2.wav,12146868,14788788,275.439,335.347,0.0189,-40.5622,0.0,0.0,0.7556,-21.3133
ffd7124c0c0d74fb_001.flac,train,樵歌,刘景韶,CD第2册\35\刘景韶-樵歌.wav,0,2641920,0.0,59.907,0.5062,-59.1875,0.0,0.0,0.5403,-22.8149
ffd7124c0c0d74fb_002.flac,train,樵歌,刘景韶,CD第2册\35\刘景韶-樵歌.wav,2385218,5027138,54.087,113.994,0.0426,-55.4456,0.0,0.0,0.8328,-18.7604
ffd7124c0c0d74fb_003.flac,train,樵歌,刘景韶,CD第2册\35\刘景韶-樵歌.wav,4770435,7412355,108.173,168.081,0.0348,-55.6317,0.0,0.0,0.8332,-18.3057
ffd7124c0c0d74fb_004.flac,train,樵歌,刘景韶,CD第2册\35\刘景韶-樵歌.wav,7155652,9797572,162.26,222.167,0.0145,-54.2777,0.0,0.0,0.9668,-16.479
ffd7124c0c0d74fb_005.flac,train,樵歌,刘景韶,CD第2册\35\刘景韶-樵歌.wav,9540870,12182790,216.346,276.254,0.0105,-51.5676,0.0,0.0,1.0587,-16.7136
ffd7124c0c0d74fb_006.flac,train,樵歌,刘景韶,CD第2册\35\刘景韶-樵歌.wav,11926088,14568008,270.433,330.34,0.0075,-46.1679,0.0,0.0,1.1369,-16.3993
ffd7124c0c0d74fb_007.flac,train,樵歌,刘景韶,CD第2册\35\刘景韶-樵歌.wav,14311305,16953225,324.519,384.427,0.0147,-55.0238,0.0,0.0,1.0548,-18.016
ffd7124c0c0d74fb_008.flac,train,樵歌,刘景韶,CD第2册\35\刘景韶-樵歌.wav,16696522,19338442,378.606,438.513,0.0124,-53.4359,0.0,0.0,0.9633,-17.9097
ffd7124c0c0d74fb_009.flac,train,樵歌,刘景韶,CD第2册\35\刘景韶-樵歌.wav,19081740,21723660,432.693,492.6,0.011,-52.1617,0.0,0.0,0.9618,-16.1326
dd3143b9778b2f05_001.flac,train,玉楼春晓,刘景韶,CD第2册\35\刘景韶-玉楼春晓.wav,0,2641920,0.0,59.907,0.012,-44.9213,0.0,0.0,1.0045,-17.3454
dd3143b9778b2f05_002.flac,train,玉楼春晓,刘景韶,CD第2册\35\刘景韶-玉楼春晓.wav,498588,3140508,11.306,71.213,0.0126,-44.6412,0.0,0.0,1.0248,-17.1489
08baf099b8bf2688_001.flac,train,秋风词,刘景韶,CD第2册\35\刘景韶-秋风词.wav,0,2641920,0.0,59.907,0.0019,-34.4558,0.0,0.0,0.8834,-16.2833
08baf099b8bf2688_002.flac,train,秋风词,刘景韶,CD第2册\35\刘景韶-秋风词.wav,57588,2699508,1.306,61.213,0.0019,-34.427,0.0,0.0,0.8797,-16.3635
aa77649aa51c2d1b_001.flac,train,长门怨1,刘景韶,CD第2册\35\刘景韶-长门怨1.wav,0,2641920,0.0,59.907,0.2936,-58.0368,0.0002,0.0167,0.6141,-21.3809
aa77649aa51c2d1b_002.flac,train,长门怨1,刘景韶,CD第2册\35\刘景韶-长门怨1.wav,2435193,5077113,55.22,115.127,0.2278,-57.2074,0.0,0.0,0.6901,-21.3598
aa77649aa51c2d1b_003.flac,train,长门怨1,刘景韶,CD第2册\35\刘景韶-长门怨1.wav,4870386,7512306,110.44,170.347,0.0628,-52.1036,0.0,0.0,0.8129,-21.0709
aa77649aa51c2d1b_004.flac,train,长门怨1,刘景韶,CD第2册\35\刘景韶-长门怨1.wav,7305579,9947499,165.659,225.567,0.0516,-51.8481,0.0,0.0,0.7894,-17.8465
aa77649aa51c2d1b_005.flac,train,长门怨1,刘景韶,CD第2册\35\刘景韶-长门怨1.wav,9740772,12382692,220.879,280.787,0.0615,-49.0742,0.0,0.0,0.7458,-20.5634
9c5f574c20a51405_001.flac,train,长门怨2,刘景韶,CD第2册\35\刘景韶-长门怨2.wav,0,2641920,0.0,59.907,0.0796,-37.7475,0.0039,0.1335,0.719,-18.4425
9c5f574c20a51405_002.flac,train,长门怨2,刘景韶,CD第2册\35\刘景韶-长门怨2.wav,2387124,5029044,54.13,114.037,0.0891,-37.1782,0.0048,0.2671,0.7081,-18.1709
9c5f574c20a51405_003.flac,train,长门怨2,刘景韶,CD第2册\35\刘景韶-长门怨2.wav,4774248,7416168,108.26,168.167,0.1295,-35.6803,0.0103,0.4841,0.7247,-17.9499
9c5f574c20a51405_004.flac,train,长门怨2,刘景韶,CD第2册\35\刘景韶-长门怨2.wav,7161372,9803292,162.389,222.297,0.0453,-32.3169,0.0025,0.1335,0.7691,-16.6527
9c5f574c20a51405_005.flac,train,长门怨2,刘景韶,CD第2册\35\刘景韶-长门怨2.wav,9548496,12190416,216.519,276.427,0.0561,-36.0803,0.0094,0.3839,0.6357,-16.4104
519f7d6fd5f82c14_001.flac,validation,午夜焚修,卢家炳,CD第1册\CD03\卢家炳-午夜焚修.wav,0,2641920,0.0,59.907,0.0433,-32.9305,0.0,0.0,0.656,-23.7203
519f7d6fd5f82c14_002.flac,validation,午夜焚修,卢家炳,CD第1册\CD03\卢家炳-午夜焚修.wav,2365708,5007628,53.644,113.552,0.0218,-30.5307,0.0,0.0,0.7174,-19.8685
519f7d6fd5f82c14_003.flac,validation,午夜焚修,卢家炳,CD第1册\CD03\卢家炳-午夜焚修.wav,4731416,7373336,107.288,167.196,0.0296,-30.5046,0.0,0.0,0.7686,-23.093
519f7d6fd5f82c14_004.flac,validation,午夜焚修,卢家炳,CD第1册\CD03\卢家炳-午夜焚修.wav,7097124,9739044,160.933,220.84,0.0316,-33.4596,0.0,0.0,0.6455,-18.7919
7bc15749425c7f99_001.flac,test,孤鸿,卢家炳,CD第1册\CD03\卢家炳-孤鸿.wav,0,2641920,0.0,59.907,0.0531,-39.3483,0.0021,0.1168,0.6904,-18.0621
7bc15749425c7f99_002.flac,test,孤鸿,卢家炳,CD第1册\CD03\卢家炳-孤鸿.wav,2582487,5224407,58.56,118.467,0.0413,-36.4764,0.0023,0.1502,0.7374,-18.5921
7bc15749425c7f99_003.flac,test,孤鸿,卢家炳,CD第1册\CD03\卢家炳-孤鸿.wav,5164974,7806894,117.12,177.027,0.0487,-39.4219,0.0016,0.1002,0.773,-17.6737
7bc15749425c7f99_004.flac,test,孤鸿,卢家炳,CD第1册\CD03\卢家炳-孤鸿.wav,7747461,10389381,175.679,235.587,0.0526,-38.0984,0.0031,0.2003,0.7976,-16.7776
7bc15749425c7f99_005.flac,test,孤鸿,卢家炳,CD第1册\CD03\卢家炳-孤鸿.wav,10329948,12971868,234.239,294.147,0.0564,-37.4694,0.0012,0.0835,0.7282,-19.3383
485c5572bbe1a180_001.flac,train,平沙落雁1,卢家炳,CD第1册\CD03\卢家炳-平沙落雁1.wav,0,2641920,0.0,59.907,0.0159,-39.4876,0.0,0.0,0.8027,-17.0767
485c5572bbe1a180_002.flac,train,平沙落雁1,卢家炳,CD第1册\CD03\卢家炳-平沙落雁1.wav,2377422,5019342,53.91,113.817,0.0132,-35.7623,0.0,0.0,0.8849,-16.2916
485c5572bbe1a180_003.flac,train,平沙落雁1,卢家炳,CD第1册\CD03\卢家炳-平沙落雁1.wav,4754844,7396764,107.82,167.727,0.0142,-35.8625,0.0002,0.0167,0.9435,-16.2804
485c5572bbe1a180_004.flac,train,平沙落雁1,卢家炳,CD第1册\CD03\卢家炳-平沙落雁1.wav,7132266,9774186,161.729,221.637,0.0155,-35.266,0.001,0.0668,0.9094,-16.9655
485c5572bbe1a180_005.flac,train,平沙落雁1,卢家炳,CD第1册\CD03\卢家炳-平沙落雁1.wav,9509688,12151608,215.639,275.547,0.0169,-36.4889,0.0002,0.0167,0.9249,-17.0108
1ccc63e1b5d73b12_001.flac,train,平沙落雁2,卢家炳,CD第1册\CD03\卢家炳-平沙落雁2.wav,0,2641920,0.0,59.907,0.018,-34.8868,0.0004,0.0167,0.7426,-21.5725
1ccc63e1b5d73b12_002.flac,train,平沙落雁2,卢家炳,CD第1册\CD03\卢家炳-平沙落雁2.wav,2366691,5008611,53.666,113.574,0.0076,-31.9688,0.0,0.0,0.8382,-17.1036
1ccc63e1b5d73b12_003.flac,train,平沙落雁2,卢家炳,CD第1册\CD03\卢家炳-平沙落雁2.wav,4733382,7375302,107.333,167.24,0.0073,-31.5948,0.0,0.0,0.841,-16.6738
1ccc63e1b5d73b12_004.flac,train,平沙落雁2,卢家炳,CD第1册\CD03\卢家炳-平沙落雁2.wav,7100073,9741993,160.999,220.907,0.0097,-32.1811,0.0,0.0,0.8264,-19.6695
1ccc63e1b5d73b12_005.flac,train,平沙落雁2,卢家炳,CD第1册\CD03\卢家炳-平沙落雁2.wav,9466764,12108684,214.666,274.573,0.0077,-32.229,0.0,0.0,0.8487,-19.2147
7cb56cbdcc290f9c_001.flac,validation,归去来辞,卢家炳,CD第1册\CD03\卢家炳-归去来辞.wav,0,2641920,0.0,59.907,0.0243,-42.837,0.0,0.0,0.5685,-15.764
7cb56cbdcc290f9c_002.flac,validation,归去来辞,卢家炳,CD第1册\CD03\卢家炳-归去来辞.wav,2039910,4681830,46.256,106.164,0.0249,-38.6902,0.0,0.0,0.578,-19.4637
7cb56cbdcc290f9c_003.flac,validation,归去来辞,卢家炳,CD第1册\CD03\卢家炳-归去来辞.wav,4079820,6721740,92.513,152.42,0.0231,-39.8939,0.0,0.0,0.6031,-17.9403
7cb56cbdcc290f9c_004.flac,validation,归去来辞,卢家炳,CD第1册\CD03\卢家炳-归去来辞.wav,6119730,8761650,138.769,198.677,0.0218,-41.3272,0.0,0.0,0.6025,-15.9294
7cb56cbdcc290f9c_005.flac,validation,归去来辞,卢家炳,CD第1册\CD03\卢家炳-归去来辞.wav,8159640,10801560,185.026,244.933,0.026,-43.6581,0.0,0.0,0.5747,-15.3763
e396a1bab4f11a8c_001.flac,train,月下吟,卢家炳,CD第1册\CD03\卢家炳-月下吟.wav,0,2641920,0.0,59.907,0.0185,-40.4587,0.0002,0.0167,0.7152,-16.2037
e396a1bab4f11a8c_002.flac,train,月下吟,卢家炳,CD第1册\CD03\卢家炳-月下吟.wav,2080482,4722402,47.176,107.084,0.0157,-38.9383,0.0,0.0,0.7888,-15.3164
e396a1bab4f11a8c_003.flac,train,月下吟,卢家炳,CD第1册\CD03\卢家炳-月下吟.wav,4160964,6802884,94.353,154.26,0.0188,-38.9414,0.001,0.0668,0.8207,-15.5988
e396a1bab4f11a8c_004.flac,train,月下吟,卢家炳,CD第1册\CD03\卢家炳-月下吟.wav,6241446,8883366,141.529,201.437,0.0149,-37.6187,0.0,0.0,0.8537,-16.0429
e396a1bab4f11a8c_005.flac,train,月下吟,卢家炳,CD第1册\CD03\卢家炳-月下吟.wav,8321928,10963848,188.706,248.613,0.0238,-40.4528,0.0002,0.0167,0.8605,-17.135
06c93d39de5cd1c5_001.flac,train,碧云深,卢家炳,CD第1册\CD03\卢家炳-碧云深.wav,0,2641920,0.0,59.907,0.0346,-44.7611,0.0,0.0,0.8567,-20.1142
06c93d39de5cd1c5_002.flac,train,碧云深,卢家炳,CD第1册\CD03\卢家炳-碧云深.wav,2295396,4937316,52.05,111.957,0.0208,-44.8349,0.0,0.0,0.8683,-18.7144
06c93d39de5cd1c5_003.flac,train,碧云深,卢家炳,CD第1册\CD03\卢家炳-碧云深.wav,4590792,7232712,104.1,164.007,0.0314,-46.9576,0.0,0.0,0.831,-20.0073
06c93d39de5cd1c5_004.flac,train,碧云深,卢家炳,CD第1册\CD03\卢家炳-碧云深.wav,6886188,9528108,156.149,216.057,0.0209,-44.4483,0.0,0.0,0.8384,-19.7137
06c93d39de5cd1c5_005.flac,train,碧云深,卢家炳,CD第1册\CD03\卢家炳-碧云深.wav,9181584,11823504,208.199,268.107,0.0196,-45.8453,0.0,0.0,0.7438,-18.8495
8dd2ee7a43f8e226_001.flac,train,平沙落雁,卫仲乐,CD第3册\49\卫仲乐-平沙落雁.wav,0,2641920,0.0,59.907,0.034,-36.8691,0.0019,0.1335,0.7302,-16.8256
8dd2ee7a43f8e226_002.flac,train,平沙落雁,卫仲乐,CD第3册\49\卫仲乐-平沙落雁.wav,2531132,5173052,57.395,117.303,0.0068,-30.9925,0.0,0.0,0.8336,-15.2259
8dd2ee7a43f8e226_003.flac,train,平沙落雁,卫仲乐,CD第3册\49\卫仲乐-平沙落雁.wav,5062264,7704184,114.791,174.698,0.0067,-32.0965,0.0,0.0,0.8867,-15.1695
8dd2ee7a43f8e226_004.flac,train,平沙落雁,卫仲乐,CD第3册\49\卫仲乐-平沙落雁.wav,7593396,10235316,172.186,232.093,0.0076,-33.7585,0.0,0.0,0.7897,-15.2275
8b2048da1fba3132_001.flac,train,普庵咒,卫仲乐,CD第3册\49\卫仲乐-普庵咒.wav,0,2641920,0.0,59.907,0.0192,-34.8155,0.0,0.0,0.6919,-17.789
8b2048da1fba3132_002.flac,train,普庵咒,卫仲乐,CD第3册\49\卫仲乐-普庵咒.wav,2602716,5244636,59.019,118.926,0.01,-33.682,0.0,0.0,0.7782,-16.1961
8b2048da1fba3132_003.flac,train,普庵咒,卫仲乐,CD第3册\49\卫仲乐-普庵咒.wav,5205432,7847352,118.037,177.944,0.0037,-29.6517,0.0,0.0,0.7583,-14.1722
8b2048da1fba3132_004.flac,train,普庵咒,卫仲乐,CD第3册\49\卫仲乐-普庵咒.wav,7808148,10450068,177.056,236.963,0.0035,-30.2498,0.0,0.0,0.8039,-14.1866
8b2048da1fba3132_005.flac,train,普庵咒,卫仲乐,CD第3册\49\卫仲乐-普庵咒.wav,10410864,13052784,236.074,295.981,0.0036,-30.2098,0.0,0.0,0.7752,-14.653
8b2048da1fba3132_006.flac,train,普庵咒,卫仲乐,CD第3册\49\卫仲乐-普庵咒.wav,13013580,15655500,295.093,355.0,0.003,-30.1652,0.0,0.0,0.7349,-14.0876
e39ce0058dbc648f_001.flac,train,梅花三弄1,卫仲乐,CD第3册\49\卫仲乐-梅花三弄1.wav,0,2641920,0.0,59.907,0.0356,-36.3994,0.0002,0.0,0.5914,-17.1838
e39ce0058dbc648f_002.flac,train,梅花三弄1,卫仲乐,CD第3册\49\卫仲乐-梅花三弄1.wav,2277991,4919911,51.655,111.563,0.0383,-36.6575,0.0,0.0,0.8283,-15.2686
e39ce0058dbc648f_003.flac,train,梅花三弄1,卫仲乐,CD第3册\49\卫仲乐-梅花三弄1.wav,4555982,7197902,103.31,163.218,0.0305,-34.495,0.0,0.0,0.8659,-12.4982
e39ce0058dbc648f_004.flac,train,梅花三弄1,卫仲乐,CD第3册\49\卫仲乐-梅花三弄1.wav,6833973,9475893,154.965,214.873,0.0322,-33.141,0.0,0.0,0.9442,-12.4352
e39ce0058dbc648f_005.flac,train,梅花三弄1,卫仲乐,CD第3册\49\卫仲乐-梅花三弄1.wav,9111963,11753883,206.62,266.528,0.0158,-26.319,0.0,0.0,0.8952,-13.8873
e39ce0058dbc648f_006.flac,train,梅花三弄1,卫仲乐,CD第3册\49\卫仲乐-梅花三弄1.wav,11389954,14031874,258.276,318.183,0.0185,-26.3532,0.0,0.0,0.8396,-13.0759
e39ce0058dbc648f_007.flac,train,梅花三弄1,卫仲乐,CD第3册\49\卫仲乐-梅花三弄1.wav,13667945,16309865,309.931,369.838,0.0181,-26.0233,0.0,0.0,0.8621,-12.6649
e39ce0058dbc648f_008.flac,train,梅花三弄1,卫仲乐,CD第3册\49\卫仲乐-梅花三弄1.wav,15945936,18587856,361.586,421.493,0.028,-31.0972,0.0,0.0,0.7138,-14.3348
4bb6e0fb35cca8ed_001.flac,train,梅花三弄2,卫仲乐,CD第3册\49\卫仲乐-梅花三弄2.wav,0,2641920,0.0,59.907,0.024,-39.1464,0.0,0.0,0.6309,-16.0481
4bb6e0fb35cca8ed_002.flac,train,梅花三弄2,卫仲乐,CD第3册\49\卫仲乐-梅花三弄2.wav,2417599,5059519,54.821,114.728,0.0131,-37.2958,0.0,0.0,0.791,-14.6854
4bb6e0fb35cca8ed_003.flac,train,梅花三弄2,卫仲乐,CD第3册\49\卫仲乐-梅花三弄2.wav,4835198,7477118,109.642,169.549,0.0097,-36.8771,0.0,0.0,0.8874,-14.795
4bb6e0fb35cca8ed_004.flac,train,梅花三弄2,卫仲乐,CD第3册\49\卫仲乐-梅花三弄2.wav,7252797,9894717,164.463,224.37,0.0092,-35.016,0.0,0.0,0.8812,-14.6984
4bb6e0fb35cca8ed_005.flac,train,梅花三弄2,卫仲乐,CD第3册\49\卫仲乐-梅花三弄2.wav,9670395,12312315,219.283,279.191,0.0059,-29.6973,0.0,0.0,0.8423,-15.2937
4bb6e0fb35cca8ed_006.flac,train,梅花三弄2,卫仲乐,CD第3册\49\卫仲乐-梅花三弄2.wav,12087994,14729914,274.104,334.012,0.0065,-30.657,0.0,0.0,0.8262,-15.4154
4bb6e0fb35cca8ed_007.flac,train,梅花三弄2,卫仲乐,CD第3册\49\卫仲乐-梅花三弄2.wav,14505593,17147513,328.925,388.832,0.0048,-29.8656,0.0,0.0,0.7552,-14.9068
4bb6e0fb35cca8ed_008.flac,train,梅花三弄2,卫仲乐,CD第3册\49\卫仲乐-梅花三弄2.wav,16923192,19565112,383.746,443.653,0.0153,-36.8295,0.0,0.0,0.6767,-16.085
9839d0b7c3676137_001.flac,train,流水,卫仲乐,CD第3册\49\卫仲乐-流水.wav,0,2641920,0.0,59.907,0.1382,-50.6118,0.0002,0.0167,0.5253,-16.374
9839d0b7c3676137_002.flac,train,流水,卫仲乐,CD第3册\49\卫仲乐-流水.wav,2390628,5032548,54.209,114.117,0.1516,-53.4392,0.0,0.0,0.5599,-16.6332
9839d0b7c3676137_003.flac,train,流水,卫仲乐,CD第3册\49\卫仲乐-流水.wav,4781256,7423176,108.419,168.326,0.0834,-51.2575,0.0,0.0,0.6269,-16.2052
9839d0b7c3676137_004.flac,train,流水,卫仲乐,CD第3册\49\卫仲乐-流水.wav,7171884,9813804,162.628,222.535,0.0327,-48.5626,0.0,0.0,0.6219,-13.803
9839d0b7c3676137_005.flac,train,流水,卫仲乐,CD第3册\49\卫仲乐-流水.wav,9562512,12204432,216.837,276.744,0.0568,-50.0741,0.0,0.0,0.5314,-14.771
9839d0b7c3676137_006.flac,train,流水,卫仲乐,CD第3册\49\卫仲乐-流水.wav,11953140,14595060,271.046,330.954,0.0189,-48.0418,0.0,0.0,0.6823,-12.3802
9839d0b7c3676137_007.flac,train,流水,卫仲乐,CD第3册\49\卫仲乐-流水.wav,14343768,16985688,325.256,385.163,0.0127,-45.714,0.0,0.0,0.6346,-11.6311
9839d0b7c3676137_008.flac,train,流水,卫仲乐,CD第3册\49\卫仲乐-流水.wav,16734396,19376316,379.465,439.372,0.0284,-48.2519,0.0,0.0,0.6476,-14.023
9839d0b7c3676137_009.flac,train,流水,卫仲乐,CD第3册\49\卫仲乐-流水.wav,19125024,21766944,433.674,493.581,0.0279,-47.7119,0.0,0.0,0.6081,-13.5808
9839d0b7c3676137_010.flac,train,流水,卫仲乐,CD第3册\49\卫仲乐-流水.wav,21515652,24157572,487.883,547.791,0.0491,-51.053,0.0,0.0,0.6097,-14.1043
9839d0b7c3676137_011.flac,train,流水,卫仲乐,CD第3册\49\卫仲乐-流水.wav,23906280,26548200,542.093,602.0,0.0471,-49.4387,0.0,0.0,0.5556,-14.5152
4522be4045210103_001.flac,train,流水-残,卫仲乐,CD第3册\49\卫仲乐-流水-残.wav,0,2641920,0.0,59.907,0.0069,-49.2057,0.0,0.0,0.8942,-21.87
4522be4045210103_002.flac,train,流水-残,卫仲乐,CD第3册\49\卫仲乐-流水-残.wav,2488056,5129976,56.419,116.326,0.0031,-47.5991,0.0,0.0,1.0045,-20.6435
4522be4045210103_003.flac,train,流水-残,卫仲乐,CD第3册\49\卫仲乐-流水-残.wav,4976112,7618032,112.837,172.744,0.0014,-44.1693,0.0,0.0,1.0272,-19.2877
4522be4045210103_004.flac,train,流水-残,卫仲乐,CD第3册\49\卫仲乐-流水-残.wav,7464168,10106088,169.256,229.163,0.0013,-44.2033,0.0,0.0,0.8843,-20.0347
4522be4045210103_005.flac,train,流水-残,卫仲乐,CD第3册\49\卫仲乐-流水-残.wav,9952224,12594144,225.674,285.581,0.0004,-39.2554,0.0,0.0,1.0552,-18.1619
4522be4045210103_006.flac,train,流水-残,卫仲乐,CD第3册\49\卫仲乐-流水-残.wav,12440280,15082200,282.093,342.0,0.0005,-40.0727,0.0,0.0,1.0362,-19.5602
77fb8d5bb7dc9270_001.flac,train,醉渔唱晚1,卫仲乐,CD第3册\49\卫仲乐-醉渔唱晚1.wav,0,2641920,0.0,59.907,0.0039,-48.6535,0.0,0.0,0.8365,-14.8776
77fb8d5bb7dc9270_002.flac,train,醉渔唱晚1,卫仲乐,CD第3册\49\卫仲乐-醉渔唱晚1.wav,2630694,5272614,59.653,119.56,0.0042,-53.8144,0.0,0.0,0.8554,-13.4052
77fb8d5bb7dc9270_003.flac,train,醉渔唱晚1,卫仲乐,CD第3册\49\卫仲乐-醉渔唱晚1.wav,5261388,7903308,119.306,179.213,0.0056,-55.1334,0.0,0.0,0.8214,-13.8274
4c35dab0d186bac3_001.flac,train,醉渔唱晚2,卫仲乐,CD第3册\49\卫仲乐-醉渔唱晚2.wav,0,2641920,0.0,59.907,0.136,-20.4406,0.2007,3.9895,0.5871,-24.9249
4c35dab0d186bac3_002.flac,train,醉渔唱晚2,卫仲乐,CD第3册\49\卫仲乐-醉渔唱晚2.wav,2027412,4669332,45.973,105.881,0.0768,-26.0708,0.0878,2.0031,0.6368,-21.4263
4c35dab0d186bac3_003.flac,train,醉渔唱晚2,卫仲乐,CD第3册\49\卫仲乐-醉渔唱晚2.wav,4054824,6696744,91.946,151.854,0.1098,-30.7296,0.045,1.2185,0.5851,-19.5785
4c35dab0d186bac3_004.flac,train,醉渔唱晚2,卫仲乐,CD第3册\49\卫仲乐-醉渔唱晚2.wav,6082236,8724156,137.919,197.827,0.119,-29.7948,0.0341,1.5357,0.4758,-21.0846
38925c95f8b931f9_001.flac,train,醉渔唱晚3,卫仲乐,CD第3册\49\卫仲乐-醉渔唱晚3.wav,0,2641920,0.0,59.907,0.0414,-42.5384,0.0006,0.0501,0.8307,-16.5717
38925c95f8b931f9_002.flac,train,醉渔唱晚3,卫仲乐,CD第3册\49\卫仲乐-醉渔唱晚3.wav,2154812,4796732,48.862,108.769,0.0063,-37.5003,0.0,0.0,0.922,-14.741
38925c95f8b931f9_003.flac,train,醉渔唱晚3,卫仲乐,CD第3册\49\卫仲乐-醉渔唱晚3.wav,4309624,6951544,97.724,157.631,0.0056,-37.7191,0.0,0.0,0.9446,-14.2386
38925c95f8b931f9_004.flac,train,醉渔唱晚3,卫仲乐,CD第3册\49\卫仲乐-醉渔唱晚3.wav,6464436,9106356,146.586,206.493,0.0099,-38.7005,0.0,0.0,0.9245,-14.9368
66f0d4153cfa2381_001.flac,train,长门怨,卫仲乐,CD第3册\49\卫仲乐-长门怨.wav,0,2641920,0.0,59.907,0.023,-38.4684,0.0006,0.0501,0.7453,-16.2166
66f0d4153cfa2381_002.flac,train,长门怨,卫仲乐,CD第3册\49\卫仲乐-长门怨.wav,2410938,5052858,54.67,114.577,0.0098,-34.7497,0.0,0.0,0.8173,-14.8791
66f0d4153cfa2381_003.flac,train,长门怨,卫仲乐,CD第3册\49\卫仲乐-长门怨.wav,4821876,7463796,109.34,169.247,0.0074,-32.3328,0.0,0.0,0.8588,-14.9973
66f0d4153cfa2381_004.flac,train,长门怨,卫仲乐,CD第3册\49\卫仲乐-长门怨.wav,7232814,9874734,164.009,223.917,0.0061,-32.3758,0.0,0.0,0.8358,-14.6981
66f0d4153cfa2381_005.flac,train,长门怨,卫仲乐,CD第3册\49\卫仲乐-长门怨.wav,9643752,12285672,218.679,278.587,0.01,-36.5905,0.0,0.0,0.7595,-14.249
c826013326128114_001.flac,train,平沙落雁1,吴兆基,CD第3册\51\吴兆基-平沙落雁1.wav,0,2641920,0.0,59.907,0.1938,-47.5246,0.0,0.0,0.4432,-21.6049
c826013326128114_002.flac,train,平沙落雁1,吴兆基,CD第3册\51\吴兆基-平沙落雁1.wav,2412408,5054328,54.703,114.611,0.1302,-44.4106,0.0,0.0,0.5009,-20.5691
c826013326128114_003.flac,train,平沙落雁1,吴兆基,CD第3册\51\吴兆基-平沙落雁1.wav,4824816,7466736,109.406,169.314,0.1008,-47.0397,0.0,0.0,0.5637,-17.4104
c826013326128114_004.flac,train,平沙落雁1,吴兆基,CD第3册\51\吴兆基-平沙落雁1.wav,7237224,9879144,164.109,224.017,0.1275,-48.972,0.0064,0.0501,0.6137,-18.5375
c826013326128114_005.flac,train,平沙落雁1,吴兆基,CD第3册\51\吴兆基-平沙落雁1.wav,9649632,12291552,218.813,278.72,0.0888,-48.9913,0.0065,0.0668,0.5855,-16.4101
b8f417f05507dac5_001.flac,train,平沙落雁2,吴兆基,CD第3册\51\吴兆基-平沙落雁2.wav,0,2641920,0.0,59.907,0.3048,-55.7022,0.0,0.0,0.4076,-13.9766
b8f417f05507dac5_002.flac,train,平沙落雁2,吴兆基,CD第3册\51\吴兆基-平沙落雁2.wav,2161246,4803166,49.008,108.915,0.254,-51.0142,0.0,0.0,0.4669,-15.9802
b8f417f05507dac5_003.flac,train,平沙落雁2,吴兆基,CD第3册\51\吴兆基-平沙落雁2.wav,4322491,6964411,98.016,157.923,0.1676,-52.2869,0.0,0.0,0.5671,-15.0129
b8f417f05507dac5_004.flac,train,平沙落雁2,吴兆基,CD第3册\51\吴兆基-平沙落雁2.wav,6483737,9125657,147.024,206.931,0.268,-55.9824,0.0,0.0,0.486,-14.8042
b8f417f05507dac5_005.flac,train,平沙落雁2,吴兆基,CD第3册\51\吴兆基-平沙落雁2.wav,8644982,11286902,196.031,255.939,0.2545,-57.6567,0.0,0.0,0.4825,-14.1989
b8f417f05507dac5_006.flac,train,平沙落雁2,吴兆基,CD第3册\51\吴兆基-平沙落雁2.wav,10806228,13448148,245.039,304.947,0.2331,-58.9961,0.0,0.0,0.5318,-13.2964
d0b2550a9aea9662_001.flac,train,石上流泉1,吴兆基,CD第3册\51\吴兆基-石上流泉1.wav,0,2641920,0.0,59.907,0.321,-61.0901,0.0,0.0,0.3558,-22.5129
d0b2550a9aea9662_002.flac,train,石上流泉1,吴兆基,CD第3册\51\吴兆基-石上流泉1.wav,2062695,4704615,46.773,106.681,0.2192,-61.9161,0.0,0.0,0.4267,-21.7852
d0b2550a9aea9662_003.flac,train,石上流泉1,吴兆基,CD第3册\51\吴兆基-石上流泉1.wav,4125390,6767310,93.546,153.454,0.1673,-61.3021,0.0,0.0,0.4914,-21.4814
d0b2550a9aea9662_004.flac,train,石上流泉1,吴兆基,CD第3册\51\吴兆基-石上流泉1.wav,6188085,8830005,140.319,200.227,0.1249,-63.0206,0.0,0.0,0.5313,-18.3753
d0b2550a9aea9662_005.flac,train,石上流泉1,吴兆基,CD第3册\51\吴兆基-石上流泉1.wav,8250780,10892700,187.093,247.0,0.2638,-65.3394,0.0,0.0,0.4381,-19.7527
4d2227b18e0bc8ea_001.flac,train,石上流泉2,吴兆基,CD第3册\51\吴兆基-石上流泉2.wav,0,2641920,0.0,59.907,0.4403,-60.3688,0.0,0.0,0.2568,-16.1789
4d2227b18e0bc8ea_002.flac,train,石上流泉2,吴兆基,CD第3册\51\吴兆基-石上流泉2.wav,2426664,5068584,55.026,114.934,0.4199,-62.2368,0.0,0.0,0.3407,-15.7626
4d2227b18e0bc8ea_003.flac,train,石上流泉2,吴兆基,CD第3册\51\吴兆基-石上流泉2.wav,4853328,7495248,110.053,169.96,0.3739,-63.5494,0.0,0.0,0.4267,-14.3037
4d2227b18e0bc8ea_004.flac,train,石上流泉2,吴兆基,CD第3册\51\吴兆基-石上流泉2.wav,7279992,9921912,165.079,224.987,0.4011,-63.7337,0.0,0.0,0.3965,-14.5331
f06151965d98c2e8_001.flac,train,秋塞吟1,吴兆基,CD第3册\51\吴兆基-秋塞吟1.wav,0,2641920,0.0,59.907,0.496,-60.9527,0.0,0.0,0.2122,-28.3483
f06151965d98c2e8_002.flac,train,秋塞吟1,吴兆基,CD第3册\51\吴兆基-秋塞吟1.wav,2541071,5182991,57.621,117.528,0.4657,-59.0855,0.0,0.0,0.2674,-26.9887
f06151965d98c2e8_003.flac,train,秋塞吟1,吴兆基,CD第3册\51\吴兆基-秋塞吟1.wav,5082141,7724061,115.241,175.149,0.4273,-62.6793,0.0,0.0,0.3556,-23.7905
f06151965d98c2e8_004.flac,train,秋塞吟1,吴兆基,CD第3册\51\吴兆基-秋塞吟1.wav,7623212,10265132,172.862,232.769,0.413,-64.1247,0.0,0.0,0.3783,-23.8085
f06151965d98c2e8_005.flac,train,秋塞吟1,吴兆基,CD第3册\51\吴兆基-秋塞吟1.wav,10164283,12806203,230.483,290.39,0.3528,-65.6082,0.0,0.0,0.4642,-22.2969
f06151965d98c2e8_006.flac,train,秋塞吟1,吴兆基,CD第3册\51\吴兆基-秋塞吟1.wav,12705353,15347273,288.103,348.011,0.3783,-65.9444,0.0,0.0,0.4367,-21.1349
f06151965d98c2e8_007.flac,train,秋塞吟1,吴兆基,CD第3册\51\吴兆基-秋塞吟1.wav,15246424,17888344,345.724,405.631,0.3063,-63.9359,0.0,0.0,0.4589,-21.8094
f06151965d98c2e8_008.flac,train,秋塞吟1,吴兆基,CD第3册\51\吴兆基-秋塞吟1.wav,17787495,20429415,403.345,463.252,0.4601,-62.5912,0.0,0.0,0.3488,-25.3757
f06151965d98c2e8_009.flac,train,秋塞吟1,吴兆基,CD第3册\51\吴兆基-秋塞吟1.wav,20328565,22970485,460.965,520.873,0.4787,-66.1786,0.0,0.0,0.2763,-25.9044
f06151965d98c2e8_010.flac,train,秋塞吟1,吴兆基,CD第3册\51\吴兆基-秋塞吟1.wav,22869636,25511556,518.586,578.493,0.505,-64.3948,0.0,0.0,0.2165,-27.8744
cecf5a1861115234_001.flac,train,秋塞吟2,吴兆基,CD第3册\51\吴兆基-秋塞吟2.wav,0,2641920,0.0,59.907,0.5014,-45.0268,0.0021,0.1669,0.3026,-23.529
cecf5a1861115234_002.flac,train,秋塞吟2,吴兆基,CD第3册\51\吴兆基-秋塞吟2.wav,2446533,5088453,55.477,115.384,0.4475,-42.0646,0.0016,0.1002,0.3613,-22.3833
cecf5a1861115234_003.flac,train,秋塞吟2,吴兆基,CD第3册\51\吴兆基-秋塞吟2.wav,4893067,7534987,110.954,170.861,0.3268,-46.2453,0.0004,0.0334,0.4603,-20.3672
cecf5a1861115234_004.flac,train,秋塞吟2,吴兆基,CD第3册\51\吴兆基-秋塞吟2.wav,7339600,9981520,166.431,226.338,0.2773,-47.113,0.0002,0.0167,0.5107,-18.5691
cecf5a1861115234_005.flac,train,秋塞吟2,吴兆基,CD第3册\51\吴兆基-秋塞吟2.wav,9786133,12428053,221.908,281.815,0.1807,-46.6556,0.0,0.0,0.5692,-17.5969
cecf5a1861115234_006.flac,train,秋塞吟2,吴兆基,CD第3册\51\吴兆基-秋塞吟2.wav,12232667,14874587,277.385,337.292,0.1183,-47.0535,0.0,0.0,0.6219,-15.9485
cecf5a1861115234_007.flac,train,秋塞吟2,吴兆基,CD第3册\51\吴兆基-秋塞吟2.wav,14679200,17321120,332.862,392.769,0.1279,-47.4849,0.0,0.0,0.5694,-16.1516
cecf5a1861115234_008.flac,train,秋塞吟2,吴兆基,CD第3册\51\吴兆基-秋塞吟2.wav,17125733,19767653,388.339,448.246,0.1221,-46.2728,0.0008,0.0668,0.5714,-17.8562
cecf5a1861115234_009.flac,train,秋塞吟2,吴兆基,CD第3册\51\吴兆基-秋塞吟2.wav,19572267,22214187,443.816,503.723,0.2398,-48.754,0.0002,0.0167,0.5219,-19.2989
cecf5a1861115234_010.flac,train,秋塞吟2,吴兆基,CD第3册\51\吴兆基-秋塞吟2.wav,22018800,24660720,499.293,559.2,0.3833,-47.4965,0.0,0.0,0.421,-21.1432
605a549b3eaaf377_001.flac,train,秋塞吟3,吴兆基,CD第3册\51\吴兆基-秋塞吟3.wav,0,2641920,0.0,59.907,0.45,-50.4364,0.0,0.0,0.2586,-22.3233
605a549b3eaaf377_002.flac,train,秋塞吟3,吴兆基,CD第3册\51\吴兆基-秋塞吟3.wav,2596016,5237936,58.867,118.774,0.4376,-49.8428,0.0,0.0,0.3476,-19.9469
605a549b3eaaf377_003.flac,train,秋塞吟3,吴兆基,CD第3册\51\吴兆基-秋塞吟3.wav,5192031,7833951,117.733,177.641,0.4348,-53.3852,0.0,0.0,0.3497,-18.2986
605a549b3eaaf377_004.flac,train,秋塞吟3,吴兆基,CD第3册\51\吴兆基-秋塞吟3.wav,7788046,10429966,176.6,236.507,0.4209,-56.3056,0.0,0.0,0.365,-16.9076
605a549b3eaaf377_005.flac,train,秋塞吟3,吴兆基,CD第3册\51\吴兆基-秋塞吟3.wav,10384062,13025982,235.466,295.374,0.4179,-55.3445,0.0,0.0,0.4,-16.627
605a549b3eaaf377_006.flac,train,秋塞吟3,吴兆基,CD第3册\51\吴兆基-秋塞吟3.wav,12980078,15621998,294.333,354.24,0.4098,-56.5675,0.0,0.0,0.4236,-15.7566
605a549b3eaaf377_007.flac,train,秋塞吟3,吴兆基,CD第3册\51\吴兆基-秋塞吟3.wav,15576093,18218013,353.199,413.107,0.433,-53.5294,0.0,0.0,0.3361,-17.6899
605a549b3eaaf377_008.flac,train,秋塞吟3,吴兆基,CD第3册\51\吴兆基-秋塞吟3.wav,18172108,20814028,412.066,471.973,0.4374,-55.2024,0.0,0.0,0.3124,-18.9485
605a549b3eaaf377_009.flac,train,秋塞吟3,吴兆基,CD第3册\51\吴兆基-秋塞吟3.wav,20768124,23410044,470.933,530.84,0.4492,-53.1801,0.0,0.0,0.2355,-21.1089
b0fe1f2cf984d7a4_001.flac,train,白雪,吴兆奇,CD第4册\64\吴兆奇-白雪.wav,0,2641920,0.0,59.907,0.1009,-49.601,0.0329,0.7178,0.753,-20.8211
b0fe1f2cf984d7a4_002.flac,train,白雪,吴兆奇,CD第4册\64\吴兆奇-白雪.wav,2633648,5275568,59.72,119.627,0.0883,-54.8456,0.0147,0.2838,0.7546,-21.7908
b0fe1f2cf984d7a4_003.flac,train,白雪,吴兆奇,CD第4册\64\吴兆奇-白雪.wav,5267295,7909215,119.44,179.347,0.0696,-45.4801,0.0151,0.5342,0.7652,-20.7489
b0fe1f2cf984d7a4_004.flac,train,白雪,吴兆奇,CD第4册\64\吴兆奇-白雪.wav,7900942,10542862,179.16,239.067,0.0616,-45.5407,0.0134,0.4006,0.8016,-21.1901
b0fe1f2cf984d7a4_005.flac,train,白雪,吴兆奇,CD第4册\64\吴兆奇-白雪.wav,10534590,13176510,238.88,298.787,0.067,-48.6227,0.0124,0.4006,0.8123,-20.6726
b0fe1f2cf984d7a4_006.flac,train,白雪,吴兆奇,CD第4册\64\吴兆奇-白雪.wav,13168238,15810158,298.6,358.507,0.0574,-49.7786,0.0087,0.2337,0.7897,-21.0218
b0fe1f2cf984d7a4_007.flac,train,白雪,吴兆奇,CD第4册\64\吴兆奇-白雪.wav,15801885,18443805,358.319,418.227,0.0953,-46.0913,0.0244,0.868,0.8122,-20.1874
b0fe1f2cf984d7a4_008.flac,train,白雪,吴兆奇,CD第4册\64\吴兆奇-白雪.wav,18435532,21077452,418.039,477.947,0.0918,-45.0806,0.0343,0.7679,0.8339,-21.0604
b0fe1f2cf984d7a4_009.flac,train,白雪,吴兆奇,CD第4册\64\吴兆奇-白雪.wav,21069180,23711100,477.759,537.667,0.096,-51.2963,0.0303,0.7011,0.7253,-21.7656
cedf889ac301e77b_001.flac,train,阳春,吴兆奇,CD第4册\64\吴兆奇-阳春.wav,0,2641920,0.0,59.907,0.0546,-51.189,0.0073,0.3505,0.8391,-14.6722
cedf889ac301e77b_002.flac,train,阳春,吴兆奇,CD第4册\64\吴兆奇-阳春.wav,2635804,5277724,59.769,119.676,0.1219,-45.1194,0.0219,0.9181,0.9265,-15.0761
cedf889ac301e77b_003.flac,train,阳春,吴兆奇,CD第4册\64\吴兆奇-阳春.wav,5271608,7913528,119.538,179.445,0.0965,-44.4121,0.03,1.1017,0.9869,-16.329
cedf889ac301e77b_004.flac,train,阳春,吴兆奇,CD第4册\64\吴兆奇-阳春.wav,7907412,10549332,179.306,239.214,0.116,-42.0417,0.0304,1.2519,0.9685,-16.0418
cedf889ac301e77b_005.flac,train,阳春,吴兆奇,CD第4册\64\吴兆奇-阳春.wav,10543216,13185136,239.075,298.983,0.13,-42.0379,0.0349,1.3354,0.9777,-17.0237
cedf889ac301e77b_006.flac,train,阳春,吴兆奇,CD第4册\64\吴兆奇-阳春.wav,13179020,15820940,298.844,358.751,0.0889,-41.9165,0.024,0.9014,0.9987,-15.5508
cedf889ac301e77b_007.flac,train,阳春,吴兆奇,CD第4册\64\吴兆奇-阳春.wav,15814824,18456744,358.613,418.52,0.1009,-46.034,0.0178,0.8346,0.9873,-15.509
cedf889ac301e77b_008.flac,train,阳春,吴兆奇,CD第4册\64\吴兆奇-阳春.wav,18450628,21092548,418.382,478.289,0.0996,-45.6593,0.0198,0.7679,0.9698,-14.2973
cedf889ac301e77b_009.flac,train,阳春,吴兆奇,CD第4册\64\吴兆奇-阳春.wav,21086432,23728352,478.15,538.058,0.0979,-44.274,0.0227,0.9682,0.9354,-15.3607
cedf889ac301e77b_010.flac,train,阳春,吴兆奇,CD第4册\64\吴兆奇-阳春.wav,23722236,26364156,537.919,597.827,0.0931,-47.137,0.0197,0.6844,0.9192,-15.7171
1313586d98d0e0a3_001.flac,train,普庵咒,吴景略,CD第3册\45\吴景略-普庵咒.wav,0,2641920,0.0,59.907,0.2054,-49.1491,0.0,0.0,0.5566,-20.8657
1313586d98d0e0a3_002.flac,train,普庵咒,吴景略,CD第3册\45\吴景略-普庵咒.wav,2304787,4946707,52.263,112.17,0.0453,-48.8061,0.0,0.0,0.697,-16.691
1313586d98d0e0a3_003.flac,train,普庵咒,吴景略,CD第3册\45\吴景略-普庵咒.wav,4609574,7251494,104.525,164.433,0.0113,-48.9524,0.0,0.0,0.7898,-14.4883
1313586d98d0e0a3_004.flac,train,普庵咒,吴景略,CD第3册\45\吴景略-普庵咒.wav,6914361,9556281,156.788,216.696,0.0045,-46.0659,0.0,0.0,0.8453,-14.0361
1313586d98d0e0a3_005.flac,train,普庵咒,吴景略,CD第3册\45\吴景略-普庵咒.wav,9219147,11861067,209.051,268.958,0.0038,-44.9064,0.0,0.0,0.8604,-13.545
1313586d98d0e0a3_006.flac,train,普庵咒,吴景略,CD第3册\45\吴景略-普庵咒.wav,11523934,14165854,261.314,321.221,0.0038,-44.3005,0.0,0.0,0.8528,-14.1032
1313586d98d0e0a3_007.flac,train,普庵咒,吴景略,CD第3册\45\吴景略-普庵咒.wav,13828721,16470641,313.576,373.484,0.0041,-47.081,0.0,0.0,0.8632,-13.9613
1313586d98d0e0a3_008.flac,train,普庵咒,吴景略,CD第3册\45\吴景略-普庵咒.wav,16133508,18775428,365.839,425.747,0.0066,-48.6081,0.0,0.0,0.789,-13.9962
3f3f1307f6b1793f_001.flac,train,平沙落雁,周吉荪,CD第2册\34\周吉荪-平沙落雁.wav,0,2641920,0.0,59.907,0.1823,-58.5805,0.0,0.0,1.0369,-21.5317
3f3f1307f6b1793f_002.flac,train,平沙落雁,周吉荪,CD第2册\34\周吉荪-平沙落雁.wav,2353906,4995826,53.377,113.284,0.0155,-46.525,0.0,0.0,1.6857,-19.9877
3f3f1307f6b1793f_003.flac,train,平沙落雁,周吉荪,CD第2册\34\周吉荪-平沙落雁.wav,4707813,7349733,106.753,166.661,0.0102,-47.2626,0.0,0.0,1.6368,-20.161
3f3f1307f6b1793f_004.flac,train,平沙落雁,周吉荪,CD第2册\34\周吉荪-平沙落雁.wav,7061720,9703640,160.13,220.037,0.0198,-50.7306,0.0,0.0,1.5998,-16.9093
3f3f1307f6b1793f_005.flac,train,平沙落雁,周吉荪,CD第2册\34\周吉荪-平沙落雁.wav,9415626,12057546,213.506,273.414,0.0147,-49.6036,0.0,0.0,1.5488,-18.4091
3f3f1307f6b1793f_006.flac,train,平沙落雁,周吉荪,CD第2册\34\周吉荪-平沙落雁.wav,11769532,14411452,266.883,326.79,0.0023,-40.9833,0.0,0.0,1.6727,-15.9487
3f3f1307f6b1793f_007.flac,train,平沙落雁,周吉荪,CD第2册\34\周吉荪-平沙落雁.wav,14123439,16765359,320.259,380.167,0.0066,-48.1327,0.0,0.0,1.623,-18.6078
3f3f1307f6b1793f_008.flac,train,平沙落雁,周吉荪,CD第2册\34\周吉荪-平沙落雁.wav,16477346,19119266,373.636,433.543,0.0044,-45.6495,0.0,0.0,1.5056,-18.8029
3f3f1307f6b1793f_009.flac,train,平沙落雁,周吉荪,CD第2册\34\周吉荪-平沙落雁.wav,18831252,21473172,427.013,486.92,0.0191,-50.4743,0.0,0.0,1.4186,-21.7622
c42cdc04b472c384_001.flac,train,潇湘水云,周吉荪,CD第2册\34\周吉荪-潇湘水云.wav,0,2641920,0.0,59.907,0.2034,-59.2917,0.0,0.0,1.1609,-25.3539
c42cdc04b472c384_002.flac,train,潇湘水云,周吉荪,CD第2册\34\周吉荪-潇湘水云.wav,2459975,5101895,55.782,115.689,0.1829,-55.6571,0.0,0.0,1.3397,-25.631
c42cdc04b472c384_003.flac,train,潇湘水云,周吉荪,CD第2册\34\周吉荪-潇湘水云.wav,4919950,7561870,111.563,171.471,0.1839,-59.4272,0.0,0.0,1.1535,-22.8177
c42cdc04b472c384_004.flac,train,潇湘水云,周吉荪,CD第2册\34\周吉荪-潇湘水云.wav,7379925,10021845,167.345,227.253,0.1886,-59.6636,0.0,0.0,1.2308,-22.9437
c42cdc04b472c384_005.flac,train,潇湘水云,周吉荪,CD第2册\34\周吉荪-潇湘水云.wav,9839900,12481820,223.127,283.034,0.1387,-56.5271,0.0,0.0,1.5841,-22.3594
c42cdc04b472c384_006.flac,train,潇湘水云,周吉荪,CD第2册\34\周吉荪-潇湘水云.wav,12299875,14941795,278.909,338.816,0.1429,-57.3296,0.0,0.0,1.647,-22.5275
c42cdc04b472c384_007.flac,train,潇湘水云,周吉荪,CD第2册\34\周吉荪-潇湘水云.wav,14759849,17401769,334.69,394.598,0.0192,-52.3498,0.0,0.0,1.5965,-18.5835
c42cdc04b472c384_008.flac,train,潇湘水云,周吉荪,CD第2册\34\周吉荪-潇湘水云.wav,17219824,19861744,390.472,450.38,0.0283,-53.7936,0.0,0.0,1.5987,-19.2937
c42cdc04b472c384_009.flac,train,潇湘水云,周吉荪,CD第2册\34\周吉荪-潇湘水云.wav,19679799,22321719,446.254,506.161,0.0397,-54.0119,0.0,0.0,1.5958,-22.9252
c42cdc04b472c384_010.flac,train,潇湘水云,周吉荪,CD第2册\34\周吉荪-潇湘水云.wav,22139774,24781694,502.036,561.943,0.1469,-58.6227,0.0,0.0,1.6023,-22.523
c42cdc04b472c384_011.flac,train,潇湘水云,周吉荪,CD第2册\34\周吉荪-潇湘水云.wav,24599749,27241669,557.817,617.725,0.184,-59.0163,0.0,0.0,1.3548,-23.2713
c42cdc04b472c384_012.flac,train,潇湘水云,周吉荪,CD第2册\34\周吉荪-潇湘水云.wav,27059724,29701644,613.599,673.507,0.1985,-59.8523,0.0,0.0,1.2391,-24.5353
f5015939d87c271d_001.flac,train,良宵引,周吉荪,CD第2册\34\周吉荪-良宵引.wav,0,2641920,0.0,59.907,0.0782,-51.262,0.0,0.0,1.2483,-17.379
f5015939d87c271d_002.flac,train,良宵引,周吉荪,CD第2册\34\周吉荪-良宵引.wav,1832190,4474110,41.546,101.454,0.0565,-52.9097,0.0,0.0,1.3589,-17.1707
f5015939d87c271d_003.flac,train,良宵引,周吉荪,CD第2册\34\周吉荪-良宵引.wav,3664380,6306300,83.093,143.0,0.034,-52.3228,0.0,0.0,1.3632,-18.385
ffe1f51f2596638d_001.flac,train,佩兰1,喻绍泽,CD第2册\37\喻绍泽-佩兰1.wav,0,2641920,0.0,59.907,0.0544,-45.526,0.0,0.0,0.6951,-18.7571
ffe1f51f2596638d_002.flac,train,佩兰1,喻绍泽,CD第2册\37\喻绍泽-佩兰1.wav,2332298,4974218,52.887,112.794,0.0492,-41.773,0.0002,0.0167,0.7419,-22.0397
ffe1f51f2596638d_003.flac,train,佩兰1,喻绍泽,CD第2册\37\喻绍泽-佩兰1.wav,4664595,7306515,105.773,165.681,0.0546,-41.1402,0.0002,0.0167,0.7198,-19.5325
ffe1f51f2596638d_004.flac,train,佩兰1,喻绍泽,CD第2册\37\喻绍泽-佩兰1.wav,6996892,9638812,158.66,218.567,0.0486,-40.5761,0.0002,0.0167,0.7659,-20.5073
ffe1f51f2596638d_005.flac,train,佩兰1,喻绍泽,CD第2册\37\喻绍泽-佩兰1.wav,9329190,11971110,211.546,271.454,0.0569,-40.3544,0.0002,0.0167,0.8133,-20.7841
ffe1f51f2596638d_006.flac,train,佩兰1,喻绍泽,CD第2册\37\喻绍泽-佩兰1.wav,11661488,14303408,264.433,324.34,0.0401,-43.1978,0.0,0.0,0.7859,-18.7104
ffe1f51f2596638d_007.flac,train,佩兰1,喻绍泽,CD第2册\37\喻绍泽-佩兰1.wav,13993785,16635705,317.319,377.227,0.0287,-42.5563,0.0,0.0,0.816,-18.9527
ffe1f51f2596638d_008.flac,train,佩兰1,喻绍泽,CD第2册\37\喻绍泽-佩兰1.wav,16326082,18968002,370.206,430.113,0.0278,-41.7418,0.0,0.0,0.7882,-21.7255
ffe1f51f2596638d_009.flac,train,佩兰1,喻绍泽,CD第2册\37\喻绍泽-佩兰1.wav,18658380,21300300,423.093,483.0,0.0328,-41.603,0.0,0.0,0.7268,-21.1658
36d0a9b48c08c5b9_001.flac,train,佩兰2,喻绍泽,CD第2册\37\喻绍泽-佩兰2.wav,0,2641920,0.0,59.907,0.1927,-35.4323,0.0287,0.9849,0.6119,-22.6767
36d0a9b48c08c5b9_002.flac,train,佩兰2,喻绍泽,CD第2册\37\喻绍泽-佩兰2.wav,2452102,5094022,55.603,115.511,0.1701,-34.9144,0.0141,0.5508,0.6592,-24.8121
36d0a9b48c08c5b9_003.flac,train,佩兰2,喻绍泽,CD第2册\37\喻绍泽-佩兰2.wav,4904205,7546125,111.206,171.114,0.1636,-34.5961,0.0378,1.2352,0.7036,-22.7366
36d0a9b48c08c5b9_004.flac,train,佩兰2,喻绍泽,CD第2册\37\喻绍泽-佩兰2.wav,7356308,9998228,166.81,226.717,0.1266,-34.2381,0.02,0.7512,0.7502,-20.8869
36d0a9b48c08c5b9_005.flac,train,佩兰2,喻绍泽,CD第2册\37\喻绍泽-佩兰2.wav,9808410,12450330,222.413,282.32,0.1757,-34.8115,0.0225,0.9348,0.7686,-22.5434
36d0a9b48c08c5b9_006.flac,train,佩兰2,喻绍泽,CD第2册\37\喻绍泽-佩兰2.wav,12260512,14902432,278.016,337.924,0.1783,-35.7191,0.0223,0.6844,0.7531,-23.7317
36d0a9b48c08c5b9_007.flac,train,佩兰2,喻绍泽,CD第2册\37\喻绍泽-佩兰2.wav,14712615,17354535,333.619,393.527,0.1264,-35.4111,0.0157,0.5008,0.7505,-23.5007
36d0a9b48c08c5b9_008.flac,train,佩兰2,喻绍泽,CD第2册\37\喻绍泽-佩兰2.wav,17164718,19806638,389.223,449.13,0.1637,-36.0547,0.0105,0.4841,0.7237,-26.5046
36d0a9b48c08c5b9_009.flac,train,佩兰2,喻绍泽,CD第2册\37\喻绍泽-佩兰2.wav,19616820,22258740,444.826,504.733,0.1629,-35.4566,0.0247,0.7011,0.6788,-24.9116
970adcb6bb619215_001.flac,train,平沙落雁,喻绍泽,CD第2册\37\喻绍泽-平沙落雁.wav,0,2641920,0.0,59.907,0.0595,-44.6242,0.0,0.0,0.4678,-16.087
970adcb6bb619215_002.flac,train,平沙落雁,喻绍泽,CD第2册\37\喻绍泽-平沙落雁.wav,2115970,4757890,47.981,107.889,0.0499,-41.0603,0.0,0.0,0.5116,-15.9627
970adcb6bb619215_003.flac,train,平沙落雁,喻绍泽,CD第2册\37\喻绍泽-平沙落雁.wav,4231939,6873859,95.962,155.87,0.0521,-40.8591,0.0,0.0,0.5742,-16.1626
970adcb6bb619215_004.flac,train,平沙落雁,喻绍泽,CD第2册\37\喻绍泽-平沙落雁.wav,6347909,8989829,143.944,203.851,0.0511,-41.2515,0.0,0.0,0.5782,-15.6687
970adcb6bb619215_005.flac,train,平沙落雁,喻绍泽,CD第2册\37\喻绍泽-平沙落雁.wav,8463878,11105798,191.925,251.832,0.054,-43.0702,0.0,0.0,0.5669,-15.524
970adcb6bb619215_006.flac,train,平沙落雁,喻绍泽,CD第2册\37\喻绍泽-平沙落雁.wav,10579848,13221768,239.906,299.813,0.0531,-44.236,0.0,0.0,0.5238,-16.4077
f5c790eda091e570_001.flac,train,普庵咒,喻绍泽,CD第2册\37\喻绍泽-普庵咒.wav,0,2641920,0.0,59.907,0.0502,-42.9488,0.0002,0.0167,0.5434,-14.7736
f5c790eda091e570_002.flac,train,普庵咒,喻绍泽,CD第2册\37\喻绍泽-普庵咒.wav,2276227,4918147,51.615,111.523,0.0312,-44.2804,0.0,0.0,0.5726,-12.2759
f5c790eda091e570_003.flac,train,普庵咒,喻绍泽,CD第2册\37\喻绍泽-普庵咒.wav,4552454,7194374,103.23,163.138,0.0207,-42.6506,0.0,0.0,0.6152,-11.8063
f5c790eda091e570_004.flac,train,普庵咒,喻绍泽,CD第2册\37\喻绍泽-普庵咒.wav,6828681,9470601,154.845,214.753,0.0211,-42.6455,0.0,0.0,0.6628,-11.826
f5c790eda091e570_005.flac,train,普庵咒,喻绍泽,CD第2册\37\喻绍泽-普庵咒.wav,9104907,11746827,206.46,266.368,0.0159,-41.1339,0.0,0.0,0.6797,-11.7643
f5c790eda091e570_006.flac,train,普庵咒,喻绍泽,CD第2册\37\喻绍泽-普庵咒.wav,11381134,14023054,258.076,317.983,0.023,-42.0645,0.0,0.0,0.6431,-12.041
f5c790eda091e570_007.flac,train,普庵咒,喻绍泽,CD第2册\37\喻绍泽-普庵咒.wav,13657361,16299281,309.691,369.598,0.0211,-41.4252,0.0,0.0,0.6472,-11.8272
f5c790eda091e570_008.flac,train,普庵咒,喻绍泽,CD第2册\37\喻绍泽-普庵咒.wav,15933588,18575508,361.306,421.213,0.0297,-44.5286,0.0,0.0,0.6073,-12.4745
fe895efd7d95e4f8_001.flac,train,梅花三弄,喻绍泽,CD第2册\37\喻绍泽-梅花三弄.wav,0,2641920,0.0,59.907,0.0727,-47.2176,0.0,0.0,0.5347,-14.6692
fe895efd7d95e4f8_002.flac,train,梅花三弄,喻绍泽,CD第2册\37\喻绍泽-梅花三弄.wav,2376984,5018904,53.9,113.807,0.0755,-46.897,0.0,0.0,0.5326,-15.0896
fe895efd7d95e4f8_003.flac,train,梅花三弄,喻绍泽,CD第2册\37\喻绍泽-梅花三弄.wav,4753968,7395888,107.8,167.707,0.0716,-46.3061,0.0,0.0,0.5956,-14.7788
fe895efd7d95e4f8_004.flac,train,梅花三弄,喻绍泽,CD第2册\37\喻绍泽-梅花三弄.wav,7130952,9772872,161.7,221.607,0.0668,-45.2212,0.0,0.0,0.5618,-14.8923
fe895efd7d95e4f8_005.flac,train,梅花三弄,喻绍泽,CD第2册\37\喻绍泽-梅花三弄.wav,9507936,12149856,215.599,275.507,0.0533,-42.2836,0.0,0.0,0.6045,-15.5901
fe895efd7d95e4f8_006.flac,train,梅花三弄,喻绍泽,CD第2册\37\喻绍泽-梅花三弄.wav,11884920,14526840,269.499,329.407,0.0458,-43.7414,0.0,0.0,0.5848,-14.7838
fe895efd7d95e4f8_007.flac,train,梅花三弄,喻绍泽,CD第2册\37\喻绍泽-梅花三弄.wav,14261904,16903824,323.399,383.307,0.0543,-43.7547,0.0,0.0,0.5619,-15.5134
6e3a42ce68dcea41_001.flac,train,秋鸿,喻绍泽,CD第2册\37\喻绍泽-秋鸿.wav,0,2641920,0.0,59.907,0.0056,-44.3106,0.0,0.0,0.9636,-24.296
6e3a42ce68dcea41_002.flac,train,秋鸿,喻绍泽,CD第2册\37\喻绍泽-秋鸿.wav,2579590,5221510,58.494,118.402,0.0059,-38.9411,0.0,0.0,0.9258,-24.2165
6e3a42ce68dcea41_003.flac,train,秋鸿,喻绍泽,CD第2册\37\喻绍泽-秋鸿.wav,5159181,7801101,116.988,176.896,0.0051,-40.7143,0.0,0.0,0.9988,-24.9773
6e3a42ce68dcea41_004.flac,train,秋鸿,喻绍泽,CD第2册\37\喻绍泽-秋鸿.wav,7738772,10380692,175.482,235.39,0.0048,-36.734,0.0,0.0,0.9788,-26.3023
6e3a42ce68dcea41_005.flac,train,秋鸿,喻绍泽,CD第2册\37\喻绍泽-秋鸿.wav,10318362,12960282,233.976,293.884,0.0042,-37.8585,0.0,0.0,0.9689,-24.8887
6e3a42ce68dcea41_006.flac,train,秋鸿,喻绍泽,CD第2册\37\喻绍泽-秋鸿.wav,12897952,15539872,292.471,352.378,0.0033,-35.5649,0.0,0.0,0.9403,-25.3239
6e3a42ce68dcea41_007.flac,train,秋鸿,喻绍泽,CD第2册\37\喻绍泽-秋鸿.wav,15477543,18119463,350.965,410.872,0.0032,-33.228,0.0,0.0,0.9404,-26.1735
6e3a42ce68dcea41_008.flac,train,秋鸿,喻绍泽,CD第2册\37\喻绍泽-秋鸿.wav,18057134,20699054,409.459,469.366,0.0043,-35.0003,0.0,0.0,0.9701,-25.9068
6e3a42ce68dcea41_009.flac,train,秋鸿,喻绍泽,CD第2册\37\喻绍泽-秋鸿.wav,20636724,23278644,467.953,527.86,0.0053,-38.6714,0.0,0.0,1.0151,-25.2115
6e3a42ce68dcea41_010.flac,train,秋鸿,喻绍泽,CD第2册\37\喻绍泽-秋鸿.wav,23216314,25858234,526.447,586.355,0.0062,-39.7186,0.0,0.0,0.9578,-25.2156
6e3a42ce68dcea41_011.flac,train,秋鸿,喻绍泽,CD第2册\37\喻绍泽-秋鸿.wav,25795905,28437825,584.941,644.849,0.0033,-36.8487,0.0,0.0,1.0379,-23.0133
6e3a42ce68dcea41_012.flac,train,秋鸿,喻绍泽,CD第2册\37\喻绍泽-秋鸿.wav,28375496,31017416,643.435,703.343,0.0047,-35.1547,0.0,0.0,0.993,-27.2661
6e3a42ce68dcea41_013.flac,train,秋鸿,喻绍泽,CD第2册\37\喻绍泽-秋鸿.wav,30955086,33597006,701.929,761.837,0.0045,-35.5309,0.0,0.0,0.9752,-26.4103
6e3a42ce68dcea41_014.flac,train,秋鸿,喻绍泽,CD第2册\37\喻绍泽-秋鸿.wav,33534676,36176596,760.423,820.331,0.0037,-35.7789,0.0,0.0,1.0697,-26.7593
6e3a42ce68dcea41_015.flac,train,秋鸿,喻绍泽,CD第2册\37\喻绍泽-秋鸿.wav,36114267,38756187,818.918,878.825,0.0044,-38.8845,0.0,0.0,1.009,-25.7094
6e3a42ce68dcea41_016.flac,train,秋鸿,喻绍泽,CD第2册\37\喻绍泽-秋鸿.wav,38693858,41335778,877.412,937.319,0.005,-35.3533,0.0,0.0,1.0262,-25.7205
6e3a42ce68dcea41_017.flac,train,秋鸿,喻绍泽,CD第2册\37\喻绍泽-秋鸿.wav,41273448,43915368,935.906,995.813,0.0063,-37.3722,0.0,0.0,0.9152,-24.662
6a0654fdf72d9ca3_001.flac,train,平沙落雁,夏一峰,CD第1册\CD02\夏一峰-平沙落雁.wav,0,2641920,0.0,59.907,0.0645,-37.449,0.0004,0.0167,0.4505,-20.5409
6a0654fdf72d9ca3_002.flac,train,平沙落雁,夏一峰,CD第1册\CD02\夏一峰-平沙落雁.wav,2492191,5134111,56.512,116.42,0.0318,-32.3441,0.0,0.0,0.5291,-11.5617
6a0654fdf72d9ca3_003.flac,train,平沙落雁,夏一峰,CD第1册\CD02\夏一峰-平沙落雁.wav,4984382,7626302,113.025,172.932,0.0299,-33.2258,0.0,0.0,0.552,-12.6714
6a0654fdf72d9ca3_004.flac,train,平沙落雁,夏一峰,CD第1册\CD02\夏一峰-平沙落雁.wav,7476573,10118493,169.537,229.444,0.0231,-31.4754,0.0,0.0,0.5713,-12.6518
6a0654fdf72d9ca3_005.flac,train,平沙落雁,夏一峰,CD第1册\CD02\夏一峰-平沙落雁.wav,9968763,12610683,226.049,285.957,0.0192,-32.2768,0.0,0.0,0.5914,-11.8872
6a0654fdf72d9ca3_006.flac,train,平沙落雁,夏一峰,CD第1册\CD02\夏一峰-平沙落雁.wav,12460954,15102874,282.561,342.469,0.0183,-29.2149,0.0,0.0,0.5954,-10.7683
6a0654fdf72d9ca3_007.flac,train,平沙落雁,夏一峰,CD第1册\CD02\夏一峰-平沙落雁.wav,14953145,17595065,339.074,398.981,0.0171,-30.328,0.0,0.0,0.5726,-9.786
6a0654fdf72d9ca3_008.flac,train,平沙落雁,夏一峰,CD第1册\CD02\夏一峰-平沙落雁.wav,17445336,20087256,395.586,455.493,0.0227,-31.856,0.0,0.0,0.5328,-11.0257
aadbaacaef2f6e96_001.flac,train,秋塞吟,夏一峰,CD第1册\CD02\夏一峰-秋塞吟.wav,0,2641920,0.0,59.907,0.0274,-36.4144,0.0,0.0,0.5218,-10.5483
aadbaacaef2f6e96_002.flac,train,秋塞吟,夏一峰,CD第1册\CD02\夏一峰-秋塞吟.wav,2392788,5034708,54.258,114.166,0.0277,-33.8646,0.0,0.0,0.5345,-7.7146
aadbaacaef2f6e96_003.flac,train,秋塞吟,夏一峰,CD第1册\CD02\夏一峰-秋塞吟.wav,4785576,7427496,108.516,168.424,0.025,-33.1939,0.0,0.0,0.6398,-8.1471
aadbaacaef2f6e96_004.flac,train,秋塞吟,夏一峰,CD第1册\CD02\夏一峰-秋塞吟.wav,7178364,9820284,162.775,222.682,0.0221,-32.9013,0.0,0.0,0.7044,-7.3199
aadbaacaef2f6e96_005.flac,train,秋塞吟,夏一峰,CD第1册\CD02\夏一峰-秋塞吟.wav,9571152,12213072,217.033,276.94,0.024,-31.695,0.0,0.0,0.7497,-6.2403
aadbaacaef2f6e96_006.flac,train,秋塞吟,夏一峰,CD第1册\CD02\夏一峰-秋塞吟.wav,11963940,14605860,271.291,331.199,0.0255,-32.6569,0.0,0.0,0.699,-6.38
aadbaacaef2f6e96_007.flac,train,秋塞吟,夏一峰,CD第1册\CD02\夏一峰-秋塞吟.wav,14356728,16998648,325.549,385.457,0.0302,-31.4925,0.0,0.0,0.6535,-5.5924
aadbaacaef2f6e96_008.flac,train,秋塞吟,夏一峰,CD第1册\CD02\夏一峰-秋塞吟.wav,16749516,19391436,379.808,439.715,0.0259,-31.9687,0.0,0.0,0.6619,-6.3637
aadbaacaef2f6e96_009.flac,train,秋塞吟,夏一峰,CD第1册\CD02\夏一峰-秋塞吟.wav,19142304,21784224,434.066,493.973,0.0244,-34.8866,0.0,0.0,0.6461,-7.1034
3f14d574a11c58c3_001.flac,train,良宵引,夏一峰,CD第1册\CD02\夏一峰-良宵引.wav,0,2641920,0.0,59.907,0.0017,-37.8705,0.0,0.0,0.8329,-17.2781
3f14d574a11c58c3_002.flac,train,良宵引,夏一峰,CD第1册\CD02\夏一峰-良宵引.wav,2422248,5064168,54.926,114.834,0.0016,-41.4072,0.0,0.0,0.7994,-18.5714
3f14d574a11c58c3_003.flac,train,良宵引,夏一峰,CD第1册\CD02\夏一峰-良宵引.wav,4844496,7486416,109.853,169.76,0.0112,-50.6012,0.0,0.0,0.6061,-20.4203
7953d4b4c699315c_001.flac,train,静观吟1,夏一峰,CD第1册\CD02\夏一峰-静观吟1.wav,0,2641920,0.0,59.907,0.0034,-40.2817,0.0,0.0,0.9193,-15.564
7953d4b4c699315c_002.flac,train,静观吟1,夏一峰,CD第1册\CD02\夏一峰-静观吟1.wav,2395788,5037708,54.326,114.234,0.0029,-41.7401,0.0,0.0,0.9509,-14.9611
7953d4b4c699315c_003.flac,train,静观吟1,夏一峰,CD第1册\CD02\夏一峰-静观吟1.wav,4791576,7433496,108.653,168.56,0.0074,-46.4773,0.0,0.0,0.7978,-15.0306
aaed89dc3ed1a058_001.flac,train,静观吟2,夏一峰,CD第1册\CD02\夏一峰-静观吟2.wav,0,2641920,0.0,59.907,0.005,-33.9682,0.0,0.0,0.8269,-21.8922
aaed89dc3ed1a058_002.flac,train,静观吟2,夏一峰,CD第1册\CD02\夏一峰-静观吟2.wav,1978020,4619940,44.853,104.761,0.0037,-33.6039,0.0,0.0,0.8797,-19.4878
aaed89dc3ed1a058_003.flac,train,静观吟2,夏一峰,CD第1册\CD02\夏一峰-静观吟2.wav,3956040,6597960,89.706,149.614,0.0026,-31.7596,0.0,0.0,0.9104,-20.4895
aaed89dc3ed1a058_004.flac,train,静观吟2,夏一峰,CD第1册\CD02\夏一峰-静观吟2.wav,5934060,8575980,134.559,194.467,0.0034,-33.7258,0.0,0.0,0.9107,-20.8938
f0ef6d867d629b19_001.flac,train,春山听杜鹃,夏莲居,CD第1册\CD04\夏莲居-春山听杜鹃.wav,0,2641920,0.0,59.907,0.0601,-28.8286,0.0076,0.4006,0.9957,-18.0856
f0ef6d867d629b19_002.flac,train,春山听杜鹃,夏莲居,CD第1册\CD04\夏莲居-春山听杜鹃.wav,2166185,4808105,49.12,109.027,0.0472,-26.6745,0.0027,0.1836,1.0617,-17.4644
f0ef6d867d629b19_003.flac,train,春山听杜鹃,夏莲居,CD第1册\CD04\夏莲居-春山听杜鹃.wav,4332370,6974290,98.24,158.147,0.0449,-27.3922,0.0016,0.0835,1.0338,-17.129
f0ef6d867d629b19_004.flac,train,春山听杜鹃,夏莲居,CD第1册\CD04\夏莲居-春山听杜鹃.wav,6498554,9140474,147.36,207.267,0.05,-27.3345,0.0033,0.2504,1.1007,-16.2395
f0ef6d867d629b19_005.flac,train,春山听杜鹃,夏莲居,CD第1册\CD04\夏莲居-春山听杜鹃.wav,8664739,11306659,196.479,256.387,0.044,-25.1341,0.0041,0.2838,1.1007,-16.012
f0ef6d867d629b19_006.flac,train,春山听杜鹃,夏莲居,CD第1册\CD04\夏莲居-春山听杜鹃.wav,10830924,13472844,245.599,305.507,0.0437,-25.7843,0.0061,0.2337,1.0591,-16.7936
629cd9f1b0cd075e_001.flac,validation,秋江夜泊,夏莲居,CD第1册\CD04\夏莲居-秋江夜泊.wav,0,2641920,0.0,59.907,0.0609,-35.6016,0.0,0.0,0.7472,-13.0101
629cd9f1b0cd075e_002.flac,validation,秋江夜泊,夏莲居,CD第1册\CD04\夏莲居-秋江夜泊.wav,1810140,4452060,41.046,100.954,0.064,-32.5647,0.0008,0.0668,0.8672,-12.5599
629cd9f1b0cd075e_003.flac,validation,秋江夜泊,夏莲居,CD第1册\CD04\夏莲居-秋江夜泊.wav,3620280,6262200,82.093,142.0,0.0489,-31.1184,0.0002,0.0167,0.8545,-12.4196
7e0cfdb87f9e9be9_001.flac,train,长安一片月,夏莲居,CD第1册\CD04\夏莲居-长安一片月.wav,0,2641920,0.0,59.907,0.0197,-43.2531,0.0,0.0,0.9162,-16.9385
7e0cfdb87f9e9be9_002.flac,train,长安一片月,夏莲居,CD第1册\CD04\夏莲居-长安一片月.wav,2498155,5140075,56.648,116.555,0.0144,-37.0481,0.0,0.0,0.9274,-17.8874
7e0cfdb87f9e9be9_003.flac,train,长安一片月,夏莲居,CD第1册\CD04\夏莲居-长安一片月.wav,4996310,7638230,113.295,173.202,0.0121,-36.1996,0.0,0.0,0.988,-16.9032
7e0cfdb87f9e9be9_004.flac,train,长安一片月,夏莲居,CD第1册\CD04\夏莲居-长安一片月.wav,7494465,10136385,169.943,229.85,0.0078,-34.8621,0.0,0.0,0.9692,-15.4116
7e0cfdb87f9e9be9_005.flac,train,长安一片月,夏莲居,CD第1册\CD04\夏莲居-长安一片月.wav,9992619,12634539,226.59,286.497,0.0067,-34.5967,0.0,0.0,0.9905,-15.9286
7e0cfdb87f9e9be9_006.flac,train,长安一片月,夏莲居,CD第1册\CD04\夏莲居-长安一片月.wav,12490774,15132694,283.238,343.145,0.0092,-36.3804,0.0,0.0,1.1023,-16.6925
7e0cfdb87f9e9be9_007.flac,train,长安一片月,夏莲居,CD第1册\CD04\夏莲居-长安一片月.wav,14988929,17630849,339.885,399.792,0.0113,-38.2736,0.0,0.0,0.9837,-15.0616
7e0cfdb87f9e9be9_008.flac,train,长安一片月,夏莲居,CD第1册\CD04\夏莲居-长安一片月.wav,17487084,20129004,396.533,456.44,0.0094,-38.2177,0.0,0.0,0.9361,-15.661
5f22f0b87997e829_001.flac,train,风入松,夏莲居,CD第1册\CD04\夏莲居-风入松.wav,0,2641920,0.0,59.907,0.075,-39.8481,0.0002,0.0167,0.8826,-19.4265
5f22f0b87997e829_002.flac,train,风入松,夏莲居,CD第1册\CD04\夏莲居-风入松.wav,1966254,4608174,44.586,104.494,0.0453,-37.3032,0.0002,0.0167,0.9832,-18.7437
5f22f0b87997e829_003.flac,train,风入松,夏莲居,CD第1册\CD04\夏莲居-风入松.wav,3932508,6574428,89.173,149.08,0.0451,-39.1073,0.0004,0.0334,0.9558,-18.6731
ed99d0efe0edfe7d_001.flac,train,华胥引1,姚丙炎,CD第4册\67\姚丙炎-华胥引1.wav,0,2641920,0.0,59.907,0.0245,-44.2946,0.0,0.0,0.8477,-21.7377
ed99d0efe0edfe7d_002.flac,train,华胥引1,姚丙炎,CD第4册\67\姚丙炎-华胥引1.wav,1457340,4099260,33.046,92.954,0.0139,-42.301,0.0,0.0,0.8544,-19.5747
ed99d0efe0edfe7d_003.flac,train,华胥引1,姚丙炎,CD第4册\67\姚丙炎-华胥引1.wav,2914680,5556600,66.093,126.0,0.0164,-43.2561,0.0,0.0,0.8374,-19.9215
97b7d11491ce5789_001.flac,train,胡笳十八拍1,姚丙炎,CD第4册\67\姚丙炎-胡笳十八拍1.wav,0,2641920,0.0,59.907,0.1247,-61.6826,0.0,0.0,0.6876,-18.4945
97b7d11491ce5789_002.flac,train,胡笳十八拍1,姚丙炎,CD第4册\67\姚丙炎-胡笳十八拍1.wav,2559758,5201678,58.044,117.952,0.0627,-59.2698,0.0,0.0,0.8685,-18.0147
97b7d11491ce5789_003.flac,train,胡笳十八拍1,姚丙炎,CD第4册\67\姚丙炎-胡笳十八拍1.wav,5119515,7761435,116.089,175.996,0.027,-58.6913,0.0,0.0,0.9441,-16.9549
97b7d11491ce5789_004.flac,train,胡笳十八拍1,姚丙炎,CD第4册\67\姚丙炎-胡笳十八拍1.wav,7679273,10321193,174.133,234.041,0.0218,-56.638,0.0,0.0,0.9764,-17.1789
97b7d11491ce5789_005.flac,train,胡笳十八拍1,姚丙炎,CD第4册\67\姚丙炎-胡笳十八拍1.wav,10239030,12880950,232.178,292.085,0.008,-56.5259,0.0,0.0,1.1739,-15.5808
97b7d11491ce5789_006.flac,train,胡笳十八拍1,姚丙炎,CD第4册\67\姚丙炎-胡笳十八拍1.wav,12798788,15440708,290.222,350.129,0.0062,-54.7328,0.0,0.0,1.1217,-14.5954
97b7d11491ce5789_007.flac,train,胡笳十八拍1,姚丙炎,CD第4册\67\姚丙炎-胡笳十八拍1.wav,15358546,18000466,348.266,408.174,0.0047,-52.9006,0.0,0.0,1.1694,-14.8985
97b7d11491ce5789_008.flac,train,胡笳十八拍1,姚丙炎,CD第4册\67\姚丙炎-胡笳十八拍1.wav,17918303,20560223,406.311,466.218,0.0106,-54.9847,0.0,0.0,1.0929,-14.7205
97b7d11491ce5789_009.flac,train,胡笳十八拍1,姚丙炎,CD第4册\67\姚丙炎-胡笳十八拍1.wav,20478061,23119981,464.355,524.263,0.005,-52.2686,0.0,0.0,1.0408,-16.3514
97b7d11491ce5789_010.flac,train,胡笳十八拍1,姚丙炎,CD第4册\67\姚丙炎-胡笳十八拍1.wav,23037818,25679738,522.4,582.307,0.0047,-52.8033,0.0,0.0,1.0709,-15.8096
97b7d11491ce5789_011.flac,train,胡笳十八拍1,姚丙炎,CD第4册\67\姚丙炎-胡笳十八拍1.wav,25597576,28239496,580.444,640.351,0.0109,-59.3869,0.0,0.0,1.0347,-15.4248
97b7d11491ce5789_012.flac,train,胡笳十八拍1,姚丙炎,CD第4册\67\姚丙炎-胡笳十八拍1.wav,28157334,30799254,638.488,698.396,0.0169,-58.8975,0.0,0.0,1.0704,-16.1835
97b7d11491ce5789_013.flac,train,胡笳十八拍1,姚丙炎,CD第4册\67\姚丙炎-胡笳十八拍1.wav,30717091,33359011,696.533,756.44,0.0053,-52.2298,0.0,0.0,1.1933,-14.7755
97b7d11491ce5789_014.flac,train,胡笳十八拍1,姚丙炎,CD第4册\67\姚丙炎-胡笳十八拍1.wav,33276849,35918769,754.577,814.485,0.0078,-53.4161,0.0,0.0,1.1531,-14.1974
97b7d11491ce5789_015.flac,train,胡笳十八拍1,姚丙炎,CD第4册\67\姚丙炎-胡笳十八拍1.wav,35836606,38478526,812.621,872.529,0.0053,-54.5802,0.0,0.0,1.0781,-14.3957
97b7d11491ce5789_016.flac,train,胡笳十八拍1,姚丙炎,CD第4册\67\姚丙炎-胡笳十八拍1.wav,38396364,41038284,870.666,930.573,0.0151,-60.22,0.0,0.0,0.9869,-16.0271
cb4abccb40fad23d_001.flac,train,胡笳十八拍2,姚丙炎,CD第4册\67\姚丙炎-胡笳十八拍2.wav,0,2641920,0.0,59.907,0.0315,-55.8902,0.0,0.0,0.6675,-23.5968
cb4abccb40fad23d_002.flac,train,胡笳十八拍2,姚丙炎,CD第4册\67\姚丙炎-胡笳十八拍2.wav,2563952,5205872,58.14,118.047,0.0663,-57.0843,0.0,0.0,0.6389,-25.3432
cb4abccb40fad23d_003.flac,train,胡笳十八拍2,姚丙炎,CD第4册\67\姚丙炎-胡笳十八拍2.wav,5127904,7769824,116.279,176.186,0.0197,-51.6271,0.0,0.0,0.7044,-24.4196
cb4abccb40fad23d_004.flac,train,胡笳十八拍2,姚丙炎,CD第4册\67\姚丙炎-胡笳十八拍2.wav,7691856,10333776,174.419,234.326,0.0147,-48.8718,0.0,0.0,0.703,-24.7731
cb4abccb40fad23d_005.flac,train,胡笳十八拍2,姚丙炎,CD第4册\67\姚丙炎-胡笳十八拍2.wav,10255808,12897728,232.558,292.465,0.0123,-50.5679,0.0,0.0,0.7347,-23.3066
cb4abccb40fad23d_006.flac,train,胡笳十八拍2,姚丙炎,CD第4册\67\姚丙炎-胡笳十八拍2.wav,12819760,15461680,290.698,350.605,0.008,-48.9105,0.0,0.0,0.7574,-22.2845
cb4abccb40fad23d_007.flac,train,胡笳十八拍2,姚丙炎,CD第4册\67\姚丙炎-胡笳十八拍2.wav,15383712,18025632,348.837,408.744,0.0072,-48.3142,0.0,0.0,0.7708,-21.6431
cb4abccb40fad23d_008.flac,train,胡笳十八拍2,姚丙炎,CD第4册\67\姚丙炎-胡笳十八拍2.wav,17947664,20589584,406.977,466.884,0.0091,-48.4693,0.0,0.0,0.7657,-22.9708
cb4abccb40fad23d_009.flac,train,胡笳十八拍2,姚丙炎,CD第4册\67\姚丙炎-胡笳十八拍2.wav,20511616,23153536,465.116,525.023,0.0064,-45.5891,0.0,0.0,0.6981,-22.082
cb4abccb40fad23d_010.flac,train,胡笳十八拍2,姚丙炎,CD第4册\67\姚丙炎-胡笳十八拍2.wav,23075568,25717488,523.256,583.163,0.0045,-43.0089,0.0,0.0,0.6686,-21.8032
cb4abccb40fad23d_011.flac,train,胡笳十八拍2,姚丙炎,CD第4册\67\姚丙炎-胡笳十八拍2.wav,25639520,28281440,581.395,641.302,0.0098,-48.5763,0.0,0.0,0.6996,-22.3452
cb4abccb40fad23d_012.flac,train,胡笳十八拍2,姚丙炎,CD第4册\67\姚丙炎-胡笳十八拍2.wav,28203472,30845392,639.535,699.442,0.0104,-49.0766,0.0,0.0,0.7327,-24.2356
cb4abccb40fad23d_013.flac,train,胡笳十八拍2,姚丙炎,CD第4册\67\姚丙炎-胡笳十八拍2.wav,30767424,33409344,697.674,757.581,0.005,-45.4469,0.0,0.0,0.7612,-21.8034
cb4abccb40fad23d_014.flac,train,胡笳十八拍2,姚丙炎,CD第4册\67\姚丙炎-胡笳十八拍2.wav,33331376,35973296,755.814,815.721,0.0045,-45.194,0.0,0.0,0.8129,-21.901
cb4abccb40fad23d_015.flac,train,胡笳十八拍2,姚丙炎,CD第4册\67\姚丙炎-胡笳十八拍2.wav,35895328,38537248,813.953,873.86,0.0057,-48.3361,0.0,0.0,0.7529,-20.0256
cb4abccb40fad23d_016.flac,train,胡笳十八拍2,姚丙炎,CD第4册\67\姚丙炎-胡笳十八拍2.wav,38459280,41101200,872.093,932.0,0.0085,-49.7689,0.0,0.0,0.774,-22.6036
45f83dc474b69407_001.flac,train,酒狂2,姚丙炎,CD第4册\67\姚丙炎-酒狂2.wav,0,2641920,0.0,59.907,0.3243,-60.7357,0.0,0.0,0.5797,-18.9169
45f83dc474b69407_002.flac,train,酒狂2,姚丙炎,CD第4册\67\姚丙炎-酒狂2.wav,1408830,4050750,31.946,91.854,0.3703,-60.3684,0.0,0.0,0.5902,-19.638
45f83dc474b69407_003.flac,train,酒狂2,姚丙炎,CD第4册\67\姚丙炎-酒狂2.wav,2817660,5459580,63.893,123.8,0.336,-59.6206,0.0,0.0,0.594,-19.8329
8ae2e85385f08b33_001.flac,train,酒狂3,姚丙炎,CD第4册\67\姚丙炎-酒狂3.wav,0,2641920,0.0,59.907,0.0147,-45.7258,0.0,0.0,0.8892,-14.7949
8ae2e85385f08b33_002.flac,train,酒狂3,姚丙炎,CD第4册\67\姚丙炎-酒狂3.wav,1698126,4340046,38.506,98.414,0.0156,-44.7849,0.0,0.0,0.9155,-14.2647
8ae2e85385f08b33_003.flac,train,酒狂3,姚丙炎,CD第4册\67\姚丙炎-酒狂3.wav,3396252,6038172,77.013,136.92,0.0169,-45.7236,0.0,0.0,0.8743,-14.5793
0fd0088e44c297cd_001.flac,train,太古引,孙毓芹,CD第4册\59\孙毓芹-太古引.wav,0,2641920,0.0,59.907,0.5553,-72.5239,0.0,0.0,0.1426,-18.8835
0fd0088e44c297cd_002.flac,train,太古引,孙毓芹,CD第4册\59\孙毓芹-太古引.wav,1506438,4148358,34.16,94.067,0.5554,-74.8684,0.0,0.0,0.1352,-17.7374
0fd0088e44c297cd_003.flac,train,太古引,孙毓芹,CD第4册\59\孙毓芹-太古引.wav,3012876,5654796,68.319,128.227,0.5549,-75.3404,0.0,0.0,0.133,-17.5327
5d48c1f7db0bae3d_001.flac,validation,归去来辞,孙毓芹,CD第4册\59\孙毓芹-归去来辞.wav,0,2641920,0.0,59.907,0.4612,-72.5352,0.0,0.0,0.1823,-17.8453
5d48c1f7db0bae3d_002.flac,validation,归去来辞,孙毓芹,CD第4册\59\孙毓芹-归去来辞.wav,2141680,4783600,48.564,108.472,0.4536,-74.7487,0.0,0.0,0.1853,-16.3871
5d48c1f7db0bae3d_003.flac,validation,归去来辞,孙毓芹,CD第4册\59\孙毓芹-归去来辞.wav,4283360,6925280,97.128,157.036,0.4519,-73.8407,0.0,0.0,0.1842,-16.9556
5d48c1f7db0bae3d_004.flac,validation,归去来辞,孙毓芹,CD第4册\59\孙毓芹-归去来辞.wav,6425040,9066960,145.693,205.6,0.4511,-74.8495,0.0,0.0,0.1783,-16.4598
fa394a2e53f4d0d0_001.flac,train,梅花三弄,孙毓芹,CD第4册\59\孙毓芹-梅花三弄.wav,0,2641920,0.0,59.907,0.1047,-37.8588,0.0,0.0,0.4615,-14.3276
fa394a2e53f4d0d0_002.flac,train,梅花三弄,孙毓芹,CD第4册\59\孙毓芹-梅花三弄.wav,2550823,5192743,57.842,117.749,0.12,-40.1334,0.0,0.0,0.4927,-13.0856
fa394a2e53f4d0d0_003.flac,train,梅花三弄,孙毓芹,CD第4册\59\孙毓芹-梅花三弄.wav,5101646,7743566,115.684,175.591,0.1124,-39.4891,0.0,0.0,0.5996,-11.6917
fa394a2e53f4d0d0_004.flac,train,梅花三弄,孙毓芹,CD第4册\59\孙毓芹-梅花三弄.wav,7652469,10294389,173.525,233.433,0.0941,-37.2028,0.0,0.0,0.5722,-13.0727
fa394a2e53f4d0d0_005.flac,train,梅花三弄,孙毓芹,CD第4册\59\孙毓芹-梅花三弄.wav,10203291,12845211,231.367,291.275,0.0972,-35.1933,0.0,0.0,0.5321,-15.2433
fa394a2e53f4d0d0_006.flac,train,梅花三弄,孙毓芹,CD第4册\59\孙毓芹-梅花三弄.wav,12754114,15396034,289.209,349.116,0.0945,-35.2889,0.0,0.0,0.5042,-14.6633
fa394a2e53f4d0d0_007.flac,train,梅花三弄,孙毓芹,CD第4册\59\孙毓芹-梅花三弄.wav,15304937,17946857,347.051,406.958,0.0869,-38.0813,0.0,0.0,0.6061,-12.5185
fa394a2e53f4d0d0_008.flac,train,梅花三弄,孙毓芹,CD第4册\59\孙毓芹-梅花三弄.wav,17855760,20497680,404.893,464.8,0.0882,-36.4784,0.0,0.0,0.5551,-13.1592
3adad5b63c0116df_001.flac,train,梧叶舞秋风1,孙毓芹,CD第4册\59\孙毓芹-梧叶舞秋风1.wav,0,2641920,0.0,59.907,0.0618,-41.8646,0.0,0.0,0.5525,-16.9504
3adad5b63c0116df_002.flac,train,梧叶舞秋风1,孙毓芹,CD第4册\59\孙毓芹-梧叶舞秋风1.wav,2361004,5002924,53.538,113.445,0.0331,-38.047,0.0,0.0,0.6344,-17.7493
3adad5b63c0116df_003.flac,train,梧叶舞秋风1,孙毓芹,CD第4册\59\孙毓芹-梧叶舞秋风1.wav,4722008,7363928,107.075,166.982,0.025,-38.962,0.0,0.0,0.6948,-16.7671
3adad5b63c0116df_004.flac,train,梧叶舞秋风1,孙毓芹,CD第4册\59\孙毓芹-梧叶舞秋风1.wav,7083012,9724932,160.613,220.52,0.0259,-38.821,0.0,0.0,0.6923,-16.7665
bee1a84affffe3d9_001.flac,train,梧叶舞秋风2,孙毓芹,CD第4册\59\孙毓芹-梧叶舞秋风2.wav,0,2641920,0.0,59.907,0.0106,-60.0161,0.0,0.0,0.7671,-13.5128
bee1a84affffe3d9_002.flac,train,梧叶舞秋风2,孙毓芹,CD第4册\59\孙毓芹-梧叶舞秋风2.wav,2469784,5111704,56.004,115.912,0.0063,-56.3802,0.0,0.0,0.7143,-13.9252
bee1a84affffe3d9_003.flac,train,梧叶舞秋风2,孙毓芹,CD第4册\59\孙毓芹-梧叶舞秋风2.wav,4939568,7581488,112.008,171.916,0.0067,-58.448,0.0,0.0,0.7578,-12.7756
bee1a84affffe3d9_004.flac,train,梧叶舞秋风2,孙毓芹,CD第4册\59\孙毓芹-梧叶舞秋风2.wav,7409352,10051272,168.013,227.92,0.01,-61.5482,0.0,0.0,0.7446,-13.0888
d772fe8341317bbd_001.flac,train,欸乃-残,孙毓芹,CD第4册\59\孙毓芹-欸乃-残.wav,0,2641920,0.0,59.907,0.0178,-49.5418,0.0,0.0,0.7955,-23.8981
d772fe8341317bbd_002.flac,train,欸乃-残,孙毓芹,CD第4册\59\孙毓芹-欸乃-残.wav,2463478,5105398,55.861,115.769,0.0145,-46.4287,0.0,0.0,0.9257,-21.6422
d772fe8341317bbd_003.flac,train,欸乃-残,孙毓芹,CD第4册\59\孙毓芹-欸乃-残.wav,4926955,7568875,111.722,171.63,0.0142,-47.9428,0.0,0.0,0.8784,-22.1348
d772fe8341317bbd_004.flac,train,欸乃-残,孙毓芹,CD第4册\59\孙毓芹-欸乃-残.wav,7390433,10032353,167.584,227.491,0.0132,-47.4332,0.0,0.0,0.8543,-22.191
d772fe8341317bbd_005.flac,train,欸乃-残,孙毓芹,CD第4册\59\孙毓芹-欸乃-残.wav,9853910,12495830,223.445,283.352,0.0091,-42.7186,0.0,0.0,0.7907,-19.6916
d772fe8341317bbd_006.flac,train,欸乃-残,孙毓芹,CD第4册\59\孙毓芹-欸乃-残.wav,12317388,14959308,279.306,339.213,0.0148,-49.3482,0.0,0.0,0.9306,-21.7894
d60c7a3aa6680406_001.flac,train,湘江怨,孙毓芹,CD第4册\59\孙毓芹-湘江怨.wav,0,2641920,0.0,59.907,0.0173,-40.5803,0.0,0.0,0.6829,-24.6909
d60c7a3aa6680406_002.flac,train,湘江怨,孙毓芹,CD第4册\59\孙毓芹-湘江怨.wav,1837684,4479604,41.671,101.578,0.0127,-38.7058,0.0,0.0,0.6277,-23.5212
d60c7a3aa6680406_003.flac,train,湘江怨,孙毓芹,CD第4册\59\孙毓芹-湘江怨.wav,3675368,6317288,83.342,143.249,0.0088,-36.4183,0.0,0.0,0.5624,-23.225
d60c7a3aa6680406_004.flac,train,湘江怨,孙毓芹,CD第4册\59\孙毓芹-湘江怨.wav,5513052,8154972,125.013,184.92,0.0098,-40.1229,0.0,0.0,0.5815,-23.5415
9453a5a78b6263c5_001.flac,train,墨子悲丝,徐元白,CD第1册\CD09\徐元白-墨子悲丝.wav,0,2641920,0.0,59.907,0.0901,-57.9209,0.0,0.0,0.7511,-25.9756
9453a5a78b6263c5_002.flac,train,墨子悲丝,徐元白,CD第1册\CD09\徐元白-墨子悲丝.wav,2467161,5109081,55.945,115.852,0.0195,-48.4297,0.0,0.0,1.0786,-20.7558
9453a5a78b6263c5_003.flac,train,墨子悲丝,徐元白,CD第1册\CD09\徐元白-墨子悲丝.wav,4934323,7576243,111.889,171.797,0.0227,-46.3838,0.0,0.0,1.2539,-23.509
9453a5a78b6263c5_004.flac,train,墨子悲丝,徐元白,CD第1册\CD09\徐元白-墨子悲丝.wav,7401484,10043404,167.834,227.742,0.0172,-52.8849,0.0,0.0,1.0695,-20.8936
9453a5a78b6263c5_005.flac,train,墨子悲丝,徐元白,CD第1册\CD09\徐元白-墨子悲丝.wav,9868646,12510566,223.779,283.686,0.0223,-50.8458,0.0,0.0,1.1775,-20.5247
9453a5a78b6263c5_006.flac,train,墨子悲丝,徐元白,CD第1册\CD09\徐元白-墨子悲丝.wav,12335807,14977727,279.724,339.631,0.0199,-49.7661,0.0,0.0,1.2887,-20.4731
9453a5a78b6263c5_007.flac,train,墨子悲丝,徐元白,CD第1册\CD09\徐元白-墨子悲丝.wav,14802969,17444889,335.668,395.576,0.0163,-44.8372,0.0,0.0,1.3194,-20.5765
9453a5a78b6263c5_008.flac,train,墨子悲丝,徐元白,CD第1册\CD09\徐元白-墨子悲丝.wav,17270130,19912050,391.613,451.52,0.0091,-41.0061,0.0,0.0,1.414,-21.4606
9453a5a78b6263c5_009.flac,train,墨子悲丝,徐元白,CD第1册\CD09\徐元白-墨子悲丝.wav,19737291,22379211,447.558,507.465,0.0107,-42.2908,0.0,0.0,1.3607,-21.0642
9453a5a78b6263c5_010.flac,train,墨子悲丝,徐元白,CD第1册\CD09\徐元白-墨子悲丝.wav,22204453,24846373,503.502,563.41,0.0161,-44.5692,0.0,0.0,1.2641,-20.7872
9453a5a78b6263c5_011.flac,train,墨子悲丝,徐元白,CD第1册\CD09\徐元白-墨子悲丝.wav,24671614,27313534,559.447,619.355,0.0144,-48.6949,0.0,0.0,1.1686,-18.868
9453a5a78b6263c5_012.flac,train,墨子悲丝,徐元白,CD第1册\CD09\徐元白-墨子悲丝.wav,27138776,29780696,615.392,675.299,0.0116,-50.2386,0.0,0.0,1.1602,-19.3008
9453a5a78b6263c5_013.flac,train,墨子悲丝,徐元白,CD第1册\CD09\徐元白-墨子悲丝.wav,29605937,32247857,671.336,731.244,0.0109,-51.8467,0.0,0.0,1.1596,-18.4476
9453a5a78b6263c5_014.flac,train,墨子悲丝,徐元白,CD第1册\CD09\徐元白-墨子悲丝.wav,32073099,34715019,727.281,787.189,0.0182,-50.673,0.0,0.0,1.1086,-18.6076
9453a5a78b6263c5_015.flac,train,墨子悲丝,徐元白,CD第1册\CD09\徐元白-墨子悲丝.wav,34540260,37182180,783.226,843.133,0.0207,-53.2862,0.0,0.0,1.1174,-19.2937
7744a9073925181f_001.flac,train,西泠话雨,徐元白,CD第1册\CD09\徐元白-西泠话雨.wav,0,2641920,0.0,59.907,0.3128,-56.4786,0.0,0.0,0.587,-22.3469
7744a9073925181f_002.flac,train,西泠话雨,徐元白,CD第1册\CD09\徐元白-西泠话雨.wav,2218164,4860084,50.299,110.206,0.2993,-56.0715,0.0,0.0,0.6286,-22.5999
7744a9073925181f_003.flac,train,西泠话雨,徐元白,CD第1册\CD09\徐元白-西泠话雨.wav,4436328,7078248,100.597,160.504,0.2402,-54.9367,0.0,0.0,0.6785,-21.7125
7744a9073925181f_004.flac,train,西泠话雨,徐元白,CD第1册\CD09\徐元白-西泠话雨.wav,6654492,9296412,150.896,210.803,0.1956,-52.2776,0.0,0.0,0.7418,-21.405
7744a9073925181f_005.flac,train,西泠话雨,徐元白,CD第1册\CD09\徐元白-西泠话雨.wav,8872656,11514576,201.194,261.101,0.2135,-53.0297,0.0,0.0,0.7582,-23.3078
7744a9073925181f_006.flac,train,西泠话雨,徐元白,CD第1册\CD09\徐元白-西泠话雨.wav,11090820,13732740,251.493,311.4,0.1503,-53.1021,0.0,0.0,0.7744,-21.8688
9c2d0f01315840ca_001.flac,train,高山,徐元白,CD第1册\CD09\徐元白-高山.wav,0,2641920,0.0,59.907,0.268,-54.5113,0.0,0.0,0.6586,-23.4451
9c2d0f01315840ca_002.flac,train,高山,徐元白,CD第1册\CD09\徐元白-高山.wav,2558123,5200043,58.007,117.915,0.1471,-55.2996,0.0,0.0,0.7839,-20.1864
9c2d0f01315840ca_003.flac,train,高山,徐元白,CD第1册\CD09\徐元白-高山.wav,5116245,7758165,116.015,175.922,0.1076,-49.3042,0.0,0.0,0.8919,-22.1211
9c2d0f01315840ca_004.flac,train,高山,徐元白,CD第1册\CD09\徐元白-高山.wav,7674368,10316288,174.022,233.929,0.082,-49.4971,0.0,0.0,0.9304,-21.9815
9c2d0f01315840ca_005.flac,train,高山,徐元白,CD第1册\CD09\徐元白-高山.wav,10232491,12874411,232.029,291.937,0.0678,-50.4819,0.0,0.0,0.9896,-20.8846
9c2d0f01315840ca_006.flac,train,高山,徐元白,CD第1册\CD09\徐元白-高山.wav,12790613,15432533,290.037,349.944,0.0755,-54.1833,0.0,0.0,0.9731,-22.1478
9c2d0f01315840ca_007.flac,train,高山,徐元白,CD第1册\CD09\徐元白-高山.wav,15348736,17990656,348.044,407.951,0.066,-47.971,0.0,0.0,0.9894,-21.0052
9c2d0f01315840ca_008.flac,train,高山,徐元白,CD第1册\CD09\徐元白-高山.wav,17906859,20548779,406.051,465.959,0.0595,-48.6122,0.0,0.0,1.0003,-20.0459
9c2d0f01315840ca_009.flac,train,高山,徐元白,CD第1册\CD09\徐元白-高山.wav,20464981,23106901,464.059,523.966,0.0486,-52.1113,0.0,0.0,1.0368,-19.5781
9c2d0f01315840ca_010.flac,train,高山,徐元白,CD第1册\CD09\徐元白-高山.wav,23023104,25665024,522.066,581.973,0.0596,-54.4554,0.0,0.0,0.9603,-19.5888
ffae810e02d81ccb_001.flac,train,鸥鹭忘机,徐元白,CD第1册\CD09\徐元白-鸥鹭忘机.wav,0,2641920,0.0,59.907,0.4062,-61.8384,0.0,0.0,0.5886,-24.4518
ffae810e02d81ccb_002.flac,train,鸥鹭忘机,徐元白,CD第1册\CD09\徐元白-鸥鹭忘机.wav,2437018,5078938,55.261,115.169,0.2745,-58.7642,0.0,0.0,0.8136,-23.1324
ffae810e02d81ccb_003.flac,train,鸥鹭忘机,徐元白,CD第1册\CD09\徐元白-鸥鹭忘机.wav,4874035,7515955,110.522,170.43,0.1848,-57.7396,0.0,0.0,0.9088,-22.4145
ffae810e02d81ccb_004.flac,train,鸥鹭忘机,徐元白,CD第1册\CD09\徐元白-鸥鹭忘机.wav,7311053,9952973,165.784,225.691,0.1821,-58.4151,0.0,0.0,0.8775,-20.6513
ffae810e02d81ccb_005.flac,train,鸥鹭忘机,徐元白,CD第1册\CD09\徐元白-鸥鹭忘机.wav,9748070,12389990,221.045,280.952,0.0681,-56.0195,0.0,0.0,1.0265,-20.4789
ffae810e02d81ccb_006.flac,train,鸥鹭忘机,徐元白,CD第1册\CD09\徐元白-鸥鹭忘机.wav,12185088,14827008,276.306,336.213,0.2551,-61.5874,0.0,0.0,0.8669,-22.6684
ee5dd7717e41ab08_001.flac,validation,公社之春,徐立孙,CD第2册\20\徐立孙-公社之春.wav,0,2641920,0.0,59.907,0.0064,-39.6802,0.0,0.0,0.8033,-16.9534
ee5dd7717e41ab08_002.flac,validation,公社之春,徐立孙,CD第2册\20\徐立孙-公社之春.wav,2370020,5011940,53.742,113.649,0.004,-37.2487,0.0,0.0,0.8628,-15.8604
ee5dd7717e41ab08_003.flac,validation,公社之春,徐立孙,CD第2册\20\徐立孙-公社之春.wav,4740040,7381960,107.484,167.391,0.0035,-35.6275,0.0,0.0,0.9419,-16.7933
ee5dd7717e41ab08_004.flac,validation,公社之春,徐立孙,CD第2册\20\徐立孙-公社之春.wav,7110060,9751980,161.226,221.133,0.0026,-34.643,0.0,0.0,0.9037,-17.619
71aaae451bc08f09_001.flac,validation,捣衣1,徐立孙,CD第2册\20\徐立孙-捣衣1.wav,0,2641920,0.0,59.907,0.1208,-51.9564,0.0,0.0,0.7701,-23.6885
71aaae451bc08f09_002.flac,validation,捣衣1,徐立孙,CD第2册\20\徐立孙-捣衣1.wav,2135491,4777411,48.424,108.331,0.0348,-47.048,0.0,0.0,0.8842,-21.0921
71aaae451bc08f09_003.flac,validation,捣衣1,徐立孙,CD第2册\20\徐立孙-捣衣1.wav,4270982,6912902,96.848,156.755,0.0324,-46.8058,0.0,0.0,0.9174,-20.8651
71aaae451bc08f09_004.flac,validation,捣衣1,徐立孙,CD第2册\20\徐立孙-捣衣1.wav,6406474,9048394,145.272,205.179,0.0201,-45.6799,0.0,0.0,0.9278,-20.6273
71aaae451bc08f09_005.flac,validation,捣衣1,徐立孙,CD第2册\20\徐立孙-捣衣1.wav,8541965,11183885,193.695,253.603,0.0298,-46.1926,0.0,0.0,0.9384,-21.0497
71aaae451bc08f09_006.flac,validation,捣衣1,徐立孙,CD第2册\20\徐立孙-捣衣1.wav,10677456,13319376,242.119,302.027,0.0159,-42.878,0.0,0.0,0.9753,-20.7984
ac40f3059435d37b_001.flac,validation,捣衣2,徐立孙,CD第2册\20\徐立孙-捣衣2.wav,0,2641920,0.0,59.907,0.0008,-41.4438,0.0,0.0,1.1338,-25.349
ac40f3059435d37b_002.flac,validation,捣衣2,徐立孙,CD第2册\20\徐立孙-捣衣2.wav,2419966,5061886,54.875,114.782,0.0005,-42.8431,0.0,0.0,1.2204,-18.9948
ac40f3059435d37b_003.flac,validation,捣衣2,徐立孙,CD第2册\20\徐立孙-捣衣2.wav,4839931,7481851,109.749,169.656,0.0008,-45.4659,0.0,0.0,1.2378,-18.9041
ac40f3059435d37b_004.flac,validation,捣衣2,徐立孙,CD第2册\20\徐立孙-捣衣2.wav,7259897,9901817,164.624,224.531,0.0005,-43.8372,0.0,0.0,1.2183,-18.395
ac40f3059435d37b_005.flac,validation,捣衣2,徐立孙,CD第2册\20\徐立孙-捣衣2.wav,9679862,12321782,219.498,279.405,0.0005,-42.223,0.0,0.0,1.2198,-20.2362
ac40f3059435d37b_006.flac,validation,捣衣2,徐立孙,CD第2册\20\徐立孙-捣衣2.wav,12099828,14741748,274.373,334.28,0.0006,-43.7676,0.0,0.0,1.2592,-19.9198
ca0e29712ab3ecd4_001.flac,validation,捣衣3,徐立孙,CD第2册\20\徐立孙-捣衣3.wav,0,2641920,0.0,59.907,0.0109,-40.3426,0.0,0.0,0.8803,-18.5955
ca0e29712ab3ecd4_002.flac,validation,捣衣3,徐立孙,CD第2册\20\徐立孙-捣衣3.wav,2329296,4971216,52.819,112.726,0.0092,-35.3094,0.0,0.0,0.9194,-17.1786
ca0e29712ab3ecd4_003.flac,validation,捣衣3,徐立孙,CD第2册\20\徐立孙-捣衣3.wav,4658592,7300512,105.637,165.544,0.0091,-36.0268,0.0,0.0,0.9365,-15.7943
ca0e29712ab3ecd4_004.flac,validation,捣衣3,徐立孙,CD第2册\20\徐立孙-捣衣3.wav,6987888,9629808,158.456,218.363,0.0092,-34.7479,0.0,0.0,0.9381,-16.1951
ca0e29712ab3ecd4_005.flac,validation,捣衣3,徐立孙,CD第2册\20\徐立孙-捣衣3.wav,9317184,11959104,211.274,271.181,0.0076,-35.6303,0.0,0.0,0.9631,-15.8679
ca0e29712ab3ecd4_006.flac,validation,捣衣3,徐立孙,CD第2册\20\徐立孙-捣衣3.wav,11646480,14288400,264.093,324.0,0.0065,-35.8656,0.0,0.0,0.9217,-16.1714
133d6e163005b0b8_001.flac,train,长门怨1,徐立孙,CD第2册\20\徐立孙-长门怨1.wav,0,2641920,0.0,59.907,0.1316,-42.4313,0.0004,0.0167,0.6,-19.5883
133d6e163005b0b8_002.flac,train,长门怨1,徐立孙,CD第2册\20\徐立孙-长门怨1.wav,2135996,4777916,48.435,108.343,0.0811,-42.1554,0.0,0.0,0.7568,-18.4785
133d6e163005b0b8_003.flac,train,长门怨1,徐立孙,CD第2册\20\徐立孙-长门怨1.wav,4271992,6913912,96.871,156.778,0.0506,-38.8642,0.0,0.0,0.8513,-18.4256
133d6e163005b0b8_004.flac,train,长门怨1,徐立孙,CD第2册\20\徐立孙-长门怨1.wav,6407988,9049908,145.306,205.213,0.0555,-40.556,0.0,0.0,0.7768,-17.7522
322129db675dba9b_001.flac,train,长门怨2,徐立孙,CD第2册\20\徐立孙-长门怨2.wav,0,2641920,0.0,59.907,0.0082,-45.1513,0.0006,0.0334,1.0837,-22.5892
322129db675dba9b_002.flac,train,长门怨2,徐立孙,CD第2册\20\徐立孙-长门怨2.wav,2075236,4717156,47.058,106.965,0.0102,-38.132,0.0002,0.0167,1.1282,-22.3322
322129db675dba9b_003.flac,train,长门怨2,徐立孙,CD第2册\20\徐立孙-长门怨2.wav,4150472,6792392,94.115,154.022,0.0069,-35.2589,0.0,0.0,1.1037,-20.3738
322129db675dba9b_004.flac,train,长门怨2,徐立孙,CD第2册\20\徐立孙-长门怨2.wav,6225708,8867628,141.173,201.08,0.0068,-37.2345,0.0,0.0,1.0827,-20.2642
c2ec9218f3536a04_001.flac,train,长门怨3,徐立孙,CD第2册\20\徐立孙-长门怨3.wav,0,2641920,0.0,59.907,0.022,-52.7565,0.0,0.0,0.6405,-20.4633
c2ec9218f3536a04_002.flac,train,长门怨3,徐立孙,CD第2册\20\徐立孙-长门怨3.wav,1882960,4524880,42.698,102.605,0.0203,-52.1199,0.0,0.0,0.6909,-21.1712
c2ec9218f3536a04_003.flac,train,长门怨3,徐立孙,CD第2册\20\徐立孙-长门怨3.wav,3765920,6407840,85.395,145.302,0.0141,-52.2104,0.0,0.0,0.764,-19.2409
c2ec9218f3536a04_004.flac,train,长门怨3,徐立孙,CD第2册\20\徐立孙-长门怨3.wav,5648880,8290800,128.093,188.0,0.0176,-54.0714,0.0,0.0,0.6957,-19.5543
0c7a8fc305bbf0f4_001.flac,train,风雷引,徐立孙,CD第2册\20\徐立孙-风雷引.wav,0,2641920,0.0,59.907,0.015,-36.7379,0.0,0.0,1.1714,-20.0973
0c7a8fc305bbf0f4_002.flac,train,风雷引,徐立孙,CD第2册\20\徐立孙-风雷引.wav,1569060,4210980,35.58,95.487,0.0097,-34.4897,0.0,0.0,1.2703,-18.8185
0c7a8fc305bbf0f4_003.flac,train,风雷引,徐立孙,CD第2册\20\徐立孙-风雷引.wav,3138120,5780040,71.159,131.067,0.01,-36.4451,0.0,0.0,1.2803,-19.0468
1020f007c2adc8bc_001.flac,train,挟仙游,朱惜辰,CD第4册\74\朱惜辰-挟仙游.wav,0,2641920,0.0,59.907,0.0347,-46.1438,0.0,0.0,0.6076,-17.8803
1020f007c2adc8bc_002.flac,train,挟仙游,朱惜辰,CD第4册\74\朱惜辰-挟仙游.wav,2214200,4856120,50.209,110.116,0.0195,-41.8367,0.0,0.0,0.7352,-17.2048
1020f007c2adc8bc_003.flac,train,挟仙游,朱惜辰,CD第4册\74\朱惜辰-挟仙游.wav,4428400,7070320,100.417,160.325,0.0145,-39.8022,0.0,0.0,0.7574,-17.2677
1020f007c2adc8bc_004.flac,train,挟仙游,朱惜辰,CD第4册\74\朱惜辰-挟仙游.wav,6642600,9284520,150.626,210.533,0.0188,-41.4825,0.0,0.0,0.7041,-18.5013
4e6016e6ff38f2c0_001.flac,train,搔首问天,朱惜辰,CD第4册\74\朱惜辰-搔首问天.wav,0,2641920,0.0,59.907,0.015,-46.7196,0.0,0.0,0.6291,-21.0679
4e6016e6ff38f2c0_002.flac,train,搔首问天,朱惜辰,CD第4册\74\朱惜辰-搔首问天.wav,2223456,4865376,50.419,110.326,0.0077,-42.086,0.0,0.0,0.6715,-20.5501
4e6016e6ff38f2c0_003.flac,train,搔首问天,朱惜辰,CD第4册\74\朱惜辰-搔首问天.wav,4446912,7088832,100.837,160.744,0.0068,-41.0082,0.0,0.0,0.7281,-17.9915
4e6016e6ff38f2c0_004.flac,train,搔首问天,朱惜辰,CD第4册\74\朱惜辰-搔首问天.wav,6670368,9312288,151.256,211.163,0.0054,-36.8493,0.0,0.0,0.7579,-17.7016
4e6016e6ff38f2c0_005.flac,train,搔首问天,朱惜辰,CD第4册\74\朱惜辰-搔首问天.wav,8893824,11535744,201.674,261.581,0.0049,-38.1338,0.0,0.0,0.6668,-16.9917
4e6016e6ff38f2c0_006.flac,train,搔首问天,朱惜辰,CD第4册\74\朱惜辰-搔首问天.wav,11117280,13759200,252.093,312.0,0.0067,-41.6794,0.0,0.0,0.7213,-17.6495
7e0cd7c1ff7bebcd_001.flac,validation,秋江夜泊,朱惜辰,CD第4册\74\朱惜辰-秋江夜泊.wav,0,2641920,0.0,59.907,0.0248,-56.0372,0.0,0.0,0.6628,-16.834
7e0cd7c1ff7bebcd_002.flac,validation,秋江夜泊,朱惜辰,CD第4册\74\朱惜辰-秋江夜泊.wav,2132070,4773990,48.346,108.254,0.0161,-53.7421,0.0,0.0,0.6899,-16.0575
7e0cd7c1ff7bebcd_003.flac,validation,秋江夜泊,朱惜辰,CD第4册\74\朱惜辰-秋江夜泊.wav,4264140,6906060,96.693,156.6,0.0199,-54.0164,0.0,0.0,0.6454,-16.8341
0d5346ec9bbe9b9f_001.flac,train,风雷引,朱惜辰,CD第4册\74\朱惜辰-风雷引.wav,0,2641920,0.0,59.907,0.1534,-45.5008,0.0084,0.0835,0.4901,-15.0127
0d5346ec9bbe9b9f_002.flac,train,风雷引,朱惜辰,CD第4册\74\朱惜辰-风雷引.wav,1614630,4256550,36.613,96.52,0.0669,-43.3448,0.0,0.0,0.5907,-13.1593
0d5346ec9bbe9b9f_003.flac,train,风雷引,朱惜辰,CD第4册\74\朱惜辰-风雷引.wav,3229260,5871180,73.226,133.133,0.0652,-43.0149,0.0079,0.0668,0.5813,-13.8364
31de29e614866c39_001.flac,train,伐檀,杨葆元,CD第2册\26\杨葆元-伐檀.wav,0,2641920,0.0,59.907,0.029,-38.0686,0.0,0.0,0.6978,-19.3765
31de29e614866c39_002.flac,train,伐檀,杨葆元,CD第2册\26\杨葆元-伐檀.wav,1891578,4533498,42.893,102.8,0.0242,-38.5691,0.0,0.0,0.7436,-18.8281
31de29e614866c39_003.flac,train,伐檀,杨葆元,CD第2册\26\杨葆元-伐檀.wav,3783156,6425076,85.786,145.693,0.0186,-38.9581,0.0,0.0,0.7182,-18.7504
093b454d303a563e_001.flac,train,平沙落雁,杨葆元,CD第2册\26\杨葆元-平沙落雁.wav,0,2641920,0.0,59.907,0.2784,-41.7917,0.0235,1.0516,0.4282,-20.6873
093b454d303a563e_002.flac,train,平沙落雁,杨葆元,CD第2册\26\杨葆元-平沙落雁.wav,2438683,5080603,55.299,115.206,0.1738,-31.9001,0.0661,2.7542,0.672,-20.6182
093b454d303a563e_003.flac,train,平沙落雁,杨葆元,CD第2册\26\杨葆元-平沙落雁.wav,4877366,7519286,110.598,170.505,0.0933,-34.4971,0.0048,0.2838,0.7241,-18.1129
093b454d303a563e_004.flac,train,平沙落雁,杨葆元,CD第2册\26\杨葆元-平沙落雁.wav,7316049,9957969,165.897,225.804,0.0994,-34.9833,0.0043,0.2504,0.8083,-17.1491
093b454d303a563e_005.flac,train,平沙落雁,杨葆元,CD第2册\26\杨葆元-平沙落雁.wav,9754731,12396651,221.196,281.103,0.0848,-34.998,0.0023,0.1502,0.7817,-17.1703
093b454d303a563e_006.flac,train,平沙落雁,杨葆元,CD第2册\26\杨葆元-平沙落雁.wav,12193414,14835334,276.495,336.402,0.0796,-35.3597,0.0025,0.1669,0.7778,-17.5262
093b454d303a563e_007.flac,train,平沙落雁,杨葆元,CD第2册\26\杨葆元-平沙落雁.wav,14632097,17274017,331.794,391.701,0.0971,-36.754,0.0072,0.3672,0.645,-17.533
093b454d303a563e_008.flac,train,平沙落雁,杨葆元,CD第2册\26\杨葆元-平沙落雁.wav,17070780,19712700,387.093,447.0,0.1663,-41.2711,0.0046,0.217,0.5616,-19.4328
3c1d8c2ac144792b_001.flac,validation,归去来辞,杨葆元,CD第2册\26\杨葆元-归去来辞.wav,0,2641920,0.0,59.907,0.0083,-39.208,0.0,0.0,0.7143,-23.412
3c1d8c2ac144792b_002.flac,validation,归去来辞,杨葆元,CD第2册\26\杨葆元-归去来辞.wav,2150895,4792815,48.773,108.681,0.0079,-37.346,0.0,0.0,0.7702,-21.204
3c1d8c2ac144792b_003.flac,validation,归去来辞,杨葆元,CD第2册\26\杨葆元-归去来辞.wav,4301790,6943710,97.546,157.454,0.0083,-36.8614,0.0,0.0,0.8042,-22.436
3c1d8c2ac144792b_004.flac,validation,归去来辞,杨葆元,CD第2册\26\杨葆元-归去来辞.wav,6452685,9094605,146.319,206.227,0.0072,-37.033,0.0,0.0,0.7826,-20.9023
3c1d8c2ac144792b_005.flac,validation,归去来辞,杨葆元,CD第2册\26\杨葆元-归去来辞.wav,8603580,11245500,195.093,255.0,0.011,-41.2251,0.0,0.0,0.7159,-21.595
482b03e526922134_001.flac,train,梅花三弄,杨葆元,CD第2册\26\杨葆元-梅花三弄.wav,0,2641920,0.0,59.907,0.4803,-50.0675,0.0004,0.0167,0.2738,-21.6087
482b03e526922134_002.flac,train,梅花三弄,杨葆元,CD第2册\26\杨葆元-梅花三弄.wav,2532118,5174038,57.418,117.325,0.4842,-47.7181,0.0,0.0,0.2864,-22.0643
482b03e526922134_003.flac,train,梅花三弄,杨葆元,CD第2册\26\杨葆元-梅花三弄.wav,5064236,7706156,114.835,174.743,0.4512,-50.7293,0.0,0.0,0.392,-18.8
482b03e526922134_004.flac,train,梅花三弄,杨葆元,CD第2册\26\杨葆元-梅花三弄.wav,7596354,10238274,172.253,232.16,0.4127,-50.2112,0.0,0.0,0.485,-17.8195
482b03e526922134_005.flac,train,梅花三弄,杨葆元,CD第2册\26\杨葆元-梅花三弄.wav,10128472,12770392,229.671,289.578,0.403,-50.3508,0.0,0.0,0.5286,-18.044
482b03e526922134_006.flac,train,梅花三弄,杨葆元,CD第2册\26\杨葆元-梅花三弄.wav,12660590,15302510,287.088,346.996,0.3538,-49.3381,0.0,0.0,0.5663,-17.2551
482b03e526922134_007.flac,train,梅花三弄,杨葆元,CD第2册\26\杨葆元-梅花三弄.wav,15192708,17834628,344.506,404.413,0.4387,-50.0333,0.0,0.0,0.3759,-18.7964
d947debcb28eb12a_001.flac,train,流水,杨葆元,CD第2册\26\杨葆元-流水.wav,0,2641920,0.0,59.907,0.2081,-26.7462,0.1591,3.4887,0.6834,-20.5443
d947debcb28eb12a_002.flac,train,流水,杨葆元,CD第2册\26\杨葆元-流水.wav,2294875,4936795,52.038,111.945,0.1994,-26.4263,0.1816,3.6056,0.8649,-19.367
d947debcb28eb12a_003.flac,train,流水,杨葆元,CD第2册\26\杨葆元-流水.wav,4589750,7231670,104.076,163.983,0.1988,-22.787,0.2197,5.0578,0.937,-19.6457
d947debcb28eb12a_004.flac,train,流水,杨葆元,CD第2册\26\杨葆元-流水.wav,6884625,9526545,156.114,216.021,0.1996,-24.6032,0.2209,4.941,0.8634,-18.3468
d947debcb28eb12a_005.flac,train,流水,杨葆元,CD第2册\26\杨葆元-流水.wav,9179499,11821419,208.152,268.059,0.1864,-23.3664,0.2062,5.5753,0.9421,-16.8064
d947debcb28eb12a_006.flac,train,流水,杨葆元,CD第2册\26\杨葆元-流水.wav,11474374,14116294,260.19,320.097,0.2253,-21.6484,0.3501,6.6269,0.9554,-17.5597
d947debcb28eb12a_007.flac,train,流水,杨葆元,CD第2册\26\杨葆元-流水.wav,13769249,16411169,312.228,372.135,0.2357,-22.201,0.312,6.0593,0.8966,-17.3321
d947debcb28eb12a_008.flac,train,流水,杨葆元,CD第2册\26\杨葆元-流水.wav,16064124,18706044,364.266,424.173,0.2459,-27.0669,0.2808,5.1913,0.7449,-19.2647
959ec3292c061508_001.flac,train,秋鸿,杨葆元,CD第2册\26\杨葆元-秋鸿.wav,0,2641920,0.0,59.907,0.0133,-56.538,0.0,0.0,0.6983,-22.3555
959ec3292c061508_002.flac,train,秋鸿,杨葆元,CD第2册\26\杨葆元-秋鸿.wav,2639824,5281744,59.86,119.767,0.0024,-50.1533,0.0,0.0,0.7793,-21.1107
959ec3292c061508_003.flac,train,秋鸿,杨葆元,CD第2册\26\杨葆元-秋鸿.wav,5279648,7921568,119.72,179.627,0.004,-46.3712,0.0,0.0,0.8735,-23.2936
959ec3292c061508_004.flac,train,秋鸿,杨葆元,CD第2册\26\杨葆元-秋鸿.wav,7919473,10561393,179.58,239.487,0.0025,-48.1051,0.0,0.0,0.9027,-19.322
959ec3292c061508_005.flac,train,秋鸿,杨葆元,CD第2册\26\杨葆元-秋鸿.wav,10559297,13201217,239.44,299.347,0.0015,-45.7034,0.0,0.0,0.9261,-19.9997
959ec3292c061508_006.flac,train,秋鸿,杨葆元,CD第2册\26\杨葆元-秋鸿.wav,13199121,15841041,299.3,359.207,0.0027,-49.1548,0.0,0.0,0.8961,-19.768
959ec3292c061508_007.flac,train,秋鸿,杨葆元,CD第2册\26\杨葆元-秋鸿.wav,15838945,18480865,359.16,419.067,0.0016,-44.3739,0.0,0.0,0.9121,-21.4196
959ec3292c061508_008.flac,train,秋鸿,杨葆元,CD第2册\26\杨葆元-秋鸿.wav,18478769,21120689,419.02,478.927,0.0011,-47.5818,0.0,0.0,0.9543,-18.5308
959ec3292c061508_009.flac,train,秋鸿,杨葆元,CD第2册\26\杨葆元-秋鸿.wav,21118594,23760514,478.88,538.787,0.0017,-49.1037,0.0,0.0,0.9336,-20.0859
959ec3292c061508_010.flac,train,秋鸿,杨葆元,CD第2册\26\杨葆元-秋鸿.wav,23758418,26400338,538.74,598.647,0.0018,-43.6669,0.0,0.0,0.8948,-23.4669
959ec3292c061508_011.flac,train,秋鸿,杨葆元,CD第2册\26\杨葆元-秋鸿.wav,26398242,29040162,598.6,658.507,0.0011,-44.37,0.0,0.0,0.9156,-20.7179
959ec3292c061508_012.flac,train,秋鸿,杨葆元,CD第2册\26\杨葆元-秋鸿.wav,29038066,31679986,658.46,718.367,0.0015,-48.339,0.0,0.0,0.9272,-20.4528
959ec3292c061508_013.flac,train,秋鸿,杨葆元,CD第2册\26\杨葆元-秋鸿.wav,31677890,34319810,718.32,778.227,0.0008,-45.394,0.0,0.0,0.962,-18.6965
959ec3292c061508_014.flac,train,秋鸿,杨葆元,CD第2册\26\杨葆元-秋鸿.wav,34317715,36959635,778.179,838.087,0.0004,-43.7927,0.0,0.0,0.9465,-17.0093
959ec3292c061508_015.flac,train,秋鸿,杨葆元,CD第2册\26\杨葆元-秋鸿.wav,36957539,39599459,838.039,897.947,0.0003,-43.1517,0.0,0.0,0.9497,-15.6995
959ec3292c061508_016.flac,train,秋鸿,杨葆元,CD第2册\26\杨葆元-秋鸿.wav,39597363,42239283,897.899,957.807,0.0005,-46.0771,0.0,0.0,0.8669,-15.4973
959ec3292c061508_017.flac,train,秋鸿,杨葆元,CD第2册\26\杨葆元-秋鸿.wav,42237187,44879107,957.759,1017.667,0.0004,-43.7511,0.0,0.0,0.9599,-16.9691
959ec3292c061508_018.flac,train,秋鸿,杨葆元,CD第2册\26\杨葆元-秋鸿.wav,44877011,47518931,1017.619,1077.527,0.0018,-48.4329,0.0,0.0,0.9129,-21.3172
959ec3292c061508_019.flac,train,秋鸿,杨葆元,CD第2册\26\杨葆元-秋鸿.wav,47516836,50158756,1077.479,1137.387,0.0014,-47.4848,0.0,0.0,0.8967,-20.3082
959ec3292c061508_020.flac,train,秋鸿,杨葆元,CD第2册\26\杨葆元-秋鸿.wav,50156660,52798580,1137.339,1197.247,0.0029,-49.6122,0.0,0.0,0.7982,-21.6944
959ec3292c061508_021.flac,train,秋鸿,杨葆元,CD第2册\26\杨葆元-秋鸿.wav,52796484,55438404,1197.199,1257.107,0.0039,-50.5023,0.0,0.0,0.7924,-21.2154
36ddbb64e4d98ffe_001.flac,train,鹿鸣操,杨葆元,CD第2册\26\杨葆元-鹿鸣操.wav,0,2641920,0.0,59.907,0.0186,-41.5025,0.0,0.0,0.6909,-21.9012
36ddbb64e4d98ffe_002.flac,train,鹿鸣操,杨葆元,CD第2册\26\杨葆元-鹿鸣操.wav,2361390,5003310,53.546,113.454,0.0134,-37.6049,0.0,0.0,0.7422,-21.2861
36ddbb64e4d98ffe_003.flac,train,鹿鸣操,杨葆元,CD第2册\26\杨葆元-鹿鸣操.wav,4722780,7364700,107.093,167.0,0.0191,-39.4877,0.0,0.0,0.6776,-21.2343
bc73e353a4cc0f0d_001.flac,train,-渔歌,查阜西,CD第1册\CD12\查阜西--渔歌.wav,0,2641920,0.0,59.907,0.0389,-30.659,0.0002,0.0167,0.9307,-23.0024
bc73e353a4cc0f0d_002.flac,train,-渔歌,查阜西,CD第1册\CD12\查阜西--渔歌.wav,2576653,5218573,58.428,118.335,0.0389,-29.7295,0.0,0.0,0.8771,-24.0672
bc73e353a4cc0f0d_003.flac,train,-渔歌,查阜西,CD第1册\CD12\查阜西--渔歌.wav,5153306,7795226,116.855,176.762,0.0187,-30.6777,0.0,0.0,1.0089,-23.3762
bc73e353a4cc0f0d_004.flac,train,-渔歌,查阜西,CD第1册\CD12\查阜西--渔歌.wav,7729958,10371878,175.282,235.19,0.0241,-33.3763,0.0,0.0,0.956,-23.2671
bc73e353a4cc0f0d_005.flac,train,-渔歌,查阜西,CD第1册\CD12\查阜西--渔歌.wav,10306611,12948531,233.71,293.617,0.0114,-31.3232,0.0,0.0,0.9854,-22.4546
bc73e353a4cc0f0d_006.flac,train,-渔歌,查阜西,CD第1册\CD12\查阜西--渔歌.wav,12883264,15525184,292.138,352.045,0.0121,-32.6097,0.0,0.0,0.9801,-21.7898
bc73e353a4cc0f0d_007.flac,train,-渔歌,查阜西,CD第1册\CD12\查阜西--渔歌.wav,15459917,18101837,350.565,410.472,0.009,-34.8973,0.0,0.0,1.0572,-20.3359
bc73e353a4cc0f0d_008.flac,train,-渔歌,查阜西,CD第1册\CD12\查阜西--渔歌.wav,18036570,20678490,408.993,468.9,0.0154,-38.8783,0.0,0.0,1.0426,-20.5823
bc73e353a4cc0f0d_009.flac,train,-渔歌,查阜西,CD第1册\CD12\查阜西--渔歌.wav,20613222,23255142,467.42,527.327,0.0089,-36.9233,0.0,0.0,1.0221,-20.3665
bc73e353a4cc0f0d_010.flac,train,-渔歌,查阜西,CD第1册\CD12\查阜西--渔歌.wav,23189875,25831795,525.848,585.755,0.0267,-38.9694,0.0,0.0,0.9359,-21.4524
bc73e353a4cc0f0d_011.flac,train,-渔歌,查阜西,CD第1册\CD12\查阜西--渔歌.wav,25766528,28408448,584.275,644.182,0.022,-39.5974,0.0,0.0,0.9875,-21.1638
bc73e353a4cc0f0d_012.flac,train,-渔歌,查阜西,CD第1册\CD12\查阜西--渔歌.wav,28343181,30985101,642.703,702.61,0.0113,-37.4946,0.0,0.0,1.0094,-20.2747
bc73e353a4cc0f0d_013.flac,train,-渔歌,查阜西,CD第1册\CD12\查阜西--渔歌.wav,30919834,33561754,701.13,761.038,0.0102,-37.6872,0.0,0.0,1.0206,-22.1106
bc73e353a4cc0f0d_014.flac,train,-渔歌,查阜西,CD第1册\CD12\查阜西--渔歌.wav,33496486,36138406,759.558,819.465,0.0066,-37.4286,0.0,0.0,0.924,-20.9418
bc73e353a4cc0f0d_015.flac,train,-渔歌,查阜西,CD第1册\CD12\查阜西--渔歌.wav,36073139,38715059,817.985,877.892,0.0422,-42.0357,0.0,0.0,0.8847,-23.1965
bc73e353a4cc0f0d_016.flac,train,-渔歌,查阜西,CD第1册\CD12\查阜西--渔歌.wav,38649792,41291712,876.413,936.32,0.1261,-44.5432,0.0,0.0,0.7472,-25.0322
bc5d9385f02c168a_001.flac,test,忆故人,查阜西,CD第1册\CD12\查阜西-忆故人.wav,0,2641920,0.0,59.907,0.026,-41.2011,0.0,0.0,0.3208,-14.9805
bc5d9385f02c168a_002.flac,test,忆故人,查阜西,CD第1册\CD12\查阜西-忆故人.wav,2371986,5013906,53.787,113.694,0.0289,-38.5544,0.0,0.0,0.324,-16.0062
bc5d9385f02c168a_003.flac,test,忆故人,查阜西,CD第1册\CD12\查阜西-忆故人.wav,4743972,7385892,107.573,167.481,0.0279,-41.732,0.0,0.0,0.3418,-14.1563
bc5d9385f02c168a_004.flac,test,忆故人,查阜西,CD第1册\CD12\查阜西-忆故人.wav,7115958,9757878,161.36,221.267,0.0265,-43.8377,0.0,0.0,0.3702,-12.7383
bc5d9385f02c168a_005.flac,test,忆故人,查阜西,CD第1册\CD12\查阜西-忆故人.wav,9487944,12129864,215.146,275.054,0.0263,-43.2452,0.0,0.0,0.3946,-12.9948
bc5d9385f02c168a_006.flac,test,忆故人,查阜西,CD第1册\CD12\查阜西-忆故人.wav,11859930,14501850,268.933,328.84,0.0276,-42.5415,0.0,0.0,0.3996,-13.1107
bc5d9385f02c168a_007.flac,test,忆故人,查阜西,CD第1册\CD12\查阜西-忆故人.wav,14231916,16873836,322.719,382.627,0.0248,-44.3707,0.0,0.0,0.322,-13.9808
7a7c309fcdeb3344_001.flac,train,潇湘水云2,查阜西,CD第1册\CD12\查阜西-潇湘水云2.wav,0,2641920,0.0,59.907,0.2121,-38.5906,0.013,0.6343,0.5336,-22.2731
7a7c309fcdeb3344_002.flac,train,潇湘水云2,查阜西,CD第1册\CD12\查阜西-潇湘水云2.wav,2495741,5137661,56.593,116.5,0.2042,-32.5067,0.0343,1.7694,0.5522,-21.885
7a7c309fcdeb3344_003.flac,train,潇湘水云2,查阜西,CD第1册\CD12\查阜西-潇湘水云2.wav,4991481,7633401,113.186,173.093,0.1857,-34.1164,0.019,1.0349,0.5785,-21.2262
7a7c309fcdeb3344_004.flac,train,潇湘水云2,查阜西,CD第1册\CD12\查阜西-潇湘水云2.wav,7487222,10129142,169.778,229.686,0.1017,-33.6749,0.0099,0.434,0.6767,-20.312
7a7c309fcdeb3344_005.flac,train,潇湘水云2,查阜西,CD第1册\CD12\查阜西-潇湘水云2.wav,9982962,12624882,226.371,286.279,0.0566,-32.6433,0.0016,0.1168,0.743,-20.1853
7a7c309fcdeb3344_006.flac,train,潇湘水云2,查阜西,CD第1册\CD12\查阜西-潇湘水云2.wav,12478703,15120623,282.964,342.871,0.0534,-36.0258,0.0,0.0,0.7606,-18.2449
7a7c309fcdeb3344_007.flac,train,潇湘水云2,查阜西,CD第1册\CD12\查阜西-潇湘水云2.wav,14974444,17616364,339.557,399.464,0.0308,-32.6421,0.0021,0.1502,0.7891,-18.8957
7a7c309fcdeb3344_008.flac,train,潇湘水云2,查阜西,CD第1册\CD12\查阜西-潇湘水云2.wav,17470184,20112104,396.149,456.057,0.0116,-31.0656,0.0,0.0,0.8829,-16.5952
7a7c309fcdeb3344_009.flac,train,潇湘水云2,查阜西,CD第1册\CD12\查阜西-潇湘水云2.wav,19965925,22607845,452.742,512.65,0.0121,-30.9999,0.0002,0.0167,0.9252,-16.4138
7a7c309fcdeb3344_010.flac,train,潇湘水云2,查阜西,CD第1册\CD12\查阜西-潇湘水云2.wav,22461666,25103586,509.335,569.242,0.0139,-31.5725,0.0,0.0,0.9344,-17.6648
7a7c309fcdeb3344_011.flac,train,潇湘水云2,查阜西,CD第1册\CD12\查阜西-潇湘水云2.wav,24957406,27599326,565.928,625.835,0.015,-32.2885,0.0039,0.1669,0.8254,-16.8921
7a7c309fcdeb3344_012.flac,train,潇湘水云2,查阜西,CD第1册\CD12\查阜西-潇湘水云2.wav,27453147,30095067,622.52,682.428,0.0964,-36.0444,0.0027,0.1669,0.6452,-19.4103
7a7c309fcdeb3344_013.flac,train,潇湘水云2,查阜西,CD第1册\CD12\查阜西-潇湘水云2.wav,29948887,32590807,679.113,739.021,0.0274,-33.4603,0.006,0.3338,0.7227,-17.1372
7a7c309fcdeb3344_014.flac,train,潇湘水云2,查阜西,CD第1册\CD12\查阜西-潇湘水云2.wav,32444628,35086548,735.706,795.613,0.1292,-34.8366,0.007,0.4006,0.5723,-20.6744
c0e857cf2c29d166_001.flac,train,醉渔唱晚,查阜西,CD第1册\CD12\查阜西-醉渔唱晚.wav,0,2641920,0.0,59.907,0.1259,-52.4146,0.0008,0.0668,0.5503,-19.5435
c0e857cf2c29d166_002.flac,train,醉渔唱晚,查阜西,CD第1册\CD12\查阜西-醉渔唱晚.wav,2322885,4964805,52.673,112.581,0.1078,-50.5396,0.0,0.0,0.5892,-21.4664
c0e857cf2c29d166_003.flac,train,醉渔唱晚,查阜西,CD第1册\CD12\查阜西-醉渔唱晚.wav,4645770,7287690,105.346,165.254,0.1163,-51.0539,0.0,0.0,0.5256,-22.3509
c0e857cf2c29d166_004.flac,train,醉渔唱晚,查阜西,CD第1册\CD12\查阜西-醉渔唱晚.wav,6968655,9610575,158.019,217.927,0.1176,-51.4616,0.0014,0.0334,0.4998,-21.8975
c0e857cf2c29d166_005.flac,train,醉渔唱晚,查阜西,CD第1册\CD12\查阜西-醉渔唱晚.wav,9291540,11933460,210.693,270.6,0.1502,-50.927,0.002,0.1335,0.3948,-22.9967
c4f7a94b370511b1_001.flac,train,阳关三叠,查阜西,CD第1册\CD12\查阜西-阳关三叠.wav,0,2641920,0.0,59.907,0.1448,-54.2379,0.0006,0.0334,0.3627,-12.9903
c4f7a94b370511b1_002.flac,train,阳关三叠,查阜西,CD第1册\CD12\查阜西-阳关三叠.wav,2103267,4745187,47.693,107.601,0.1551,-53.4418,0.0035,0.1168,0.3654,-14.1102
c4f7a94b370511b1_003.flac,train,阳关三叠,查阜西,CD第1册\CD12\查阜西-阳关三叠.wav,4206534,6848454,95.386,155.294,0.1518,-54.2736,0.0,0.0,0.3743,-13.5434
c4f7a94b370511b1_004.flac,train,阳关三叠,查阜西,CD第1册\CD12\查阜西-阳关三叠.wav,6309801,8951721,143.079,202.987,0.1608,-53.6063,0.0,0.0,0.3682,-14.2495
c4f7a94b370511b1_005.flac,train,阳关三叠,查阜西,CD第1册\CD12\查阜西-阳关三叠.wav,8413068,11054988,190.773,250.68,0.1573,-54.2007,0.0006,0.0501,0.3018,-14.018
2fc8c2bc260a5575_001.flac,train,平沙落雁,根如,CD第1册\CD05\根如-平沙落雁.wav,0,2641920,0.0,59.907,0.0242,-33.8465,0.0,0.0,0.5685,-18.7491
2fc8c2bc260a5575_002.flac,train,平沙落雁,根如,CD第1册\CD05\根如-平沙落雁.wav,2117820,4759740,48.023,107.931,0.0143,-29.9513,0.0,0.0,0.7526,-17.3015
2fc8c2bc260a5575_003.flac,train,平沙落雁,根如,CD第1册\CD05\根如-平沙落雁.wav,4235640,6877560,96.046,155.954,0.0116,-29.5284,0.0,0.0,0.7863,-16.2233
2fc8c2bc260a5575_004.flac,train,平沙落雁,根如,CD第1册\CD05\根如-平沙落雁.wav,6353460,8995380,144.069,203.977,0.0133,-30.57,0.0,0.0,0.7725,-16.6937
2fc8c2bc260a5575_005.flac,train,平沙落雁,根如,CD第1册\CD05\根如-平沙落雁.wav,8471280,11113200,192.093,252.0,0.0173,-29.1616,0.0,0.0,0.7428,-15.9779
05d52972d40d9cd9_001.flac,train,风雷引,毓邻初,CD第4册\74\毓邻初-风雷引.wav,0,2641920,0.0,59.907,0.0133,-44.4891,0.0,0.0,0.7648,-14.3484
05d52972d40d9cd9_002.flac,train,风雷引,毓邻初,CD第4册\74\毓邻初-风雷引.wav,2321608,4963528,52.644,112.552,0.0067,-38.5274,0.0,0.0,0.8018,-15.2176
05d52972d40d9cd9_003.flac,train,风雷引,毓邻初,CD第4册\74\毓邻初-风雷引.wav,4643216,7285136,105.288,165.196,0.0055,-39.2121,0.0,0.0,0.8338,-15.5192
05d52972d40d9cd9_004.flac,train,风雷引,毓邻初,CD第4册\74\毓邻初-风雷引.wav,6964824,9606744,157.933,217.84,0.0105,-44.0963,0.0,0.0,0.7614,-16.4611
dc3a8c925c064fab_001.flac,test,广寒秋,汪孟舒,CD第1册\CD05\汪孟舒-广寒秋.wav,0,2641920,0.0,59.907,0.2784,-52.2247,0.0,0.0,0.4789,-14.5593
dc3a8c925c064fab_002.flac,test,广寒秋,汪孟舒,CD第1册\CD05\汪孟舒-广寒秋.wav,2636556,5278476,59.786,119.693,0.1497,-50.3574,0.0,0.0,0.6014,-14.8103
292923162b6bc74d_001.flac,train,清夜吟,汪孟舒,CD第1册\CD05\汪孟舒-清夜吟.wav,0,2641920,0.0,59.907,0.3283,-48.3844,0.0,0.0,0.3915,-18.1767
292923162b6bc74d_002.flac,train,清夜吟,汪孟舒,CD第1册\CD05\汪孟舒-清夜吟.wav,2356980,4998900,53.446,113.354,0.1185,-45.7107,0.0041,0.0167,0.481,-18.0647
292923162b6bc74d_003.flac,train,清夜吟,汪孟舒,CD第1册\CD05\汪孟舒-清夜吟.wav,4713960,7355880,106.893,166.8,0.1039,-46.7352,0.0,0.0,0.5039,-15.5973
d25759468e274262_001.flac,validation,归去来辞,汪振华,CD第4册\61\汪振华-归去来辞.wav,0,2641920,0.0,59.907,0.0776,-53.5441,0.0,0.0,0.446,-19.2885
d25759468e274262_002.flac,validation,归去来辞,汪振华,CD第4册\61\汪振华-归去来辞.wav,2376096,5018016,53.88,113.787,0.0768,-54.0085,0.0,0.0,0.5082,-18.7727
d25759468e274262_003.flac,validation,归去来辞,汪振华,CD第4册\61\汪振华-归去来辞.wav,4752192,7394112,107.759,167.667,0.0816,-53.841,0.0,0.0,0.4623,-17.2243
d25759468e274262_004.flac,validation,归去来辞,汪振华,CD第4册\61\汪振华-归去来辞.wav,7128288,9770208,161.639,221.547,0.083,-53.1673,0.0,0.0,0.4648,-16.8379
c709f42bdb0a261b_001.flac,test,渔樵问答1,汪振华,CD第4册\61\汪振华-渔樵问答1.wav,0,2641920,0.0,59.907,0.3416,-65.6052,0.0,0.0,0.6185,-18.1669
c709f42bdb0a261b_002.flac,test,渔樵问答1,汪振华,CD第4册\61\汪振华-渔樵问答1.wav,2266244,4908164,51.389,111.296,0.2025,-67.2372,0.0,0.0,0.7426,-16.6141
c709f42bdb0a261b_003.flac,test,渔樵问答1,汪振华,CD第4册\61\汪振华-渔樵问答1.wav,4532488,7174408,102.778,162.685,0.0519,-65.185,0.0,0.0,0.9268,-15.5148
c709f42bdb0a261b_004.flac,test,渔樵问答1,汪振华,CD第4册\61\汪振华-渔樵问答1.wav,6798732,9440652,154.166,214.074,0.0752,-65.8859,0.0,0.0,0.882,-15.314
c709f42bdb0a261b_005.flac,test,渔樵问答1,汪振华,CD第4册\61\汪振华-渔樵问答1.wav,9064976,11706896,205.555,265.462,0.0293,-62.5482,0.0,0.0,0.9826,-14.1624
c709f42bdb0a261b_006.flac,test,渔樵问答1,汪振华,CD第4册\61\汪振华-渔樵问答1.wav,11331220,13973140,256.944,316.851,0.0227,-62.1601,0.0,0.0,1.0154,-14.3637
c709f42bdb0a261b_007.flac,test,渔樵问答1,汪振华,CD第4册\61\汪振华-渔樵问答1.wav,13597464,16239384,308.333,368.24,0.0519,-64.7383,0.0,0.0,0.819,-15.6324
0948a45ffe7b1c35_001.flac,test,渔樵问答2,汪振华,CD第4册\61\汪振华-渔樵问答2.wav,0,2641920,0.0,59.907,0.0182,-33.8052,0.0,0.0,0.8334,-17.6409
0948a45ffe7b1c35_002.flac,test,渔樵问答2,汪振华,CD第4册\61\汪振华-渔樵问答2.wav,2515810,5157730,57.048,116.955,0.0018,-30.1647,0.0,0.0,1.0227,-14.6104
0948a45ffe7b1c35_003.flac,test,渔樵问答2,汪振华,CD第4册\61\汪振华-渔樵问答2.wav,5031619,7673539,114.096,174.003,0.0009,-28.649,0.0,0.0,1.1383,-13.8574
0948a45ffe7b1c35_004.flac,test,渔樵问答2,汪振华,CD第4册\61\汪振华-渔樵问答2.wav,7547429,10189349,171.144,231.051,0.001,-28.6366,0.0,0.0,1.1117,-13.1605
0948a45ffe7b1c35_005.flac,test,渔樵问答2,汪振华,CD第4册\61\汪振华-渔樵问答2.wav,10063238,12705158,228.191,288.099,0.0008,-30.1807,0.0,0.0,1.1049,-11.0588
0948a45ffe7b1c35_006.flac,test,渔樵问答2,汪振华,CD第4册\61\汪振华-渔樵问答2.wav,12579048,15220968,285.239,345.147,0.0013,-29.9323,0.0,0.0,1.003,-13.6962
efad020106c6cfba_001.flac,train,平沙落雁,沈草农,CD第1册\CD08\沈草农-平沙落雁.wav,0,2641920,0.0,59.907,0.0296,-50.7849,0.0,0.0,0.7192,-21.2146
efad020106c6cfba_002.flac,train,平沙落雁,沈草农,CD第1册\CD08\沈草农-平沙落雁.wav,2176032,4817952,49.343,109.251,0.0137,-48.5304,0.0,0.0,0.7849,-18.6351
efad020106c6cfba_003.flac,train,平沙落雁,沈草农,CD第1册\CD08\沈草农-平沙落雁.wav,4352064,6993984,98.686,158.594,0.0139,-48.9297,0.0,0.0,0.8087,-17.9247
efad020106c6cfba_004.flac,train,平沙落雁,沈草农,CD第1册\CD08\沈草农-平沙落雁.wav,6528096,9170016,148.029,207.937,0.0133,-46.59,0.0,0.0,0.8204,-18.8145
efad020106c6cfba_005.flac,train,平沙落雁,沈草农,CD第1册\CD08\沈草农-平沙落雁.wav,8704128,11346048,197.373,257.28,0.0112,-48.9209,0.0,0.0,0.7822,-17.7781
5b48cbddc401c1cb_001.flac,test,渔樵问答,沈草农,CD第1册\CD08\沈草农-渔樵问答.wav,0,2641920,0.0,59.907,0.0408,-41.8081,0.0,0.0,0.7635,-21.5293
5b48cbddc401c1cb_002.flac,test,渔樵问答,沈草农,CD第1册\CD08\沈草农-渔樵问答.wav,2527587,5169507,57.315,117.222,0.0279,-39.9643,0.0,0.0,0.78,-17.8868
5b48cbddc401c1cb_003.flac,test,渔樵问答,沈草农,CD第1册\CD08\沈草农-渔樵问答.wav,5055174,7697094,114.63,174.537,0.0351,-42.6517,0.0,0.0,0.7026,-20.6113
5b48cbddc401c1cb_004.flac,test,渔樵问答,沈草农,CD第1册\CD08\沈草农-渔樵问答.wav,7582761,10224681,171.945,231.852,0.0257,-40.4361,0.0,0.0,0.7772,-21.7094
5b48cbddc401c1cb_005.flac,test,渔樵问答,沈草农,CD第1册\CD08\沈草农-渔樵问答.wav,10110348,12752268,229.26,289.167,0.0379,-42.737,0.0,0.0,0.7357,-20.4743
5b48cbddc401c1cb_006.flac,test,渔樵问答,沈草农,CD第1册\CD08\沈草农-渔樵问答.wav,12637935,15279855,286.574,346.482,0.0261,-40.3971,0.0,0.0,0.795,-16.6773
5b48cbddc401c1cb_007.flac,test,渔樵问答,沈草农,CD第1册\CD08\沈草农-渔樵问答.wav,15165522,17807442,343.889,403.797,0.0221,-39.8849,0.0,0.0,0.832,-17.2962
5b48cbddc401c1cb_008.flac,test,渔樵问答,沈草农,CD第1册\CD08\沈草农-渔樵问答.wav,17693109,20335029,401.204,461.112,0.0213,-38.9408,0.0,0.0,0.8022,-20.1392
5b48cbddc401c1cb_009.flac,test,渔樵问答,沈草农,CD第1册\CD08\沈草农-渔樵问答.wav,20220696,22862616,458.519,518.427,0.0367,-43.0503,0.0,0.0,0.7515,-23.0315
7d21168e32b0bebd_001.flac,train,秋塞,沈草农,CD第1册\CD08\沈草农-秋塞.wav,0,2641920,0.0,59.907,0.0027,-44.8402,0.0,0.0,0.8258,-15.4258
7d21168e32b0bebd_002.flac,train,秋塞,沈草农,CD第1册\CD08\沈草农-秋塞.wav,2128082,4770002,48.256,108.163,0.0014,-42.3262,0.0,0.0,0.8422,-14.0369
7d21168e32b0bebd_003.flac,train,秋塞,沈草农,CD第1册\CD08\沈草农-秋塞.wav,4256165,6898085,96.512,156.419,0.0015,-43.6067,0.0,0.0,0.8626,-13.3615
7d21168e32b0bebd_004.flac,train,秋塞,沈草农,CD第1册\CD08\沈草农-秋塞.wav,6384247,9026167,144.768,204.675,0.0011,-41.9438,0.0,0.0,0.8497,-12.2556
7d21168e32b0bebd_005.flac,train,秋塞,沈草农,CD第1册\CD08\沈草农-秋塞.wav,8512330,11154250,193.023,252.931,0.0008,-39.5875,0.0,0.0,0.841,-12.3422
7d21168e32b0bebd_006.flac,train,秋塞,沈草农,CD第1册\CD08\沈草农-秋塞.wav,10640412,13282332,241.279,301.187,0.0018,-44.3301,0.0,0.0,0.8009,-13.8691
7ffaf231f58d69ff_001.flac,train,普庵咒,溥雪斋,CD第1册\CD08\溥雪斋-普庵咒.wav,0,2641920,0.0,59.907,0.0097,-37.8787,0.0,0.0,0.8841,-28.9945
7ffaf231f58d69ff_002.flac,train,普庵咒,溥雪斋,CD第1册\CD08\溥雪斋-普庵咒.wav,2342755,4984675,53.124,113.031,0.0044,-35.2299,0.0,0.0,0.8412,-24.8134
7ffaf231f58d69ff_003.flac,train,普庵咒,溥雪斋,CD第1册\CD08\溥雪斋-普庵咒.wav,4685510,7327430,106.247,166.155,0.0027,-32.8181,0.0,0.0,0.8213,-24.5692
7ffaf231f58d69ff_004.flac,train,普庵咒,溥雪斋,CD第1册\CD08\溥雪斋-普庵咒.wav,7028265,9670185,159.371,219.279,0.0025,-31.8328,0.0,0.0,0.8651,-23.3261
7ffaf231f58d69ff_005.flac,train,普庵咒,溥雪斋,CD第1册\CD08\溥雪斋-普庵咒.wav,9371019,12012939,212.495,272.402,0.0021,-30.5772,0.0,0.0,0.8246,-21.7436
7ffaf231f58d69ff_006.flac,train,普庵咒,溥雪斋,CD第1册\CD08\溥雪斋-普庵咒.wav,11713774,14355694,265.618,325.526,0.0029,-32.1842,0.0,0.0,0.8179,-22.4682
7ffaf231f58d69ff_007.flac,train,普庵咒,溥雪斋,CD第1册\CD08\溥雪斋-普庵咒.wav,14056529,16698449,318.742,378.65,0.0032,-32.9931,0.0,0.0,0.7787,-23.5743
7ffaf231f58d69ff_008.flac,train,普庵咒,溥雪斋,CD第1册\CD08\溥雪斋-普庵咒.wav,16399284,19041204,371.866,431.773,0.0051,-35.4421,0.0,0.0,0.7439,-25.7742
ca22eb784a50e84a_001.flac,train,梅花三弄1,溥雪斋,CD第1册\CD08\溥雪斋-梅花三弄1.wav,0,2641920,0.0,59.907,0.0061,-37.6577,0.0,0.0,0.7148,-25.1554
ca22eb784a50e84a_002.flac,train,梅花三弄1,溥雪斋,CD第1册\CD08\溥雪斋-梅花三弄1.wav,2354095,4996015,53.381,113.288,0.0078,-34.5944,0.0,0.0,0.8439,-25.814
ca22eb784a50e84a_003.flac,train,梅花三弄1,溥雪斋,CD第1册\CD08\溥雪斋-梅花三弄1.wav,4708190,7350110,106.762,166.669,0.006,-35.2062,0.0,0.0,0.9077,-22.1706
ca22eb784a50e84a_004.flac,train,梅花三弄1,溥雪斋,CD第1册\CD08\溥雪斋-梅花三弄1.wav,7062285,9704205,160.143,220.05,0.0065,-31.1615,0.0,0.0,1.044,-18.8146
ca22eb784a50e84a_005.flac,train,梅花三弄1,溥雪斋,CD第1册\CD08\溥雪斋-梅花三弄1.wav,9416379,12058299,213.523,273.431,0.0068,-29.3196,0.0004,0.0334,0.9357,-20.3771
ca22eb784a50e84a_006.flac,train,梅花三弄1,溥雪斋,CD第1册\CD08\溥雪斋-梅花三弄1.wav,11770474,14412394,266.904,326.812,0.007,-27.1421,0.0004,0.0167,0.9953,-17.4479
ca22eb784a50e84a_007.flac,train,梅花三弄1,溥雪斋,CD第1册\CD08\溥雪斋-梅花三弄1.wav,14124569,16766489,320.285,380.192,0.0049,-27.5894,0.0002,0.0167,0.8641,-16.3278
ca22eb784a50e84a_008.flac,train,梅花三弄1,溥雪斋,CD第1册\CD08\溥雪斋-梅花三弄1.wav,16478664,19120584,373.666,433.573,0.0067,-35.3988,0.0002,0.0167,0.7127,-21.0412
e76d3b158caa4847_001.flac,train,梅花三弄2,溥雪斋,CD第1册\CD08\溥雪斋-梅花三弄2.wav,0,2641920,0.0,59.907,0.0081,-41.7907,0.0,0.0,0.7319,-23.7259
e76d3b158caa4847_002.flac,train,梅花三弄2,溥雪斋,CD第1册\CD08\溥雪斋-梅花三弄2.wav,2359975,5001895,53.514,113.422,0.0066,-40.3473,0.0,0.0,0.8345,-23.8025
e76d3b158caa4847_003.flac,train,梅花三弄2,溥雪斋,CD第1册\CD08\溥雪斋-梅花三弄2.wav,4719950,7361870,107.028,166.936,0.0056,-38.826,0.0,0.0,0.9119,-20.8346
e76d3b158caa4847_004.flac,train,梅花三弄2,溥雪斋,CD第1册\CD08\溥雪斋-梅花三弄2.wav,7079925,9721845,160.543,220.45,0.0051,-32.4683,0.0,0.0,0.8535,-20.3166
e76d3b158caa4847_005.flac,train,梅花三弄2,溥雪斋,CD第1册\CD08\溥雪斋-梅花三弄2.wav,9439899,12081819,214.057,273.964,0.0063,-31.0414,0.0,0.0,0.8807,-22.1371
e76d3b158caa4847_006.flac,train,梅花三弄2,溥雪斋,CD第1册\CD08\溥雪斋-梅花三弄2.wav,11799874,14441794,267.571,327.478,0.0042,-30.3444,0.0,0.0,0.8727,-20.3588
e76d3b158caa4847_007.flac,train,梅花三弄2,溥雪斋,CD第1册\CD08\溥雪斋-梅花三弄2.wav,14159849,16801769,321.085,380.992,0.0047,-32.3059,0.0,0.0,0.7951,-20.5917
e76d3b158caa4847_008.flac,train,梅花三弄2,溥雪斋,CD第1册\CD08\溥雪斋-梅花三弄2.wav,16519824,19161744,374.599,434.507,0.0071,-38.8009,0.0,0.0,0.7383,-23.7177
9b02ca3e394961a3_001.flac,train,良宵引,溥雪斋,CD第1册\CD08\溥雪斋-良宵引.wav,0,2641920,0.0,59.907,0.0106,-36.1534,0.0,0.0,0.6994,-22.4901
9b02ca3e394961a3_002.flac,train,良宵引,溥雪斋,CD第1册\CD08\溥雪斋-良宵引.wav,1541718,4183638,34.96,94.867,0.0078,-35.7065,0.0,0.0,0.7113,-20.9112
9b02ca3e394961a3_003.flac,train,良宵引,溥雪斋,CD第1册\CD08\溥雪斋-良宵引.wav,3083436,5725356,69.919,129.827,0.0083,-36.241,0.0,0.0,0.6824,-21.5209
ef423b9151d1da6c_001.flac,train,酒狂,溥雪斋,CD第1册\CD08\溥雪斋-酒狂.wav,0,2641920,0.0,59.907,0.0032,-25.4896,0.0027,0.0501,0.8853,-12.8418
ef423b9151d1da6c_002.flac,train,酒狂,溥雪斋,CD第1册\CD08\溥雪斋-酒狂.wav,1399404,4041324,31.733,91.64,0.0031,-24.1943,0.0048,0.0501,0.8644,-13.2698
2d29016448bdbd64_001.flac,train,鸥鹭忘机,溥雪斋,CD第1册\CD08\溥雪斋-鸥鹭忘机.wav,0,2641920,0.0,59.907,0.0179,-38.0543,0.0,0.0,0.6816,-24.8922
2d29016448bdbd64_002.flac,train,鸥鹭忘机,溥雪斋,CD第1册\CD08\溥雪斋-鸥鹭忘机.wav,2054316,4696236,46.583,106.491,0.0153,-35.3323,0.0,0.0,0.6939,-24.552
2d29016448bdbd64_003.flac,train,鸥鹭忘机,溥雪斋,CD第1册\CD08\溥雪斋-鸥鹭忘机.wav,4108632,6750552,93.166,153.074,0.009,-32.3591,0.0,0.0,0.7648,-23.3234
2d29016448bdbd64_004.flac,train,鸥鹭忘机,溥雪斋,CD第1册\CD08\溥雪斋-鸥鹭忘机.wav,6162948,8804868,139.749,199.657,0.0067,-31.599,0.0,0.0,0.7491,-22.5697
2d29016448bdbd64_005.flac,train,鸥鹭忘机,溥雪斋,CD第1册\CD08\溥雪斋-鸥鹭忘机.wav,8217264,10859184,186.333,246.24,0.0136,-38.2997,0.0,0.0,0.6617,-23.2951
a7b2a95fa9a96ae5_001.flac,train,古交行,王生香,CD第2册\34\王生香-古交行.wav,0,2641920,0.0,59.907,0.52,-43.4796,0.0006,0.0334,0.3444,-19.326
a7b2a95fa9a96ae5_002.flac,train,古交行,王生香,CD第2册\34\王生香-古交行.wav,2604688,5246608,59.063,118.971,0.5314,-41.0659,0.0002,0.0167,0.3437,-21.4287
a7b2a95fa9a96ae5_003.flac,train,古交行,王生香,CD第2册\34\王生香-古交行.wav,5209377,7851297,118.126,178.034,0.512,-42.0767,0.0,0.0,0.4038,-18.7039
a7b2a95fa9a96ae5_004.flac,train,古交行,王生香,CD第2册\34\王生香-古交行.wav,7814066,10455986,177.19,237.097,0.5142,-42.1061,0.0004,0.0334,0.4075,-20.3091
a7b2a95fa9a96ae5_005.flac,train,古交行,王生香,CD第2册\34\王生香-古交行.wav,10418754,13060674,236.253,296.16,0.4707,-43.119,0.0004,0.0334,0.5454,-16.6891
a7b2a95fa9a96ae5_006.flac,train,古交行,王生香,CD第2册\34\王生香-古交行.wav,13023442,15665362,295.316,355.224,0.3984,-42.2399,0.0002,0.0167,0.5782,-17.3093
a7b2a95fa9a96ae5_007.flac,train,古交行,王生香,CD第2册\34\王生香-古交行.wav,15628131,18270051,354.379,414.287,0.4446,-43.5066,0.0,0.0,0.5237,-17.6686
a7b2a95fa9a96ae5_008.flac,train,古交行,王生香,CD第2册\34\王生香-古交行.wav,18232820,20874740,413.443,473.35,0.5251,-43.0388,0.0,0.0,0.365,-19.8361
a7b2a95fa9a96ae5_009.flac,train,古交行,王生香,CD第2册\34\王生香-古交行.wav,20837508,23479428,472.506,532.413,0.5307,-39.7846,0.0002,0.0167,0.3084,-22.5058
ea81e6087bc43d1a_001.flac,train,平沙落雁,王生香,CD第2册\34\王生香-平沙落雁.wav,0,2641920,0.0,59.907,0.0888,-41.2352,0.0,0.0,0.6174,-20.5363
ea81e6087bc43d1a_002.flac,train,平沙落雁,王生香,CD第2册\34\王生香-平沙落雁.wav,2196996,4838916,49.819,109.726,0.0295,-32.029,0.0,0.0,0.8249,-18.1027
ea81e6087bc43d1a_003.flac,train,平沙落雁,王生香,CD第2册\34\王生香-平沙落雁.wav,4393992,7035912,99.637,159.544,0.0246,-30.0254,0.0,0.0,0.8448,-17.4755
ea81e6087bc43d1a_004.flac,train,平沙落雁,王生香,CD第2册\34\王生香-平沙落雁.wav,6590988,9232908,149.456,209.363,0.0238,-31.3926,0.0,0.0,0.8694,-16.2644
ea81e6087bc43d1a_005.flac,train,平沙落雁,王生香,CD第2册\34\王生香-平沙落雁.wav,8787984,11429904,199.274,259.181,0.0197,-31.3815,0.0002,0.0167,0.8443,-16.628
ea81e6087bc43d1a_006.flac,train,平沙落雁,王生香,CD第2册\34\王生香-平沙落雁.wav,10984980,13626900,249.093,309.0,0.0202,-33.2107,0.0,0.0,0.7828,-15.5602
c50cbd52fd528d36_001.flac,train,酒狂,王生香,CD第2册\34\王生香-酒狂.wav,0,2641920,0.0,59.907,0.0213,-25.9529,0.0006,0.0501,0.8736,-15.5693
c50cbd52fd528d36_002.flac,train,酒狂,王生香,CD第2册\34\王生香-酒狂.wav,1611690,4253610,36.546,96.454,0.0234,-24.5957,0.001,0.0668,0.8871,-14.9436
c50cbd52fd528d36_003.flac,train,酒狂,王生香,CD第2册\34\王生香-酒狂.wav,3223380,5865300,73.093,133.0,0.0405,-26.7383,0.0055,0.217,0.8066,-15.4964
517e1a75f97c2c88_001.flac,train,长门怨,王生香,CD第2册\34\王生香-长门怨.wav,0,2641920,0.0,59.907,0.0814,-35.4207,0.0,0.0,0.6487,-21.2786
517e1a75f97c2c88_002.flac,train,长门怨,王生香,CD第2册\34\王生香-长门怨.wav,2052258,4694178,46.536,106.444,0.0372,-30.1354,0.0,0.0,0.7893,-19.4065
517e1a75f97c2c88_003.flac,train,长门怨,王生香,CD第2册\34\王生香-长门怨.wav,4104516,6746436,93.073,152.98,0.0327,-28.3853,0.0,0.0,0.8355,-18.6125
517e1a75f97c2c88_004.flac,train,长门怨,王生香,CD第2册\34\王生香-长门怨.wav,6156774,8798694,139.609,199.517,0.0254,-28.0853,0.0,0.0,0.8152,-18.309
517e1a75f97c2c88_005.flac,train,长门怨,王生香,CD第2册\34\王生香-长门怨.wav,8209032,10850952,186.146,246.053,0.0274,-30.2107,0.0004,0.0334,0.7638,-18.4884
816146772f365963_001.flac,validation,关山月,程午嘉,CD第2册\34\程午嘉-关山月.wav,0,2641920,0.0,59.907,0.0247,-43.9206,0.0,0.0,0.9001,-19.2857
816146772f365963_002.flac,validation,关山月,程午嘉,CD第2册\34\程午嘉-关山月.wav,1953324,4595244,44.293,104.201,0.0223,-43.1118,0.0,0.0,0.9048,-19.3471
816146772f365963_003.flac,validation,关山月,程午嘉,CD第2册\34\程午嘉-关山月.wav,3906648,6548568,88.586,148.494,0.0262,-43.7406,0.0,0.0,0.8756,-19.6869
816146772f365963_004.flac,validation,关山月,程午嘉,CD第2册\34\程午嘉-关山月.wav,5859972,8501892,132.879,192.787,0.0215,-42.6084,0.0,0.0,0.8893,-19.8095
c048ace807fed9ff_001.flac,train,平沙落雁,程午嘉,CD第2册\34\程午嘉-平沙落雁.wav,0,2641920,0.0,59.907,0.0529,-51.5445,0.0,0.0,0.7181,-16.9284
c048ace807fed9ff_002.flac,train,平沙落雁,程午嘉,CD第2册\34\程午嘉-平沙落雁.wav,2509869,5151789,56.913,116.821,0.023,-43.7926,0.0,0.0,0.912,-18.5303
c048ace807fed9ff_003.flac,train,平沙落雁,程午嘉,CD第2册\34\程午嘉-平沙落雁.wav,5019738,7661658,113.826,173.734,0.0282,-44.5271,0.0,0.0,0.9326,-18.9872
c048ace807fed9ff_004.flac,train,平沙落雁,程午嘉,CD第2册\34\程午嘉-平沙落雁.wav,7529607,10171527,170.739,230.647,0.0202,-43.7024,0.0,0.0,0.9484,-19.0799
c048ace807fed9ff_005.flac,train,平沙落雁,程午嘉,CD第2册\34\程午嘉-平沙落雁.wav,10039476,12681396,227.653,287.56,0.0154,-42.9161,0.0,0.0,0.8944,-18.7826
c560c7a6b8d3666a_001.flac,train,玉楼春晓,程午嘉,CD第2册\34\程午嘉-玉楼春晓.wav,0,2641920,0.0,59.907,0.0125,-45.5123,0.0,0.0,0.9417,-16.42
c560c7a6b8d3666a_002.flac,train,玉楼春晓,程午嘉,CD第2册\34\程午嘉-玉楼春晓.wav,1332096,3974016,30.206,90.114,0.0112,-45.2066,0.0,0.0,0.9857,-17.314
c560c7a6b8d3666a_003.flac,train,玉楼春晓,程午嘉,CD第2册\34\程午嘉-玉楼春晓.wav,2664192,5306112,60.413,120.32,0.0125,-45.0725,0.0,0.0,0.9782,-18.644
04c039bd5adc103b_001.flac,validation,秋江夜泊,程午嘉,CD第2册\34\程午嘉-秋江夜泊.wav,0,2641920,0.0,59.907,0.0149,-46.6786,0.0,0.0,0.7639,-17.487
04c039bd5adc103b_002.flac,validation,秋江夜泊,程午嘉,CD第2册\34\程午嘉-秋江夜泊.wav,2635692,5277612,59.766,119.674,0.0084,-43.5451,0.0,0.0,0.8554,-18.5722
04c039bd5adc103b_003.flac,validation,秋江夜泊,程午嘉,CD第2册\34\程午嘉-秋江夜泊.wav,5271384,7913304,119.533,179.44,0.0102,-45.4123,0.0,0.0,0.8219,-18.6655
875d123fc2ac4d0a_001.flac,train,长门怨,程午嘉,CD第2册\34\程午嘉-长门怨.wav,0,2641920,0.0,59.907,0.0239,-47.4197,0.0,0.0,0.7489,-18.859
875d123fc2ac4d0a_002.flac,train,长门怨,程午嘉,CD第2册\34\程午嘉-长门怨.wav,2155746,4797666,48.883,108.791,0.0229,-47.8471,0.0,0.0,0.7584,-19.2341
875d123fc2ac4d0a_003.flac,train,长门怨,程午嘉,CD第2册\34\程午嘉-长门怨.wav,4311492,6953412,97.766,157.674,0.0175,-44.9626,0.0,0.0,0.7916,-20.2776
875d123fc2ac4d0a_004.flac,train,长门怨,程午嘉,CD第2册\34\程午嘉-长门怨.wav,6467238,9109158,146.649,206.557,0.0133,-43.5834,0.0,0.0,0.8691,-19.786
875d123fc2ac4d0a_005.flac,train,长门怨,程午嘉,CD第2册\34\程午嘉-长门怨.wav,8622984,11264904,195.533,255.44,0.0296,-47.3753,0.0,0.0,0.7181,-21.6028
c04b59da46df5a1e_001.flac,train,风雷引,程午嘉,CD第2册\34\程午嘉-风雷引.wav,0,2641920,0.0,59.907,0.0092,-46.1894,0.0,0.0,0.8194,-18.0136
c04b59da46df5a1e_002.flac,train,风雷引,程午嘉,CD第2册\34\程午嘉-风雷引.wav,2115416,4757336,47.969,107.876,0.0039,-43.5699,0.0,0.0,0.9713,-18.368
c04b59da46df5a1e_003.flac,train,风雷引,程午嘉,CD第2册\34\程午嘉-风雷引.wav,4230832,6872752,95.937,155.845,0.003,-42.524,0.0,0.0,1.0537,-18.3711
c04b59da46df5a1e_004.flac,train,风雷引,程午嘉,CD第2册\34\程午嘉-风雷引.wav,6346248,8988168,143.906,203.813,0.0048,-44.8923,0.0,0.0,0.996,-19.5877
c80d3fcb265e4ea3_001.flac,train,乌夜啼,管平湖,CD第1册\CD19\管平湖-乌夜啼.wav,0,2641920,0.0,59.907,0.029,-45.4864,0.0,0.0,0.8235,-23.4687
c80d3fcb265e4ea3_002.flac,train,乌夜啼,管平湖,CD第1册\CD19\管平湖-乌夜啼.wav,2492013,5133933,56.508,116.416,0.014,-46.6819,0.0,0.0,0.9344,-22.0907
c80d3fcb265e4ea3_003.flac,train,乌夜啼,管平湖,CD第1册\CD19\管平湖-乌夜啼.wav,4984026,7625946,113.016,172.924,0.0084,-43.6012,0.0,0.0,0.9721,-18.5193
c80d3fcb265e4ea3_004.flac,train,乌夜啼,管平湖,CD第1册\CD19\管平湖-乌夜啼.wav,7476039,10117959,169.525,229.432,0.0056,-41.0233,0.0,0.0,1.001,-20.8063
c80d3fcb265e4ea3_005.flac,train,乌夜啼,管平湖,CD第1册\CD19\管平湖-乌夜啼.wav,9968052,12609972,226.033,285.94,0.0095,-45.9881,0.0,0.0,1.0016,-20.9841
c80d3fcb265e4ea3_006.flac,train,乌夜啼,管平湖,CD第1册\CD19\管平湖-乌夜啼.wav,12460065,15101985,282.541,342.449,0.0065,-44.4345,0.0,0.0,1.0777,-17.9269
c80d3fcb265e4ea3_007.flac,train,乌夜啼,管平湖,CD第1册\CD19\管平湖-乌夜啼.wav,14952078,17593998,339.049,398.957,0.0111,-44.7918,0.0,0.0,1.0687,-19.418
c80d3fcb265e4ea3_008.flac,train,乌夜啼,管平湖,CD第1册\CD19\管平湖-乌夜啼.wav,17444091,20086011,395.558,455.465,0.0076,-44.3873,0.0,0.0,1.0156,-21.2331
c80d3fcb265e4ea3_009.flac,train,乌夜啼,管平湖,CD第1册\CD19\管平湖-乌夜啼.wav,19936104,22578024,452.066,511.973,0.0098,-44.9813,0.0,0.0,1.0168,-21.8491
b460e944e5a359ab_001.flac,train,天风环珮1,管平湖,CD第1册\CD19\管平湖-天风环珮1.wav,0,2641920,0.0,59.907,0.1167,-66.6817,0.0,0.0,0.7878,-22.137
b460e944e5a359ab_002.flac,train,天风环珮1,管平湖,CD第1册\CD19\管平湖-天风环珮1.wav,1733112,4375032,39.3,99.207,0.0457,-61.6742,0.0,0.0,0.9207,-23.1416
b460e944e5a359ab_003.flac,train,天风环珮1,管平湖,CD第1册\CD19\管平湖-天风环珮1.wav,3466224,6108144,78.599,138.507,0.0397,-60.2391,0.0,0.0,0.8935,-22.7254
19f3c30c64694e5d_001.flac,train,天风环珮2,管平湖,CD第1册\CD19\管平湖-天风环珮2.wav,0,2641920,0.0,59.907,0.2327,-40.3971,0.0461,1.1184,0.7789,-16.9405
19f3c30c64694e5d_002.flac,train,天风环珮2,管平湖,CD第1册\CD19\管平湖-天风环珮2.wav,2197932,4839852,49.84,109.747,0.2195,-38.8407,0.02,0.9014,0.8802,-16.9807
19f3c30c64694e5d_003.flac,train,天风环珮2,管平湖,CD第1册\CD19\管平湖-天风环珮2.wav,4395864,7037784,99.679,159.587,0.2331,-37.5619,0.0382,1.2352,0.9588,-15.5948
19f3c30c64694e5d_004.flac,train,天风环珮2,管平湖,CD第1册\CD19\管平湖-天风环珮2.wav,6593796,9235716,149.519,209.427,0.2202,-37.3952,0.0372,1.1017,0.8891,-16.5932
f6394883fb621075_001.flac,train,幽兰1,管平湖,CD第1册\CD19\管平湖-幽兰1.wav,0,2641920,0.0,59.907,0.206,-48.7748,0.005,0.2337,0.6895,-13.9232
f6394883fb621075_002.flac,train,幽兰1,管平湖,CD第1册\CD19\管平湖-幽兰1.wav,2458307,5100227,55.744,115.651,0.1737,-43.4246,0.0151,0.5508,0.73,-13.9991
f6394883fb621075_003.flac,train,幽兰1,管平湖,CD第1册\CD19\管平湖-幽兰1.wav,4916614,7558534,111.488,171.395,0.1845,-44.7901,0.011,0.5175,0.7694,-13.9947
f6394883fb621075_004.flac,train,幽兰1,管平湖,CD第1册\CD19\管平湖-幽兰1.wav,7374920,10016840,167.232,227.139,0.1799,-37.8848,0.0236,0.868,0.9754,-15.0647
f6394883fb621075_005.flac,train,幽兰1,管平湖,CD第1册\CD19\管平湖-幽兰1.wav,9833227,12475147,222.976,282.883,0.1373,-36.5636,0.0265,0.9348,0.9185,-14.4402
f6394883fb621075_006.flac,train,幽兰1,管平湖,CD第1册\CD19\管平湖-幽兰1.wav,12291534,14933454,278.72,338.627,0.1637,-42.5719,0.013,0.4006,0.7267,-13.7437
f6394883fb621075_007.flac,train,幽兰1,管平湖,CD第1册\CD19\管平湖-幽兰1.wav,14749841,17391761,334.464,394.371,0.2146,-41.8977,0.0161,0.7679,0.8053,-15.7118
f6394883fb621075_008.flac,train,幽兰1,管平湖,CD第1册\CD19\管平湖-幽兰1.wav,17208148,19850068,390.207,450.115,0.1738,-37.1947,0.0291,0.9014,0.8915,-14.4998
f6394883fb621075_009.flac,train,幽兰1,管平湖,CD第1册\CD19\管平湖-幽兰1.wav,19666454,22308374,445.951,505.859,0.16,-42.78,0.007,0.3338,0.7854,-13.838
f6394883fb621075_010.flac,train,幽兰1,管平湖,CD第1册\CD19\管平湖-幽兰1.wav,22124761,24766681,501.695,561.603,0.2165,-41.1415,0.0339,1.1852,0.7514,-16.8488
f6394883fb621075_011.flac,train,幽兰1,管平湖,CD第1册\CD19\管平湖-幽兰1.wav,24583068,27224988,557.439,617.347,0.242,-39.243,0.0313,1.0349,0.7347,-16.7848
6eb923916cf5023c_001.flac,train,幽兰2,管平湖,CD第1册\CD19\管平湖-幽兰2.wav,0,2641920,0.0,59.907,0.0337,-37.5687,0.0,0.0,0.6026,-27.522
6eb923916cf5023c_002.flac,train,幽兰2,管平湖,CD第1册\CD19\管平湖-幽兰2.wav,2518518,5160438,57.109,117.017,0.0299,-33.8919,0.0,0.0,0.6076,-26.7509
6eb923916cf5023c_003.flac,train,幽兰2,管平湖,CD第1册\CD19\管平湖-幽兰2.wav,5037036,7678956,114.219,174.126,0.033,-38.0802,0.0,0.0,0.6441,-25.3824
6eb923916cf5023c_004.flac,train,幽兰2,管平湖,CD第1册\CD19\管平湖-幽兰2.wav,7555554,10197474,171.328,231.235,0.0224,-32.7037,0.0,0.0,0.7856,-26.7838
6eb923916cf5023c_005.flac,train,幽兰2,管平湖,CD第1册\CD19\管平湖-幽兰2.wav,10074072,12715992,228.437,288.344,0.0203,-32.5093,0.0,0.0,0.7856,-24.3297
6eb923916cf5023c_006.flac,train,幽兰2,管平湖,CD第1册\CD19\管平湖-幽兰2.wav,12592590,15234510,285.546,345.454,0.0218,-34.035,0.0,0.0,0.684,-24.189
6eb923916cf5023c_007.flac,train,幽兰2,管平湖,CD第1册\CD19\管平湖-幽兰2.wav,15111108,17753028,342.656,402.563,0.0312,-35.9017,0.0,0.0,0.679,-26.3738
6eb923916cf5023c_008.flac,train,幽兰2,管平湖,CD第1册\CD19\管平湖-幽兰2.wav,17629626,20271546,399.765,459.672,0.0221,-30.5844,0.0,0.0,0.7728,-24.1185
6eb923916cf5023c_009.flac,train,幽兰2,管平湖,CD第1册\CD19\管平湖-幽兰2.wav,20148144,22790064,456.874,516.781,0.0287,-34.578,0.0,0.0,0.6983,-25.2893
6eb923916cf5023c_010.flac,train,幽兰2,管平湖,CD第1册\CD19\管平湖-幽兰2.wav,22666662,25308582,513.983,573.891,0.0269,-35.2897,0.0,0.0,0.7325,-26.9475
6eb923916cf5023c_011.flac,train,幽兰2,管平湖,CD第1册\CD19\管平湖-幽兰2.wav,25185180,27827100,571.093,631.0,0.0326,-37.6346,0.0,0.0,0.6387,-23.8949
ece1334f3dcbed9b_001.flac,train,幽兰3,管平湖,CD第1册\CD19\管平湖-幽兰3.wav,0,2641920,0.0,59.907,0.2129,-47.0019,0.0103,0.217,0.6346,-15.8451
ece1334f3dcbed9b_002.flac,train,幽兰3,管平湖,CD第1册\CD19\管平湖-幽兰3.wav,2538339,5180259,57.559,117.466,0.1332,-39.8464,0.0172,0.434,0.6781,-15.4381
ece1334f3dcbed9b_003.flac,train,幽兰3,管平湖,CD第1册\CD19\管平湖-幽兰3.wav,5076679,7718599,115.117,175.025,0.1378,-42.0144,0.0016,0.0835,0.6866,-15.4435
ece1334f3dcbed9b_004.flac,train,幽兰3,管平湖,CD第1册\CD19\管平湖-幽兰3.wav,7615018,10256938,172.676,232.584,0.0875,-40.9997,0.0045,0.1168,0.9211,-14.0465
ece1334f3dcbed9b_005.flac,train,幽兰3,管平湖,CD第1册\CD19\管平湖-幽兰3.wav,10153357,12795277,230.235,290.142,0.1022,-38.282,0.0017,0.0668,0.9187,-14.5345
ece1334f3dcbed9b_006.flac,train,幽兰3,管平湖,CD第1册\CD19\管平湖-幽兰3.wav,12691696,15333616,287.794,347.701,0.0857,-38.9956,0.0047,0.1168,0.8493,-13.6653
ece1334f3dcbed9b_007.flac,train,幽兰3,管平湖,CD第1册\CD19\管平湖-幽兰3.wav,15230036,17871956,345.352,405.26,0.1254,-40.9843,0.0027,0.1669,0.7041,-14.5622
ece1334f3dcbed9b_008.flac,train,幽兰3,管平湖,CD第1册\CD19\管平湖-幽兰3.wav,17768375,20410295,402.911,462.818,0.1391,-39.1694,0.0047,0.217,0.8204,-15.7452
ece1334f3dcbed9b_009.flac,train,幽兰3,管平湖,CD第1册\CD19\管平湖-幽兰3.wav,20306714,22948634,460.47,520.377,0.0788,-36.6826,0.0083,0.3505,0.8557,-13.2333
ece1334f3dcbed9b_010.flac,train,幽兰3,管平湖,CD第1册\CD19\管平湖-幽兰3.wav,22845053,25486973,518.028,577.936,0.1486,-41.2121,0.0083,0.3839,0.7049,-14.97
ece1334f3dcbed9b_011.flac,train,幽兰3,管平湖,CD第1册\CD19\管平湖-幽兰3.wav,25383393,28025313,575.587,635.495,0.1514,-40.5987,0.0076,0.3672,0.7555,-15.3073
ece1334f3dcbed9b_012.flac,train,幽兰3,管平湖,CD第1册\CD19\管平湖-幽兰3.wav,27921732,30563652,633.146,693.053,0.1928,-39.7223,0.0095,0.3672,0.6383,-15.5456
002233ef0f503af4_001.flac,train,潇湘水云,管平湖,CD第1册\CD19\管平湖-潇湘水云.wav,0,2641920,0.0,59.907,0.093,-38.1537,0.0018,0.1002,0.7178,-16.4523
002233ef0f503af4_002.flac,train,潇湘水云,管平湖,CD第1册\CD19\管平湖-潇湘水云.wav,2456425,5098345,55.701,115.609,0.1034,-33.1385,0.0039,0.3005,0.678,-17.5575
002233ef0f503af4_003.flac,train,潇湘水云,管平湖,CD第1册\CD19\管平湖-潇湘水云.wav,4912850,7554770,111.402,171.31,0.0884,-32.628,0.0035,0.2671,0.6416,-17.1611
002233ef0f503af4_004.flac,train,潇湘水云,管平湖,CD第1册\CD19\管平湖-潇湘水云.wav,7369276,10011196,167.104,227.011,0.1077,-34.5656,0.0041,0.217,0.6873,-16.1487
002233ef0f503af4_005.flac,train,潇湘水云,管平湖,CD第1册\CD19\管平湖-潇湘水云.wav,9825701,12467621,222.805,282.712,0.0885,-34.2083,0.0031,0.1168,0.7808,-15.4595
002233ef0f503af4_006.flac,train,潇湘水云,管平湖,CD第1册\CD19\管平湖-潇湘水云.wav,12282126,14924046,278.506,338.414,0.08,-34.9746,0.0029,0.1502,0.7124,-13.8736
002233ef0f503af4_007.flac,train,潇湘水云,管平湖,CD第1册\CD19\管平湖-潇湘水云.wav,14738551,17380471,334.208,394.115,0.0603,-33.5777,0.0012,0.0668,0.791,-12.4929
002233ef0f503af4_008.flac,train,潇湘水云,管平湖,CD第1册\CD19\管平湖-潇湘水云.wav,17194976,19836896,389.909,449.816,0.0629,-32.0922,0.0002,0.0167,0.787,-13.6336
002233ef0f503af4_009.flac,train,潇湘水云,管平湖,CD第1册\CD19\管平湖-潇湘水云.wav,19651402,22293322,445.61,505.518,0.0615,-31.6788,0.0016,0.0668,0.7563,-14.5687
002233ef0f503af4_010.flac,train,潇湘水云,管平湖,CD第1册\CD19\管平湖-潇湘水云.wav,22107827,24749747,501.311,561.219,0.0792,-34.0501,0.0029,0.1836,0.766,-14.7721
002233ef0f503af4_011.flac,train,潇湘水云,管平湖,CD第1册\CD19\管平湖-潇湘水云.wav,24564252,27206172,557.013,616.92,0.1213,-36.5845,0.0036,0.2504,0.6242,-15.7394
89f03e99cdf1631d_001.flac,train,阳关三叠,管平湖,CD第1册\CD19\管平湖-阳关三叠.wav,0,2641920,0.0,59.907,0.0334,-32.0272,0.0069,0.0835,0.7465,-14.7346
89f03e99cdf1631d_002.flac,train,阳关三叠,管平湖,CD第1册\CD19\管平湖-阳关三叠.wav,2464492,5106412,55.884,115.792,0.0171,-26.5127,0.0012,0.0501,0.8679,-13.378
89f03e99cdf1631d_003.flac,train,阳关三叠,管平湖,CD第1册\CD19\管平湖-阳关三叠.wav,4928984,7570904,111.768,171.676,0.015,-25.7446,0.0,0.0,0.9028,-13.5843
89f03e99cdf1631d_004.flac,train,阳关三叠,管平湖,CD第1册\CD19\管平湖-阳关三叠.wav,7393476,10035396,167.653,227.56,0.0253,-28.697,0.0081,0.2337,0.7663,-14.7883
bc06f77e09ad5870_001.flac,train,平沙落雁,翁瘦苍,CD第4册\61\翁瘦苍-平沙落雁.wav,0,2641920,0.0,59.907,0.2621,-37.7259,0.1076,1.9196,0.5611,-22.6616
bc06f77e09ad5870_002.flac,train,平沙落雁,翁瘦苍,CD第4册\61\翁瘦苍-平沙落雁.wav,2260756,4902676,51.264,111.172,0.2492,-33.6309,0.1547,2.8711,0.6245,-21.7705
bc06f77e09ad5870_003.flac,train,平沙落雁,翁瘦苍,CD第4册\61\翁瘦苍-平沙落雁.wav,4521512,7163432,102.529,162.436,0.2263,-34.6152,0.1507,2.2368,0.6503,-19.5952
bc06f77e09ad5870_004.flac,train,平沙落雁,翁瘦苍,CD第4册\61\翁瘦苍-平沙落雁.wav,6782268,9424188,153.793,213.7,0.2083,-35.1847,0.1099,2.4204,0.6964,-18.3549
bc06f77e09ad5870_005.flac,train,平沙落雁,翁瘦苍,CD第4册\61\翁瘦苍-平沙落雁.wav,9043024,11684944,205.057,264.965,0.2146,-34.2595,0.1219,2.821,0.7138,-20.0975
bc06f77e09ad5870_006.flac,train,平沙落雁,翁瘦苍,CD第4册\61\翁瘦苍-平沙落雁.wav,11303780,13945700,256.322,316.229,0.2244,-35.0034,0.1011,2.1533,0.6761,-20.0228
bc06f77e09ad5870_007.flac,train,平沙落雁,翁瘦苍,CD第4册\61\翁瘦苍-平沙落雁.wav,13564536,16206456,307.586,367.493,0.2366,-35.7614,0.0856,1.7026,0.606,-20.933
d53103d881624b77_001.flac,train,高山,翁瘦苍,CD第4册\61\翁瘦苍-高山.wav,0,2641920,0.0,59.907,0.2638,-38.0914,0.0737,1.519,0.5145,-21.465
d53103d881624b77_002.flac,train,高山,翁瘦苍,CD第4册\61\翁瘦苍-高山.wav,2621814,5263734,59.452,119.359,0.2492,-32.865,0.1615,2.6875,0.604,-20.0138
d53103d881624b77_003.flac,train,高山,翁瘦苍,CD第4册\61\翁瘦苍-高山.wav,5243628,7885548,118.903,178.811,0.318,-33.318,0.2059,2.7709,0.6255,-16.1632
d53103d881624b77_004.flac,train,高山,翁瘦苍,CD第4册\61\翁瘦苍-高山.wav,7865442,10507362,178.355,238.262,0.3548,-32.0766,0.2916,3.7391,0.6469,-18.3233
d53103d881624b77_005.flac,train,高山,翁瘦苍,CD第4册\61\翁瘦苍-高山.wav,10487256,13129176,237.806,297.714,0.2727,-32.2135,0.2186,2.7209,0.61,-17.9472
d53103d881624b77_006.flac,train,高山,翁瘦苍,CD第4册\61\翁瘦苍-高山.wav,13109070,15750990,297.258,357.165,0.3377,-29.8461,0.345,3.6223,0.6264,-21.4752
d53103d881624b77_007.flac,train,高山,翁瘦苍,CD第4册\61\翁瘦苍-高山.wav,15730884,18372804,356.709,416.617,0.3401,-34.0522,0.242,2.9045,0.647,-16.8402
d53103d881624b77_008.flac,train,高山,翁瘦苍,CD第4册\61\翁瘦苍-高山.wav,18352698,20994618,416.161,476.068,0.3105,-35.3575,0.1889,2.8043,0.7159,-16.1185
d53103d881624b77_009.flac,train,高山,翁瘦苍,CD第4册\61\翁瘦苍-高山.wav,20974512,23616432,475.613,535.52,0.3059,-37.0058,0.1317,1.736,0.56,-19.0719
188d023afd94941e_001.flac,train,普庵咒,胡兰,CD第3册\55\胡兰-普庵咒.wav,0,2641920,0.0,59.907,0.2595,-37.784,0.0,0.0,0.6597,-20.9264
188d023afd94941e_002.flac,train,普庵咒,胡兰,CD第3册\55\胡兰-普庵咒.wav,2436883,5078803,55.258,115.166,0.1608,-37.5793,0.0,0.0,0.7294,-21.6486
188d023afd94941e_003.flac,train,普庵咒,胡兰,CD第3册\55\胡兰-普庵咒.wav,4873765,7515685,110.516,170.424,0.0352,-37.988,0.0,0.0,0.808,-18.2043
188d023afd94941e_004.flac,train,普庵咒,胡兰,CD第3册\55\胡兰-普庵咒.wav,7310648,9952568,165.774,225.682,0.0126,-34.3838,0.0,0.0,0.9644,-16.8299
188d023afd94941e_005.flac,train,普庵咒,胡兰,CD第3册\55\胡兰-普庵咒.wav,9747530,12389450,221.032,280.94,0.0128,-33.0331,0.0,0.0,0.9185,-16.4186
188d023afd94941e_006.flac,train,普庵咒,胡兰,CD第3册\55\胡兰-普庵咒.wav,12184413,14826333,276.291,336.198,0.012,-33.2282,0.0,0.0,0.9707,-16.7639
188d023afd94941e_007.flac,train,普庵咒,胡兰,CD第3册\55\胡兰-普庵咒.wav,14621295,17263215,331.549,391.456,0.0124,-33.1578,0.0,0.0,1.0706,-17.0108
188d023afd94941e_008.flac,train,普庵咒,胡兰,CD第3册\55\胡兰-普庵咒.wav,17058178,19700098,386.807,446.714,0.0138,-34.9984,0.0,0.0,0.9752,-16.9688
188d023afd94941e_009.flac,train,普庵咒,胡兰,CD第3册\55\胡兰-普庵咒.wav,19495060,22136980,442.065,501.972,0.007,-32.1105,0.0,0.0,0.9855,-16.0177
188d023afd94941e_010.flac,train,普庵咒,胡兰,CD第3册\55\胡兰-普庵咒.wav,21931943,24573863,497.323,557.23,0.0084,-31.8356,0.0,0.0,0.9324,-15.8312
188d023afd94941e_011.flac,train,普庵咒,胡兰,CD第3册\55\胡兰-普庵咒.wav,24368825,27010745,552.581,612.489,0.0094,-32.0753,0.0,0.0,0.9813,-16.1578
188d023afd94941e_012.flac,train,普庵咒,胡兰,CD第3册\55\胡兰-普庵咒.wav,26805708,29447628,607.839,667.747,0.0162,-33.8636,0.0,0.0,1.0295,-17.7997
992e32149717954f_001.flac,train,平沙落雁-残,胡斗东,CD第3册\54\胡斗东-平沙落雁-残.wav,0,2641920,0.0,59.907,0.0532,-33.7751,0.0,0.0,0.849,-21.9285
992e32149717954f_002.flac,train,平沙落雁-残,胡斗东,CD第3册\54\胡斗东-平沙落雁-残.wav,2443131,5085051,55.4,115.307,0.0201,-28.4365,0.0012,0.0501,0.899,-21.8078
992e32149717954f_003.flac,train,平沙落雁-残,胡斗东,CD第3册\54\胡斗东-平沙落雁-残.wav,4886262,7528182,110.8,170.707,0.0183,-28.9091,0.0,0.0,0.9465,-22.7098
992e32149717954f_004.flac,train,平沙落雁-残,胡斗东,CD第3册\54\胡斗东-平沙落雁-残.wav,7329393,9971313,166.199,226.107,0.013,-26.3735,0.0,0.0,1.014,-19.5942
992e32149717954f_005.flac,train,平沙落雁-残,胡斗东,CD第3册\54\胡斗东-平沙落雁-残.wav,9772524,12414444,221.599,281.507,0.0155,-28.3805,0.0002,0.0167,0.9208,-21.429
7cdd2c3ec3a45321_001.flac,test,忆故人,莫尚德,CD第3册\56\莫尚德-忆故人.wav,0,2641920,0.0,59.907,0.05,-44.0368,0.0,0.0,0.5929,-18.8298
7cdd2c3ec3a45321_002.flac,test,忆故人,莫尚德,CD第3册\56\莫尚德-忆故人.wav,2473474,5115394,56.088,115.995,0.0436,-39.2173,0.0,0.0,0.7342,-18.477
7cdd2c3ec3a45321_003.flac,test,忆故人,莫尚德,CD第3册\56\莫尚德-忆故人.wav,4946947,7588867,112.176,172.083,0.0319,-39.4556,0.0,0.0,0.7694,-17.334
7cdd2c3ec3a45321_004.flac,test,忆故人,莫尚德,CD第3册\56\莫尚德-忆故人.wav,7420421,10062341,168.264,228.171,0.0199,-37.0483,0.0,0.0,0.7793,-15.7579
7cdd2c3ec3a45321_005.flac,test,忆故人,莫尚德,CD第3册\56\莫尚德-忆故人.wav,9893894,12535814,224.351,284.259,0.0193,-36.7984,0.0,0.0,0.7573,-16.237
7cdd2c3ec3a45321_006.flac,test,忆故人,莫尚德,CD第3册\56\莫尚德-忆故人.wav,12367368,15009288,280.439,340.347,0.0311,-42.4771,0.0,0.0,0.7018,-18.8563
93d736267783d594_001.flac,validation,关山月,许光毅,CD第3册\55\许光毅-关山月.wav,0,2641920,0.0,59.907,0.002,-37.5218,0.0,0.0,0.8993,-16.836
93d736267783d594_002.flac,validation,关山月,许光毅,CD第3册\55\许光毅-关山月.wav,1094232,3736152,24.813,84.72,0.0022,-37.0537,0.0,0.0,0.9043,-16.9412
d67cb07d7efb941b_001.flac,test,古琴吟,许光毅,CD第3册\55\许光毅-古琴吟.wav,0,2641920,0.0,59.907,0.0016,-43.3386,0.0,0.0,0.9293,-16.5339
d67cb07d7efb941b_002.flac,test,古琴吟,许光毅,CD第3册\55\许光毅-古琴吟.wav,1111284,3753204,25.199,85.107,0.0015,-43.8075,0.0,0.0,0.9038,-15.45
7eb4011cb9732263_001.flac,train,平沙落雁,许光毅,CD第3册\55\许光毅-平沙落雁.wav,0,2641920,0.0,59.907,0.0013,-47.3627,0.0,0.0,0.9662,-16.1272
7eb4011cb9732263_002.flac,train,平沙落雁,许光毅,CD第3册\55\许光毅-平沙落雁.wav,2484293,5126213,56.333,116.241,0.0006,-39.3305,0.0,0.0,0.9417,-15.365
7eb4011cb9732263_003.flac,train,平沙落雁,许光毅,CD第3册\55\许光毅-平沙落雁.wav,4968586,7610506,112.666,172.574,0.001,-42.6878,0.0,0.0,0.9656,-15.3604
7eb4011cb9732263_004.flac,train,平沙落雁,许光毅,CD第3册\55\许光毅-平沙落雁.wav,7452878,10094798,169.0,228.907,0.0015,-45.6081,0.0,0.0,0.9821,-15.4209
7eb4011cb9732263_005.flac,train,平沙落雁,许光毅,CD第3册\55\许光毅-平沙落雁.wav,9937171,12579091,225.333,285.24,0.0007,-40.4026,0.0,0.0,0.9378,-14.6359
7eb4011cb9732263_006.flac,train,平沙落雁,许光毅,CD第3册\55\许光毅-平沙落雁.wav,12421464,15063384,281.666,341.573,0.0012,-44.4612,0.0,0.0,0.9215,-15.6446
283653ca206858b5_001.flac,train,梅花三弄1,许光毅,CD第3册\55\许光毅-梅花三弄1.wav,0,2641920,0.0,59.907,0.0029,-46.9979,0.0,0.0,0.949,-18.7296
283653ca206858b5_002.flac,train,梅花三弄1,许光毅,CD第3册\55\许光毅-梅花三弄1.wav,2622964,5264884,59.478,119.385,0.0011,-38.9883,0.0,0.0,0.9187,-17.4885
283653ca206858b5_003.flac,train,梅花三弄1,许光毅,CD第3册\55\许光毅-梅花三弄1.wav,5245928,7887848,118.955,178.863,0.0009,-41.9619,0.0,0.0,0.9935,-16.0163
283653ca206858b5_004.flac,train,梅花三弄1,许光毅,CD第3册\55\许光毅-梅花三弄1.wav,7868892,10510812,178.433,238.34,0.0012,-40.6693,0.0,0.0,0.9914,-17.1362
283653ca206858b5_005.flac,train,梅花三弄1,许光毅,CD第3册\55\许光毅-梅花三弄1.wav,10491856,13133776,237.911,297.818,0.0005,-37.1154,0.0,0.0,0.9654,-17.3599
283653ca206858b5_006.flac,train,梅花三弄1,许光毅,CD第3册\55\许光毅-梅花三弄1.wav,13114820,15756740,297.388,357.296,0.0004,-36.294,0.0,0.0,0.9169,-16.7782
283653ca206858b5_007.flac,train,梅花三弄1,许光毅,CD第3册\55\许光毅-梅花三弄1.wav,15737784,18379704,356.866,416.773,0.0015,-42.1988,0.0,0.0,0.8917,-18.7427
29a4f06d2e08ab00_001.flac,train,梅花三弄2,许光毅,CD第3册\55\许光毅-梅花三弄2.wav,0,2641920,0.0,59.907,0.0056,-50.6207,0.0,0.0,0.8745,-26.4191
29a4f06d2e08ab00_002.flac,train,梅花三弄2,许光毅,CD第3册\55\许光毅-梅花三弄2.wav,2530327,5172247,57.377,117.285,0.0072,-53.5572,0.0,0.0,0.9949,-25.4892
29a4f06d2e08ab00_003.flac,train,梅花三弄2,许光毅,CD第3册\55\许光毅-梅花三弄2.wav,5060654,7702574,114.754,174.662,0.0039,-52.61,0.0,0.0,1.0537,-22.4017
29a4f06d2e08ab00_004.flac,train,梅花三弄2,许光毅,CD第3册\55\许光毅-梅花三弄2.wav,7590981,10232901,172.131,232.039,0.0063,-54.059,0.0,0.0,1.0446,-21.8262
29a4f06d2e08ab00_005.flac,train,梅花三弄2,许光毅,CD第3册\55\许光毅-梅花三弄2.wav,10121307,12763227,229.508,289.416,0.0027,-48.7805,0.0,0.0,1.0179,-20.9338
29a4f06d2e08ab00_006.flac,train,梅花三弄2,许光毅,CD第3册\55\许光毅-梅花三弄2.wav,12651634,15293554,286.885,346.793,0.0025,-48.4558,0.0,0.0,1.0324,-21.5306
29a4f06d2e08ab00_007.flac,train,梅花三弄2,许光毅,CD第3册\55\许光毅-梅花三弄2.wav,15181961,17823881,344.262,404.17,0.0035,-48.2157,0.0,0.0,0.9454,-22.2829
29a4f06d2e08ab00_008.flac,train,梅花三弄2,许光毅,CD第3册\55\许光毅-梅花三弄2.wav,17712288,20354208,401.639,461.547,0.0311,-56.2416,0.0,0.0,0.8347,-24.772
0630284f4c182001_001.flac,train,醉渔唱晚,许光毅,CD第3册\55\许光毅-醉渔唱晚.wav,0,2641920,0.0,59.907,0.0051,-53.3998,0.0,0.0,1.0281,-18.3297
0630284f4c182001_002.flac,train,醉渔唱晚,许光毅,CD第3册\55\许光毅-醉渔唱晚.wav,2292015,4933935,51.973,111.881,0.0006,-43.0396,0.0,0.0,0.958,-15.9525
0630284f4c182001_003.flac,train,醉渔唱晚,许光毅,CD第3册\55\许光毅-醉渔唱晚.wav,4584030,7225950,103.946,163.854,0.0001,-33.4848,0.0,0.0,0.8948,-15.6468
0630284f4c182001_004.flac,train,醉渔唱晚,许光毅,CD第3册\55\许光毅-醉渔唱晚.wav,6876045,9517965,155.919,215.827,0.0001,-36.1439,0.0,0.0,0.9391,-16.9005
0630284f4c182001_005.flac,train,醉渔唱晚,许光毅,CD第3册\55\许光毅-醉渔唱晚.wav,9168060,11809980,207.893,267.8,0.0005,-44.4885,0.0,0.0,0.9663,-17.5998
d58191099c7cac32_001.flac,train,阳关三叠,许光毅,CD第3册\55\许光毅-阳关三叠.wav,0,2641920,0.0,59.907,0.0015,-38.9915,0.0,0.0,0.7048,-18.6406
d58191099c7cac32_002.flac,train,阳关三叠,许光毅,CD第3册\55\许光毅-阳关三叠.wav,2344053,4985973,53.153,113.061,0.0012,-37.7895,0.0,0.0,0.6821,-18.6932
d58191099c7cac32_003.flac,train,阳关三叠,许光毅,CD第3册\55\许光毅-阳关三叠.wav,4688106,7330026,106.306,166.214,0.0009,-35.2867,0.0,0.0,0.6893,-18.578
d58191099c7cac32_004.flac,train,阳关三叠,许光毅,CD第3册\55\许光毅-阳关三叠.wav,7032159,9674079,159.459,219.367,0.0009,-35.7191,0.0,0.0,0.7025,-17.6637
d58191099c7cac32_005.flac,train,阳关三叠,许光毅,CD第3册\55\许光毅-阳关三叠.wav,9376212,12018132,212.613,272.52,0.0011,-37.9191,0.0,0.0,0.6814,-18.0318
4fd3167b5496ec8f_001.flac,train,平沙落雁,邓文权,CD第4册\72\邓文权-平沙落雁.wav,0,2641920,0.0,59.907,0.3087,-58.1849,0.0136,0.0668,0.4165,-15.11
4fd3167b5496ec8f_002.flac,train,平沙落雁,邓文权,CD第4册\72\邓文权-平沙落雁.wav,2444731,5086651,55.436,115.344,0.1683,-49.6593,0.0,0.0,0.5609,-16.5258
4fd3167b5496ec8f_003.flac,train,平沙落雁,邓文权,CD第4册\72\邓文权-平沙落雁.wav,4889462,7531382,110.872,170.78,0.1503,-49.9882,0.0,0.0,0.5422,-14.2241
4fd3167b5496ec8f_004.flac,train,平沙落雁,邓文权,CD第4册\72\邓文权-平沙落雁.wav,7334193,9976113,166.308,226.216,0.1549,-49.7246,0.0,0.0,0.5949,-14.8473
4fd3167b5496ec8f_005.flac,train,平沙落雁,邓文权,CD第4册\72\邓文权-平沙落雁.wav,9778923,12420843,221.744,281.652,0.1872,-53.8293,0.0,0.0,0.5244,-14.5467
4fd3167b5496ec8f_006.flac,train,平沙落雁,邓文权,CD第4册\72\邓文权-平沙落雁.wav,12223654,14865574,277.18,337.088,0.1201,-49.034,0.0,0.0,0.6513,-13.7415
4fd3167b5496ec8f_007.flac,train,平沙落雁,邓文权,CD第4册\72\邓文权-平沙落雁.wav,14668385,17310305,332.616,392.524,0.1544,-52.2992,0.0004,0.0167,0.6379,-13.4447
4fd3167b5496ec8f_008.flac,train,平沙落雁,邓文权,CD第4册\72\邓文权-平沙落雁.wav,17113116,19755036,388.053,447.96,0.1607,-52.5564,0.0,0.0,0.5513,-13.3735
d3918d24b8eb886d_001.flac,test,忆故人,邓文权,CD第4册\72\邓文权-忆故人.wav,0,2641920,0.0,59.907,0.2159,-50.9629,0.0002,0.0167,0.4748,-17.2726
d3918d24b8eb886d_002.flac,test,忆故人,邓文权,CD第4册\72\邓文权-忆故人.wav,2578961,5220881,58.48,118.387,0.1697,-50.7186,0.0,0.0,0.5729,-14.2081
d3918d24b8eb886d_003.flac,test,忆故人,邓文权,CD第4册\72\邓文权-忆故人.wav,5157922,7799842,116.96,176.867,0.1377,-49.5901,0.0,0.0,0.5454,-14.4572
d3918d24b8eb886d_004.flac,test,忆故人,邓文权,CD第4册\72\邓文权-忆故人.wav,7736882,10378802,175.44,235.347,0.126,-50.0148,0.0,0.0,0.5858,-13.854
d3918d24b8eb886d_005.flac,test,忆故人,邓文权,CD第4册\72\邓文权-忆故人.wav,10315843,12957763,233.919,293.827,0.1025,-49.0286,0.0,0.0,0.606,-14.7902
d3918d24b8eb886d_006.flac,test,忆故人,邓文权,CD第4册\72\邓文权-忆故人.wav,12894804,15536724,292.399,352.307,0.159,-52.0892,0.0,0.0,0.5937,-16.2094
a706615f749106a3_001.flac,test,渔樵问答,邓文权,CD第4册\72\邓文权-渔樵问答.wav,0,2641920,0.0,59.907,0.2786,-55.1653,0.0019,0.0501,0.4762,-16.5551
a706615f749106a3_002.flac,test,渔樵问答,邓文权,CD第4册\72\邓文权-渔樵问答.wav,2344154,4986074,53.155,113.063,0.2019,-52.653,0.0,0.0,0.5749,-15.4912
a706615f749106a3_003.flac,test,渔樵问答,邓文权,CD第4册\72\邓文权-渔樵问答.wav,4688308,7330228,106.311,166.218,0.147,-52.3453,0.0,0.0,0.6133,-14.6815
a706615f749106a3_004.flac,test,渔樵问答,邓文权,CD第4册\72\邓文权-渔樵问答.wav,7032462,9674382,159.466,219.374,0.1329,-51.9362,0.0,0.0,0.655,-14.9426
a706615f749106a3_005.flac,test,渔樵问答,邓文权,CD第4册\72\邓文权-渔樵问答.wav,9376616,12018536,212.622,272.529,0.129,-48.7323,0.0,0.0,0.6616,-14.999
a706615f749106a3_006.flac,test,渔樵问答,邓文权,CD第4册\72\邓文权-渔樵问答.wav,11720770,14362690,265.777,325.685,0.1093,-46.7134,0.0002,0.0167,0.7161,-15.4351
a706615f749106a3_007.flac,test,渔樵问答,邓文权,CD第4册\72\邓文权-渔樵问答.wav,14064924,16706844,318.933,378.84,0.1534,-51.7016,0.0,0.0,0.6153,-15.4307
6b8cf1105d5391b6_001.flac,train,秋风词,邓文权,CD第4册\72\邓文权-秋风词.wav,0,2641920,0.0,59.907,0.1325,-54.1092,0.0004,0.0167,0.5831,-14.0846
6b8cf1105d5391b6_002.flac,train,秋风词,邓文权,CD第4册\72\邓文权-秋风词.wav,1648716,4290636,37.386,97.293,0.0817,-53.2905,0.0,0.0,0.6104,-13.3854
89cee3ed9cd6fe27_001.flac,train,良宵引,邓文权,CD第4册\72\邓文权-良宵引.wav,0,2641920,0.0,59.907,0.1755,-51.6941,0.0002,0.0167,0.5029,-16.7297
89cee3ed9cd6fe27_002.flac,train,良宵引,邓文权,CD第4册\72\邓文权-良宵引.wav,1991547,4633467,45.16,105.067,0.1604,-52.3243,0.0,0.0,0.5847,-14.627
89cee3ed9cd6fe27_003.flac,train,良宵引,邓文权,CD第4册\72\邓文权-良宵引.wav,3983094,6625014,90.32,150.227,0.127,-51.8333,0.0,0.0,0.5653,-14.1535
89cee3ed9cd6fe27_004.flac,train,良宵引,邓文权,CD第4册\72\邓文权-良宵引.wav,5974641,8616561,135.479,195.387,0.1191,-51.1303,0.0,0.0,0.5954,-14.0187
89cee3ed9cd6fe27_005.flac,train,良宵引,邓文权,CD第4册\72\邓文权-良宵引.wav,7966188,10608108,180.639,240.547,0.1768,-55.7014,0.0004,0.0167,0.5027,-14.4199
b96b9bd4071fc3ea_001.flac,train,醉渔唱晚,邓文权,CD第4册\72\邓文权-醉渔唱晚.wav,0,2641920,0.0,59.907,0.0142,-57.3169,0.0002,0.0167,0.6755,-14.7121
b96b9bd4071fc3ea_002.flac,train,醉渔唱晚,邓文权,CD第4册\72\邓文权-醉渔唱晚.wav,2240978,4882898,50.816,110.723,0.0138,-51.6931,0.0,0.0,0.7054,-12.2979
b96b9bd4071fc3ea_003.flac,train,醉渔唱晚,邓文权,CD第4册\72\邓文权-醉渔唱晚.wav,4481957,7123877,101.632,161.539,0.0146,-51.1208,0.0,0.0,0.68,-11.6225
b96b9bd4071fc3ea_004.flac,train,醉渔唱晚,邓文权,CD第4册\72\邓文权-醉渔唱晚.wav,6722935,9364855,152.448,212.355,0.0132,-51.0714,0.0,0.0,0.7198,-11.7005
b96b9bd4071fc3ea_005.flac,train,醉渔唱晚,邓文权,CD第4册\72\邓文权-醉渔唱晚.wav,8963914,11605834,203.263,263.171,0.0152,-51.4172,0.0,0.0,0.6958,-11.2759
b96b9bd4071fc3ea_006.flac,train,醉渔唱晚,邓文权,CD第4册\72\邓文权-醉渔唱晚.wav,11204892,13846812,254.079,313.987,0.0136,-58.0727,0.0,0.0,0.7058,-13.6358
380f8db647078d7a_001.flac,train,静观吟,邓文权,CD第4册\72\邓文权-静观吟.wav,0,2641920,0.0,59.907,0.0294,-52.2553,0.0,0.0,0.604,-18.0294
380f8db647078d7a_002.flac,train,静观吟,邓文权,CD第4册\72\邓文权-静观吟.wav,2015260,4657180,45.698,105.605,0.0284,-50.2338,0.0,0.0,0.6297,-16.3325
380f8db647078d7a_003.flac,train,静观吟,邓文权,CD第4册\72\邓文权-静观吟.wav,4030520,6672440,91.395,151.302,0.0231,-52.3898,0.0,0.0,0.6375,-15.833
380f8db647078d7a_004.flac,train,静观吟,邓文权,CD第4册\72\邓文权-静观吟.wav,6045780,8687700,137.093,197.0,0.0269,-52.9538,0.0004,0.0167,0.614,-14.6291
ed172a3e64812c36_001.flac,train,四大景,陈天乐,CD第4册\62\陈天乐-四大景.wav,0,2641920,0.0,59.907,0.0082,-36.5753,0.0002,0.0167,0.6097,-22.7126
ed172a3e64812c36_002.flac,train,四大景,陈天乐,CD第4册\62\陈天乐-四大景.wav,2383452,5025372,54.047,113.954,0.005,-38.4284,0.0,0.0,0.6918,-22.135
ed172a3e64812c36_003.flac,train,四大景,陈天乐,CD第4册\62\陈天乐-四大景.wav,4766904,7408824,108.093,168.001,0.0042,-37.015,0.0,0.0,0.7558,-20.7103
ed172a3e64812c36_004.flac,train,四大景,陈天乐,CD第4册\62\陈天乐-四大景.wav,7150356,9792276,162.14,222.047,0.0045,-34.0571,0.0,0.0,0.7739,-18.6339
ed172a3e64812c36_005.flac,train,四大景,陈天乐,CD第4册\62\陈天乐-四大景.wav,9533808,12175728,216.186,276.094,0.0039,-32.4886,0.0,0.0,0.8272,-17.3196
ed172a3e64812c36_006.flac,train,四大景,陈天乐,CD第4册\62\陈天乐-四大景.wav,11917260,14559180,270.233,330.14,0.0058,-35.6734,0.0,0.0,0.812,-17.9477
ed172a3e64812c36_007.flac,train,四大景,陈天乐,CD第4册\62\陈天乐-四大景.wav,14300712,16942632,324.279,384.187,0.0064,-37.9199,0.0,0.0,0.7009,-21.1054
4a406815a4610362_001.flac,train,凤求凰,陈心园,CD第3册\48\陈心园-凤求凰.wav,0,2641920,0.0,59.907,0.0331,-46.4875,0.0,0.0,0.687,-12.7733
4a406815a4610362_002.flac,train,凤求凰,陈心园,CD第3册\48\陈心园-凤求凰.wav,1739268,4381188,39.439,99.347,0.0352,-46.132,0.0,0.0,0.677,-13.1316
1b190a60bcf3781b_001.flac,train,平沙落雁,陈心园,CD第3册\48\陈心园-平沙落雁.wav,0,2641920,0.0,59.907,0.0254,-44.7817,0.0,0.0,0.7259,-19.3602
1b190a60bcf3781b_002.flac,train,平沙落雁,陈心园,CD第3册\48\陈心园-平沙落雁.wav,2556468,5198388,57.97,117.877,0.0173,-40.0479,0.0,0.0,0.7789,-18.6371
1b190a60bcf3781b_003.flac,train,平沙落雁,陈心园,CD第3册\48\陈心园-平沙落雁.wav,5112936,7754856,115.94,175.847,0.0189,-39.3391,0.0,0.0,0.7852,-18.238
1b190a60bcf3781b_004.flac,train,平沙落雁,陈心园,CD第3册\48\陈心园-平沙落雁.wav,7669404,10311324,173.909,233.817,0.0162,-38.2244,0.0,0.0,0.7333,-17.7727
1b190a60bcf3781b_005.flac,train,平沙落雁,陈心园,CD第3册\48\陈心园-平沙落雁.wav,10225872,12867792,231.879,291.787,0.0146,-38.308,0.0,0.0,0.7178,-17.2607
10ea22e59d0e4705_001.flac,train,搔首问天,陈心园,CD第3册\48\陈心园-搔首问天.wav,0,2641920,0.0,59.907,0.0738,-44.8714,0.0025,0.1168,0.5783,-14.4118
10ea22e59d0e4705_002.flac,train,搔首问天,陈心园,CD第3册\48\陈心园-搔首问天.wav,2568375,5210295,58.24,118.147,0.0502,-42.3208,0.0,0.0,0.6656,-13.881
10ea22e59d0e4705_003.flac,train,搔首问天,陈心园,CD第3册\48\陈心园-搔首问天.wav,5136750,7778670,116.48,176.387,0.0302,-41.6166,0.0,0.0,0.8261,-13.2823
10ea22e59d0e4705_004.flac,train,搔首问天,陈心园,CD第3册\48\陈心园-搔首问天.wav,7705125,10347045,174.719,234.627,0.0224,-42.6811,0.0,0.0,0.7777,-12.8885
10ea22e59d0e4705_005.flac,train,搔首问天,陈心园,CD第3册\48\陈心园-搔首问天.wav,10273500,12915420,232.959,292.867,0.0388,-43.8393,0.0,0.0,0.7981,-12.9472
5c4cb725cd6d1fd4_001.flac,train,玉楼春晓,陈心园,CD第3册\48\陈心园-玉楼春晓.wav,0,2641920,0.0,59.907,0.0179,-56.3654,0.0,0.0,0.7877,-17.3947
5c4cb725cd6d1fd4_002.flac,train,玉楼春晓,陈心园,CD第3册\48\陈心园-玉楼春晓.wav,2043852,4685772,46.346,106.253,0.0135,-54.7351,0.0,0.0,0.7835,-15.4894
e38384ff43f9bc06_001.flac,validation,秋江夜泊,陈心园,CD第3册\48\陈心园-秋江夜泊.wav,0,2641920,0.0,59.907,0.0546,-48.2512,0.0004,0.0167,0.6767,-13.4372
e38384ff43f9bc06_002.flac,validation,秋江夜泊,陈心园,CD第3册\48\陈心园-秋江夜泊.wav,1821312,4463232,41.3,101.207,0.0512,-46.9786,0.0,0.0,0.7431,-13.7113
e38384ff43f9bc06_003.flac,validation,秋江夜泊,陈心园,CD第3册\48\陈心园-秋江夜泊.wav,3642624,6284544,82.599,142.507,0.0471,-48.3614,0.0,0.0,0.7372,-13.3517
cbf80e110d0aa50c_001.flac,train,秋风词,陈心园,CD第3册\48\陈心园-秋风词.wav,0,2641920,0.0,59.907,0.0173,-45.5514,0.0,0.0,0.7356,-12.6112
cbf80e110d0aa50c_002.flac,train,秋风词,陈心园,CD第3册\48\陈心园-秋风词.wav,762012,3403932,17.279,77.187,0.017,-45.6958,0.0,0.0,0.716,-12.8615
2df3bfa4e34aa6b0_001.flac,train,长门怨,陈心园,CD第3册\48\陈心园-长门怨.wav,0,2641920,0.0,59.907,0.4935,-57.2063,0.0,0.0,0.3301,-16.069
2df3bfa4e34aa6b0_002.flac,train,长门怨,陈心园,CD第3册\48\陈心园-长门怨.wav,2573468,5215388,58.355,118.263,0.5372,-59.4408,0.0,0.0,0.1847,-17.977
2df3bfa4e34aa6b0_003.flac,train,长门怨,陈心园,CD第3册\48\陈心园-长门怨.wav,5146936,7788856,116.711,176.618,0.4851,-59.1395,0.0,0.0,0.3394,-15.855
2df3bfa4e34aa6b0_004.flac,train,长门怨,陈心园,CD第3册\48\陈心园-长门怨.wav,7720404,10362324,175.066,234.973,0.503,-62.1073,0.0,0.0,0.2811,-14.5767
42e3ff1595b94d21_001.flac,train,风雷引,陈心园,CD第3册\48\陈心园-风雷引.wav,0,2641920,0.0,59.907,0.0277,-45.2959,0.0,0.0,0.6982,-10.081
42e3ff1595b94d21_002.flac,train,风雷引,陈心园,CD第3册\48\陈心园-风雷引.wav,1638150,4280070,37.146,97.054,0.0189,-44.2572,0.0,0.0,0.7271,-9.8057
42e3ff1595b94d21_003.flac,train,风雷引,陈心园,CD第3册\48\陈心园-风雷引.wav,3276300,5918220,74.293,134.2,0.0227,-44.2678,0.0,0.0,0.7173,-10.3277
fff6d83599cce1ac_001.flac,train,乌夜啼,陈蕾士,CD第4册\61\陈蕾士-乌夜啼.wav,0,2641920,0.0,59.907,0.0539,-44.0195,0.0,0.0,0.743,-17.9743
fff6d83599cce1ac_002.flac,train,乌夜啼,陈蕾士,CD第4册\61\陈蕾士-乌夜啼.wav,2384262,5026182,54.065,113.972,0.0252,-39.993,0.0,0.0,0.8617,-16.1768
fff6d83599cce1ac_003.flac,train,乌夜啼,陈蕾士,CD第4册\61\陈蕾士-乌夜啼.wav,4768524,7410444,108.13,168.037,0.0234,-37.6086,0.0,0.0,0.8706,-15.4566
fff6d83599cce1ac_004.flac,train,乌夜啼,陈蕾士,CD第4册\61\陈蕾士-乌夜啼.wav,7152786,9794706,162.195,222.102,0.0231,-38.8368,0.0,0.0,0.9147,-14.8314
fff6d83599cce1ac_005.flac,train,乌夜啼,陈蕾士,CD第4册\61\陈蕾士-乌夜啼.wav,9537048,12178968,216.26,276.167,0.0214,-39.6066,0.0,0.0,0.9641,-15.0249
fff6d83599cce1ac_006.flac,train,乌夜啼,陈蕾士,CD第4册\61\陈蕾士-乌夜啼.wav,11921310,14563230,270.324,330.232,0.0162,-37.6685,0.0,0.0,0.944,-13.9702
fff6d83599cce1ac_007.flac,train,乌夜啼,陈蕾士,CD第4册\61\陈蕾士-乌夜啼.wav,14305572,16947492,324.389,384.297,0.0195,-37.6356,0.0,0.0,0.9671,-14.5063
fff6d83599cce1ac_008.flac,train,乌夜啼,陈蕾士,CD第4册\61\陈蕾士-乌夜啼.wav,16689834,19331754,378.454,438.362,0.0218,-38.7638,0.0,0.0,0.9851,-15.6425
fff6d83599cce1ac_009.flac,train,乌夜啼,陈蕾士,CD第4册\61\陈蕾士-乌夜啼.wav,19074096,21716016,432.519,492.427,0.0195,-37.3606,0.0,0.0,0.9729,-14.3062
c5afbd5648fb2fc0_001.flac,train,平沙落雁,陈阅聪,CD第4册\62\陈阅聪-平沙落雁.wav,0,2641920,0.0,59.907,0.0575,-33.101,0.0309,0.9849,0.8398,-24.1073
c5afbd5648fb2fc0_002.flac,train,平沙落雁,陈阅聪,CD第4册\62\陈阅聪-平沙落雁.wav,2303424,4945344,52.232,112.139,0.0921,-28.7501,0.0422,1.4355,0.978,-24.1583
c5afbd5648fb2fc0_003.flac,train,平沙落雁,陈阅聪,CD第4册\62\陈阅聪-平沙落雁.wav,4606848,7248768,104.464,164.371,0.0781,-28.5529,0.0613,2.0198,1.014,-23.3999
c5afbd5648fb2fc0_004.flac,train,平沙落雁,陈阅聪,CD第4册\62\陈阅聪-平沙落雁.wav,6910272,9552192,156.696,216.603,0.0771,-28.3144,0.046,1.6192,1.0365,-22.4735
c5afbd5648fb2fc0_005.flac,train,平沙落雁,陈阅聪,CD第4册\62\陈阅聪-平沙落雁.wav,9213696,11855616,208.927,268.835,0.0765,-29.6754,0.0372,1.3354,0.9663,-22.3791
c5afbd5648fb2fc0_006.flac,train,平沙落雁,陈阅聪,CD第4册\62\陈阅聪-平沙落雁.wav,11517120,14159040,261.159,321.067,0.048,-31.4558,0.0261,1.0182,0.9024,-23.0817
1cf63cca7e7dbc01_001.flac,validation,归去来辞,陈阅聪,CD第4册\62\陈阅聪-归去来辞.wav,0,2641920,0.0,59.907,0.0231,-32.3923,0.0127,0.5675,0.7998,-21.019
1cf63cca7e7dbc01_002.flac,validation,归去来辞,陈阅聪,CD第4册\62\陈阅聪-归去来辞.wav,2450775,5092695,55.573,115.481,0.0444,-29.3873,0.0428,1.1852,0.9277,-20.9559
1cf63cca7e7dbc01_003.flac,validation,归去来辞,陈阅聪,CD第4册\62\陈阅聪-归去来辞.wav,4901550,7543470,111.146,171.054,0.0708,-36.1047,0.0312,1.1017,0.8972,-23.5986
1cf63cca7e7dbc01_004.flac,validation,归去来辞,陈阅聪,CD第4册\62\陈阅聪-归去来辞.wav,7352325,9994245,166.719,226.627,0.0265,-30.4486,0.0184,0.8513,0.8088,-19.982
1cf63cca7e7dbc01_005.flac,validation,归去来辞,陈阅聪,CD第4册\62\陈阅聪-归去来辞.wav,9803100,12445020,222.293,282.2,0.0423,-32.2364,0.0209,0.868,0.8102,-21.1415
d5db10d0f229f322_001.flac,validation,捣衣,陈阅聪,CD第4册\62\陈阅聪-捣衣.wav,0,2641920,0.0,59.907,0.0111,-33.0138,0.0137,0.5842,0.7564,-28.1015
d5db10d0f229f322_002.flac,validation,捣衣,陈阅聪,CD第4册\62\陈阅聪-捣衣.wav,2541071,5182991,57.621,117.528,0.0401,-29.3243,0.0382,1.3521,0.8789,-23.9411
d5db10d0f229f322_003.flac,validation,捣衣,陈阅聪,CD第4册\62\陈阅聪-捣衣.wav,5082141,7724061,115.241,175.149,0.0572,-24.694,0.0335,1.4022,0.8971,-24.0421
d5db10d0f229f322_004.flac,validation,捣衣,陈阅聪,CD第4册\62\陈阅聪-捣衣.wav,7623212,10265132,172.862,232.769,0.0814,-32.5462,0.032,1.1852,1.0265,-24.2511
d5db10d0f229f322_005.flac,validation,捣衣,陈阅聪,CD第4册\62\陈阅聪-捣衣.wav,10164283,12806203,230.483,290.39,0.0539,-25.2272,0.0546,1.9864,0.8952,-23.3974
d5db10d0f229f322_006.flac,validation,捣衣,陈阅聪,CD第4册\62\陈阅聪-捣衣.wav,12705353,15347273,288.103,348.011,0.0816,-27.2167,0.0556,2.0866,0.9977,-23.5949
d5db10d0f229f322_007.flac,validation,捣衣,陈阅聪,CD第4册\62\陈阅聪-捣衣.wav,15246424,17888344,345.724,405.631,0.0702,-28.1901,0.0535,1.8695,0.9447,-24.4122
d5db10d0f229f322_008.flac,validation,捣衣,陈阅聪,CD第4册\62\陈阅聪-捣衣.wav,17787495,20429415,403.345,463.252,0.0641,-29.5225,0.0463,1.4856,0.9356,-23.9143
d5db10d0f229f322_009.flac,validation,捣衣,陈阅聪,CD第4册\62\陈阅聪-捣衣.wav,20328565,22970485,460.965,520.873,0.0628,-26.3322,0.0459,1.736,1.0076,-21.5454
d5db10d0f229f322_010.flac,validation,捣衣,陈阅聪,CD第4册\62\陈阅聪-捣衣.wav,22869636,25511556,518.586,578.493,0.0211,-28.2432,0.0183,0.8346,0.7738,-22.1923
90c834642832c5ca_001.flac,train,长门怨,陈阅聪,CD第4册\62\陈阅聪-长门怨.wav,0,2641920,0.0,59.907,0.0533,-37.5219,0.012,0.5842,0.8453,-22.7262
90c834642832c5ca_002.flac,train,长门怨,陈阅聪,CD第4册\62\陈阅聪-长门怨.wav,2241096,4883016,50.819,110.726,0.0598,-31.891,0.0365,1.1351,0.9121,-22.7904
90c834642832c5ca_003.flac,train,长门怨,陈阅聪,CD第4册\62\陈阅聪-长门怨.wav,4482192,7124112,101.637,161.544,0.0946,-29.3541,0.0654,2.0699,1.0166,-23.7398
90c834642832c5ca_004.flac,train,长门怨,陈阅聪,CD第4册\62\陈阅聪-长门怨.wav,6723288,9365208,152.456,212.363,0.0726,-29.8544,0.0317,1.2019,0.9133,-22.6726
90c834642832c5ca_005.flac,train,长门怨,陈阅聪,CD第4册\62\陈阅聪-长门怨.wav,8964384,11606304,203.274,263.181,0.0774,-30.4635,0.044,1.6025,0.9227,-23.361
90c834642832c5ca_006.flac,train,长门怨,陈阅聪,CD第4册\62\陈阅聪-长门怨.wav,11205480,13847400,254.093,314.0,0.0469,-32.6552,0.0207,0.7178,0.8045,-22.67
2ca58a66f68daa76_001.flac,train,阳关三叠,陈阅聪,CD第4册\62\陈阅聪-阳关三叠.wav,0,2641920,0.0,59.907,0.0224,-30.3848,0.0182,0.8346,0.7678,-21.5195
2ca58a66f68daa76_002.flac,train,阳关三叠,陈阅聪,CD第4册\62\陈阅聪-阳关三叠.wav,2186175,4828095,49.573,109.481,0.043,-30.61,0.036,1.302,0.7699,-22.5378
2ca58a66f68daa76_003.flac,train,阳关三叠,陈阅聪,CD第4册\62\陈阅聪-阳关三叠.wav,4372350,7014270,99.146,159.054,0.0293,-28.5257,0.0234,0.868,0.7138,-21.5651
2ca58a66f68daa76_004.flac,train,阳关三叠,陈阅聪,CD第4册\62\陈阅聪-阳关三叠.wav,6558525,9200445,148.719,208.627,0.0504,-27.7188,0.0465,1.4689,0.8997,-21.4197
2ca58a66f68daa76_005.flac,train,阳关三叠,陈阅聪,CD第4册\62\陈阅聪-阳关三叠.wav,8744700,11386620,198.293,258.2,0.0382,-32.7802,0.022,0.8847,0.7197,-22.7425
8971bcc075b90eee_001.flac,train,墨子悲丝,顾梅羹,CD第2册\24\顾梅羹-墨子悲丝.wav,0,2641920,0.0,59.907,0.3467,-51.0447,0.0,0.0,0.4802,-21.9063
8971bcc075b90eee_002.flac,train,墨子悲丝,顾梅羹,CD第2册\24\顾梅羹-墨子悲丝.wav,2550479,5192399,57.834,117.741,0.0669,-42.7576,0.0,0.0,0.8019,-19.3036
8971bcc075b90eee_003.flac,train,墨子悲丝,顾梅羹,CD第2册\24\顾梅羹-墨子悲丝.wav,5100957,7742877,115.668,175.575,0.0533,-41.6459,0.0,0.0,0.8012,-21.0453
8971bcc075b90eee_004.flac,train,墨子悲丝,顾梅羹,CD第2册\24\顾梅羹-墨子悲丝.wav,7651436,10293356,173.502,233.409,0.0729,-43.3752,0.0,0.0,0.7987,-20.9086
8971bcc075b90eee_005.flac,train,墨子悲丝,顾梅羹,CD第2册\24\顾梅羹-墨子悲丝.wav,10201915,12843835,231.336,291.243,0.0442,-43.4992,0.0,0.0,0.9046,-18.8047
8971bcc075b90eee_006.flac,train,墨子悲丝,顾梅羹,CD第2册\24\顾梅羹-墨子悲丝.wav,12752393,15394313,289.17,349.077,0.0365,-41.1936,0.0,0.0,0.9037,-16.1249
8971bcc075b90eee_007.flac,train,墨子悲丝,顾梅羹,CD第2册\24\顾梅羹-墨子悲丝.wav,15302872,17944792,347.004,406.911,0.0421,-43.2029,0.0,0.0,0.8691,-18.4576
8971bcc075b90eee_008.flac,train,墨子悲丝,顾梅羹,CD第2册\24\顾梅羹-墨子悲丝.wav,17853351,20495271,404.838,464.745,0.0229,-40.061,0.0,0.0,0.882,-17.0411
8971bcc075b90eee_009.flac,train,墨子悲丝,顾梅羹,CD第2册\24\顾梅羹-墨子悲丝.wav,20403829,23045749,462.672,522.579,0.0284,-42.0696,0.0,0.0,0.8659,-17.0747
8971bcc075b90eee_010.flac,train,墨子悲丝,顾梅羹,CD第2册\24\顾梅羹-墨子悲丝.wav,22954308,25596228,520.506,580.413,0.0619,-45.8715,0.0,0.0,0.73,-19.6769
ad30ef44d8949044_001.flac,train,平沙落雁1,顾梅羹,CD第2册\24\顾梅羹-平沙落雁1.wav,0,2641920,0.0,59.907,0.2783,-48.9515,0.0,0.0,0.5426,-18.0434
ad30ef44d8949044_002.flac,train,平沙落雁1,顾梅羹,CD第2册\24\顾梅羹-平沙落雁1.wav,2533882,5175802,57.458,117.365,0.0963,-44.6415,0.0,0.0,0.7187,-17.5091
ad30ef44d8949044_003.flac,train,平沙落雁1,顾梅羹,CD第2册\24\顾梅羹-平沙落雁1.wav,5067764,7709684,114.915,174.823,0.0761,-44.7243,0.0,0.0,0.7731,-16.2641
ad30ef44d8949044_004.flac,train,平沙落雁1,顾梅羹,CD第2册\24\顾梅羹-平沙落雁1.wav,7601646,10243566,172.373,232.28,0.0469,-43.8685,0.0,0.0,0.8039,-15.1682
ad30ef44d8949044_005.flac,train,平沙落雁1,顾梅羹,CD第2册\24\顾梅羹-平沙落雁1.wav,10135528,12777448,229.831,289.738,0.0488,-45.0456,0.0,0.0,0.8714,-14.3392
ad30ef44d8949044_006.flac,train,平沙落雁1,顾梅羹,CD第2册\24\顾梅羹-平沙落雁1.wav,12669410,15311330,287.288,347.196,0.0417,-43.961,0.0,0.0,0.8833,-16.1616
ad30ef44d8949044_007.flac,train,平沙落雁1,顾梅羹,CD第2册\24\顾梅羹-平沙落雁1.wav,15203292,17845212,344.746,404.653,0.0526,-44.3921,0.0,0.0,0.7175,-17.0883
a0869cce3fb1ce6d_001.flac,train,平沙落雁2,顾梅羹,CD第2册\24\顾梅羹-平沙落雁2.wav,0,2641920,0.0,59.907,0.0411,-34.8251,0.0004,0.0167,0.505,-11.2864
a0869cce3fb1ce6d_002.flac,train,平沙落雁2,顾梅羹,CD第2册\24\顾梅羹-平沙落雁2.wav,2490370,5132290,56.471,116.378,0.0239,-29.2937,0.0,0.0,0.6179,-11.0837
a0869cce3fb1ce6d_003.flac,train,平沙落雁2,顾梅羹,CD第2册\24\顾梅羹-平沙落雁2.wav,4980740,7622660,112.942,172.849,0.025,-29.0063,0.0,0.0,0.6246,-10.7987
a0869cce3fb1ce6d_004.flac,train,平沙落雁2,顾梅羹,CD第2册\24\顾梅羹-平沙落雁2.wav,7471110,10113030,169.413,229.32,0.0195,-30.5364,0.0,0.0,0.6222,-9.8454
a0869cce3fb1ce6d_005.flac,train,平沙落雁2,顾梅羹,CD第2册\24\顾梅羹-平沙落雁2.wav,9961480,12603400,225.884,285.791,0.0198,-32.5305,0.0,0.0,0.6491,-9.2725
a0869cce3fb1ce6d_006.flac,train,平沙落雁2,顾梅羹,CD第2册\24\顾梅羹-平沙落雁2.wav,12451850,15093770,282.355,342.262,0.0155,-31.3769,0.0,0.0,0.6363,-9.05
a0869cce3fb1ce6d_007.flac,train,平沙落雁2,顾梅羹,CD第2册\24\顾梅羹-平沙落雁2.wav,14942220,17584140,338.826,398.733,0.021,-32.1584,0.0,0.0,0.5958,-9.8216
2c218fdc27d65116_001.flac,train,平沙落雁3,顾梅羹,CD第2册\24\顾梅羹-平沙落雁3.wav,0,2641920,0.0,59.907,0.2741,-43.978,0.0002,0.0167,0.5158,-18.8633
2c218fdc27d65116_002.flac,train,平沙落雁3,顾梅羹,CD第2册\24\顾梅羹-平沙落雁3.wav,2247526,4889446,50.964,110.872,0.0399,-39.06,0.0,0.0,0.6243,-18.5658
2c218fdc27d65116_003.flac,train,平沙落雁3,顾梅羹,CD第2册\24\顾梅羹-平沙落雁3.wav,4495052,7136972,101.929,161.836,0.0237,-35.3131,0.0,0.0,0.7674,-18.6278
2c218fdc27d65116_004.flac,train,平沙落雁3,顾梅羹,CD第2册\24\顾梅羹-平沙落雁3.wav,6742578,9384498,152.893,212.8,0.0265,-36.3463,0.0,0.0,0.7763,-18.494
2c218fdc27d65116_005.flac,train,平沙落雁3,顾梅羹,CD第2册\24\顾梅羹-平沙落雁3.wav,8990104,11632024,203.857,263.765,0.0276,-36.4723,0.0,0.0,0.7726,-19.0041
2c218fdc27d65116_006.flac,train,平沙落雁3,顾梅羹,CD第2册\24\顾梅羹-平沙落雁3.wav,11237630,13879550,254.822,314.729,0.0354,-39.1878,0.0,0.0,0.6857,-19.74
2c218fdc27d65116_007.flac,train,平沙落雁3,顾梅羹,CD第2册\24\顾梅羹-平沙落雁3.wav,13485156,16127076,305.786,365.693,0.1063,-42.6295,0.0,0.0,0.5955,-21.2323
89630b5643820e85_001.flac,train,普庵咒,顾梅羹,CD第2册\24\顾梅羹-普庵咒.wav,0,2641920,0.0,59.907,0.1568,-45.0877,0.0,0.0,0.6519,-19.9889
89630b5643820e85_002.flac,train,普庵咒,顾梅羹,CD第2册\24\顾梅羹-普庵咒.wav,2371819,5013739,53.783,113.69,0.0712,-47.0665,0.0,0.0,0.7359,-16.5406
89630b5643820e85_003.flac,train,普庵咒,顾梅羹,CD第2册\24\顾梅羹-普庵咒.wav,4743638,7385558,107.565,167.473,0.0401,-45.2468,0.0,0.0,0.8218,-16.7481
89630b5643820e85_004.flac,train,普庵咒,顾梅羹,CD第2册\24\顾梅羹-普庵咒.wav,7115457,9757377,161.348,221.256,0.0422,-45.2429,0.0,0.0,0.8155,-14.3309
89630b5643820e85_005.flac,train,普庵咒,顾梅羹,CD第2册\24\顾梅羹-普庵咒.wav,9487275,12129195,215.131,275.038,0.034,-44.8499,0.0,0.0,0.8804,-15.8036
89630b5643820e85_006.flac,train,普庵咒,顾梅羹,CD第2册\24\顾梅羹-普庵咒.wav,11859094,14501014,268.914,328.821,0.0338,-45.0656,0.0,0.0,0.8692,-16.4088
89630b5643820e85_007.flac,train,普庵咒,顾梅羹,CD第2册\24\顾梅羹-普庵咒.wav,14230913,16872833,322.696,382.604,0.0285,-43.859,0.0,0.0,0.8244,-17.3271
89630b5643820e85_008.flac,train,普庵咒,顾梅羹,CD第2册\24\顾梅羹-普庵咒.wav,16602732,19244652,376.479,436.387,0.0491,-46.8712,0.0,0.0,0.7752,-16.0385
0ff19f555b5077f0_001.flac,train,梅花三弄1,顾梅羹,CD第2册\24\顾梅羹-梅花三弄1.wav,0,2641920,0.0,59.907,0.0588,-45.5483,0.0,0.0,0.5439,-10.4593
0ff19f555b5077f0_002.flac,train,梅花三弄1,顾梅羹,CD第2册\24\顾梅羹-梅花三弄1.wav,2382823,5024743,54.032,113.94,0.0385,-40.7985,0.0,0.0,0.6306,-11.1698
0ff19f555b5077f0_003.flac,train,梅花三弄1,顾梅羹,CD第2册\24\顾梅羹-梅花三弄1.wav,4765646,7407566,108.065,167.972,0.0472,-44.0541,0.0,0.0,0.6266,-10.3429
0ff19f555b5077f0_004.flac,train,梅花三弄1,顾梅羹,CD第2册\24\顾梅羹-梅花三弄1.wav,7148469,9790389,162.097,222.004,0.0383,-43.547,0.0,0.0,0.6171,-9.8513
0ff19f555b5077f0_005.flac,train,梅花三弄1,顾梅羹,CD第2册\24\顾梅羹-梅花三弄1.wav,9531291,12173211,216.129,276.037,0.0301,-40.9856,0.0,0.0,0.652,-10.2717
0ff19f555b5077f0_006.flac,train,梅花三弄1,顾梅羹,CD第2册\24\顾梅羹-梅花三弄1.wav,11914114,14556034,270.161,330.069,0.0234,-40.0398,0.0,0.0,0.6728,-9.976
0ff19f555b5077f0_007.flac,train,梅花三弄1,顾梅羹,CD第2册\24\顾梅羹-梅花三弄1.wav,14296937,16938857,324.194,384.101,0.0146,-38.9322,0.0,0.0,0.681,-9.37
0ff19f555b5077f0_008.flac,train,梅花三弄1,顾梅羹,CD第2册\24\顾梅羹-梅花三弄1.wav,16679760,19321680,378.226,438.133,0.064,-45.9854,0.0,0.0,0.5747,-10.7348
0110426769811756_001.flac,train,梅花三弄2,顾梅羹,CD第2册\24\顾梅羹-梅花三弄2.wav,0,2641920,0.0,59.907,0.1964,-47.7029,0.0018,0.1168,0.5489,-17.7959
0110426769811756_002.flac,train,梅花三弄2,顾梅羹,CD第2册\24\顾梅羹-梅花三弄2.wav,2610883,5252803,59.204,119.111,0.1167,-46.6022,0.0,0.0,0.6209,-15.7814
0110426769811756_003.flac,train,梅花三弄2,顾梅羹,CD第2册\24\顾梅羹-梅花三弄2.wav,5221766,7863686,118.407,178.315,0.0827,-44.7508,0.0,0.0,0.6433,-16.3669
0110426769811756_004.flac,train,梅花三弄2,顾梅羹,CD第2册\24\顾梅羹-梅花三弄2.wav,7832649,10474569,177.611,237.519,0.0249,-38.2698,0.0,0.0,0.7838,-15.7736
0110426769811756_005.flac,train,梅花三弄2,顾梅羹,CD第2册\24\顾梅羹-梅花三弄2.wav,10443531,13085451,236.815,296.722,0.0402,-40.3555,0.0,0.0,0.6903,-16.34
0110426769811756_006.flac,train,梅花三弄2,顾梅羹,CD第2册\24\顾梅羹-梅花三弄2.wav,13054414,15696334,296.018,355.926,0.0137,-33.3063,0.0,0.0,0.7804,-15.0231
0110426769811756_007.flac,train,梅花三弄2,顾梅羹,CD第2册\24\顾梅羹-梅花三弄2.wav,15665297,18307217,355.222,415.13,0.0127,-34.2892,0.0,0.0,0.7727,-14.4335
0110426769811756_008.flac,train,梅花三弄2,顾梅羹,CD第2册\24\顾梅羹-梅花三弄2.wav,18276180,20918100,414.426,474.333,0.1413,-45.3213,0.0,0.0,0.5718,-16.102
a62b8c13f22963e0_001.flac,train,广寒游,高仲钧,CD第4册\64\高仲钧-广寒游.wav,0,2641920,0.0,59.907,0.0803,-47.8682,0.0002,0.0167,0.7411,-23.5602
a62b8c13f22963e0_002.flac,train,广寒游,高仲钧,CD第4册\64\高仲钧-广寒游.wav,2041527,4683447,46.293,106.201,0.0759,-45.855,0.0,0.0,0.7013,-25.0242
a62b8c13f22963e0_003.flac,train,广寒游,高仲钧,CD第4册\64\高仲钧-广寒游.wav,4083054,6724974,92.586,152.494,0.0632,-47.6579,0.0,0.0,0.7083,-23.7334
a62b8c13f22963e0_004.flac,train,广寒游,高仲钧,CD第4册\64\高仲钧-广寒游.wav,6124581,8766501,138.879,198.787,0.0298,-43.5124,0.0,0.0,0.7108,-21.7598
a62b8c13f22963e0_005.flac,train,广寒游,高仲钧,CD第4册\64\高仲钧-广寒游.wav,8166108,10808028,185.173,245.08,0.0375,-43.4972,0.0,0.0,0.7433,-24.2487
3917bf68ae149f76_001.flac,test,渔樵问答,高松如,CD第2册\32\高松如-渔樵问答.wav,0,2641920,0.0,59.907,0.2889,-51.249,0.0,0.0,0.4761,-20.6738
3917bf68ae149f76_002.flac,test,渔樵问答,高松如,CD第2册\32\高松如-渔樵问答.wav,2258499,4900419,51.213,111.121,0.2417,-50.2857,0.0,0.0,0.6806,-16.697
3917bf68ae149f76_003.flac,test,渔樵问答,高松如,CD第2册\32\高松如-渔樵问答.wav,4516998,7158918,102.426,162.334,0.1808,-51.1469,0.0,0.0,0.7856,-16.6008
3917bf68ae149f76_004.flac,test,渔樵问答,高松如,CD第2册\32\高松如-渔樵问答.wav,6775497,9417417,153.639,213.547,0.1955,-51.9266,0.0,0.0,0.8103,-15.125
3917bf68ae149f76_005.flac,test,渔樵问答,高松如,CD第2册\32\高松如-渔樵问答.wav,9033996,11675916,204.853,264.76,0.1894,-51.0491,0.0,0.0,0.7652,-15.454
88b0d8a657f02c72_001.flac,test,忆故人,黄雪辉,CD第2册\22\黄雪辉-忆故人.wav,0,2641920,0.0,59.907,0.0727,-53.2207,0.0,0.0,0.7284,-23.198
88b0d8a657f02c72_002.flac,test,忆故人,黄雪辉,CD第2册\22\黄雪辉-忆故人.wav,2621767,5263687,59.45,119.358,0.0302,-51.1313,0.0,0.0,0.8403,-19.673
88b0d8a657f02c72_003.flac,test,忆故人,黄雪辉,CD第2册\22\黄雪辉-忆故人.wav,5243534,7885454,118.901,178.808,0.0186,-51.9655,0.0,0.0,0.8461,-17.2566
88b0d8a657f02c72_004.flac,test,忆故人,黄雪辉,CD第2册\22\黄雪辉-忆故人.wav,7865302,10507222,178.352,238.259,0.0125,-52.7144,0.0,0.0,0.8577,-16.4417
88b0d8a657f02c72_005.flac,test,忆故人,黄雪辉,CD第2册\22\黄雪辉-忆故人.wav,10487069,13128989,237.802,297.71,0.0099,-51.5064,0.0,0.0,0.8601,-17.2315
88b0d8a657f02c72_006.flac,test,忆故人,黄雪辉,CD第2册\22\黄雪辉-忆故人.wav,13108836,15750756,297.253,357.16,0.0306,-53.2883,0.0,0.0,0.8108,-20.3238
6fff09581700062c_001.flac,train,白雪,黄雪辉,CD第2册\22\黄雪辉-白雪.wav,0,2641920,0.0,59.907,0.0312,-52.213,0.0,0.0,0.8191,-18.6672
6fff09581700062c_002.flac,train,白雪,黄雪辉,CD第2册\22\黄雪辉-白雪.wav,2452894,5094814,55.621,115.529,0.0207,-52.8645,0.0,0.0,0.8998,-19.099
6fff09581700062c_003.flac,train,白雪,黄雪辉,CD第2册\22\黄雪辉-白雪.wav,4905787,7547707,111.242,171.15,0.01,-49.4283,0.0,0.0,1.0013,-16.5232
6fff09581700062c_004.flac,train,白雪,黄雪辉,CD第2册\22\黄雪辉-白雪.wav,7358681,10000601,166.864,226.771,0.0191,-51.9867,0.0,0.0,0.9493,-17.7994
6fff09581700062c_005.flac,train,白雪,黄雪辉,CD第2册\22\黄雪辉-白雪.wav,9811574,12453494,222.485,282.392,0.0101,-50.1736,0.0,0.0,0.9753,-16.5579
6fff09581700062c_006.flac,train,白雪,黄雪辉,CD第2册\22\黄雪辉-白雪.wav,12264468,14906388,278.106,338.013,0.0135,-51.3147,0.0,0.0,0.9417,-16.6958
33c6213249981d09_001.flac,validation,秋江夜泊,黄雪辉,CD第2册\22\黄雪辉-秋江夜泊.wav,0,2641920,0.0,59.907,0.0282,-50.4423,0.0,0.0,0.8423,-18.4707
33c6213249981d09_002.flac,validation,秋江夜泊,黄雪辉,CD第2册\22\黄雪辉-秋江夜泊.wav,1907068,4548988,43.244,103.152,0.0139,-49.5326,0.0,0.0,0.9628,-17.5429
33c6213249981d09_003.flac,validation,秋江夜泊,黄雪辉,CD第2册\22\黄雪辉-秋江夜泊.wav,3814136,6456056,86.488,146.396,0.0128,-50.9317,0.0,0.0,0.9999,-15.9324
33c6213249981d09_004.flac,validation,秋江夜泊,黄雪辉,CD第2册\22\黄雪辉-秋江夜泊.wav,5721204,8363124,129.733,189.64,0.0133,-50.6397,0.0,0.0,0.9456,-15.5203
0475eb980d1c5ccf_001.flac,validation,捣衣,龙琴舫,CD第1册\CD05\龙琴舫-捣衣.wav,0,2641920,0.0,59.907,0.0278,-52.3723,0.0,0.0,0.8321,-22.8005
0475eb980d1c5ccf_002.flac,validation,捣衣,龙琴舫,CD第1册\CD05\龙琴舫-捣衣.wav,2487920,5129840,56.415,116.323,0.0197,-48.5712,0.0,0.0,0.9467,-24.0971
0475eb980d1c5ccf_003.flac,validation,捣衣,龙琴舫,CD第1册\CD05\龙琴舫-捣衣.wav,4975840,7617760,112.831,172.738,0.0125,-45.6582,0.0,0.0,0.9215,-22.7827
0475eb980d1c5ccf_004.flac,validation,捣衣,龙琴舫,CD第1册\CD05\龙琴舫-捣衣.wav,7463760,10105680,169.246,229.154,0.0157,-44.8808,0.0,0.0,0.9738,-24.0927
0475eb980d1c5ccf_005.flac,validation,捣衣,龙琴舫,CD第1册\CD05\龙琴舫-捣衣.wav,9951680,12593600,225.662,285.569,0.0124,-47.1467,0.0,0.0,0.961,-23.0567
0475eb980d1c5ccf_006.flac,validation,捣衣,龙琴舫,CD第1册\CD05\龙琴舫-捣衣.wav,12439600,15081520,282.077,341.985,0.0176,-50.1615,0.0,0.0,0.9204,-22.7683
0475eb980d1c5ccf_007.flac,validation,捣衣,龙琴舫,CD第1册\CD05\龙琴舫-捣衣.wav,14927520,17569440,338.493,398.4,0.0418,-53.7848,0.0,0.0,0.7709,-24.0353
3118bec7a861936c_001.flac,train,岳阳三醉,乐瑛,CD第3册\41\乐瑛-岳阳三醉.wav,0,2641920,0.0,59.907,0.0081,-46.2246,0.0,0.0,0.8835,-18.4426
3118bec7a861936c_002.flac,train,岳阳三醉,乐瑛,CD第3册\41\乐瑛-岳阳三醉.wav,2618066,5259986,59.367,119.274,0.0024,-38.9164,0.0,0.0,1.0199,-17.4095
3118bec7a861936c_003.flac,train,岳阳三醉,乐瑛,CD第3册\41\乐瑛-岳阳三醉.wav,5236131,7878051,118.733,178.641,0.0022,-39.9105,0.0,0.0,0.9572,-14.9781
3118bec7a861936c_004.flac,train,岳阳三醉,乐瑛,CD第3册\41\乐瑛-岳阳三醉.wav,7854196,10496116,178.1,238.007,0.0026,-40.3507,0.0,0.0,0.9476,-14.5569
3118bec7a861936c_005.flac,train,岳阳三醉,乐瑛,CD第3册\41\乐瑛-岳阳三醉.wav,10472262,13114182,237.466,297.374,0.0014,-36.0182,0.0,0.0,0.9863,-13.8151
3118bec7a861936c_006.flac,train,岳阳三醉,乐瑛,CD第3册\41\乐瑛-岳阳三醉.wav,13090328,15732248,296.833,356.74,0.0021,-39.3418,0.0,0.0,1.0402,-15.5378
3118bec7a861936c_007.flac,train,岳阳三醉,乐瑛,CD第3册\41\乐瑛-岳阳三醉.wav,15708393,18350313,356.199,416.107,0.0024,-39.7406,0.0,0.0,1.0204,-14.8885
3118bec7a861936c_008.flac,train,岳阳三醉,乐瑛,CD第3册\41\乐瑛-岳阳三醉.wav,18326458,20968378,415.566,475.473,0.002,-39.051,0.0,0.0,0.9897,-15.9149
3118bec7a861936c_009.flac,train,岳阳三醉,乐瑛,CD第3册\41\乐瑛-岳阳三醉.wav,20944524,23586444,474.933,534.84,0.0059,-42.6445,0.0,0.0,0.9226,-17.8859
b3cce13d45adf189_001.flac,test,渔樵问答1,乐瑛,CD第3册\41\乐瑛-渔樵问答1.wav,0,2641920,0.0,59.907,0.0078,-28.7036,0.0,0.0,0.8251,-25.9154
b3cce13d45adf189_002.flac,test,渔樵问答1,乐瑛,CD第3册\41\乐瑛-渔樵问答1.wav,2556703,5198623,57.975,117.883,0.0107,-28.4996,0.0002,0.0167,0.8722,-23.5536
b3cce13d45adf189_003.flac,test,渔樵问答1,乐瑛,CD第3册\41\乐瑛-渔樵问答1.wav,5113406,7755326,115.95,175.858,0.0105,-29.5772,0.0,0.0,0.8195,-23.0778
b3cce13d45adf189_004.flac,test,渔樵问答1,乐瑛,CD第3册\41\乐瑛-渔樵问答1.wav,7670109,10312029,173.925,233.833,0.0092,-29.8142,0.0,0.0,0.8329,-24.8789
b3cce13d45adf189_005.flac,test,渔樵问答1,乐瑛,CD第3册\41\乐瑛-渔樵问答1.wav,10226811,12868731,231.9,291.808,0.0107,-27.7747,0.0,0.0,0.9149,-23.6965
b3cce13d45adf189_006.flac,test,渔樵问答1,乐瑛,CD第3册\41\乐瑛-渔樵问答1.wav,12783514,15425434,289.876,349.783,0.0109,-28.1958,0.0,0.0,0.912,-22.7156
b3cce13d45adf189_007.flac,test,渔樵问答1,乐瑛,CD第3册\41\乐瑛-渔樵问答1.wav,15340217,17982137,347.851,407.758,0.0117,-27.9689,0.0079,0.1669,0.8357,-24.0879
b3cce13d45adf189_008.flac,test,渔樵问答1,乐瑛,CD第3册\41\乐瑛-渔樵问答1.wav,17896920,20538840,405.826,465.733,0.0101,-32.1393,0.0,0.0,0.8157,-26.3067
7b78ee07d96c367a_001.flac,train,韦编三绝1,乐瑛,CD第3册\41\乐瑛-韦编三绝1.wav,0,2641920,0.0,59.907,0.0173,-45.9684,0.0,0.0,0.8081,-19.8489
7b78ee07d96c367a_002.flac,train,韦编三绝1,乐瑛,CD第3册\41\乐瑛-韦编三绝1.wav,2487516,5129436,56.406,116.314,0.0248,-44.2985,0.0,0.0,0.8093,-19.0023
7b78ee07d96c367a_003.flac,train,韦编三绝1,乐瑛,CD第3册\41\乐瑛-韦编三绝1.wav,4975032,7616952,112.813,172.72,0.0169,-47.6818,0.0,0.0,0.7901,-19.2293
951b10ec6948a935_001.flac,test,忆故人1,吴兆基,CD第3册\52\吴兆基-忆故人1.wav,0,2641920,0.0,59.907,0.447,-63.6125,0.0,0.0,0.2192,-25.5704
951b10ec6948a935_002.flac,test,忆故人1,吴兆基,CD第3册\52\吴兆基-忆故人1.wav,2589883,5231803,58.728,118.635,0.343,-60.5775,0.0,0.0,0.2965,-21.634
951b10ec6948a935_003.flac,test,忆故人1,吴兆基,CD第3册\52\吴兆基-忆故人1.wav,5179766,7821686,117.455,177.362,0.3306,-59.2211,0.0,0.0,0.3169,-22.4849
951b10ec6948a935_004.flac,test,忆故人1,吴兆基,CD第3册\52\吴兆基-忆故人1.wav,7769649,10411569,176.183,236.09,0.3207,-63.5988,0.0,0.0,0.3308,-21.9177
951b10ec6948a935_005.flac,test,忆故人1,吴兆基,CD第3册\52\吴兆基-忆故人1.wav,10359531,13001451,234.91,294.817,0.3442,-64.8097,0.0,0.0,0.3509,-21.1234
951b10ec6948a935_006.flac,test,忆故人1,吴兆基,CD第3册\52\吴兆基-忆故人1.wav,12949414,15591334,293.638,353.545,0.4813,-66.7918,0.0,0.0,0.2397,-23.7302
951b10ec6948a935_007.flac,test,忆故人1,吴兆基,CD第3册\52\吴兆基-忆故人1.wav,15539297,18181217,352.365,412.272,0.4821,-66.0252,0.0,0.0,0.2138,-24.0118
951b10ec6948a935_008.flac,test,忆故人1,吴兆基,CD第3册\52\吴兆基-忆故人1.wav,18129180,20771100,411.093,471.0,0.4908,-65.7502,0.0,0.0,0.1777,-26.3742
75c205020028bb47_001.flac,test,忆故人2,吴兆基,CD第3册\52\吴兆基-忆故人2.wav,0,2641920,0.0,59.907,0.2474,-50.2414,0.0,0.0,0.4081,-16.8507
75c205020028bb47_002.flac,test,忆故人2,吴兆基,CD第3册\52\吴兆基-忆故人2.wav,2326879,4968799,52.764,112.671,0.2571,-48.6037,0.0,0.0,0.3941,-14.9591
75c205020028bb47_003.flac,test,忆故人2,吴兆基,CD第3册\52\吴兆基-忆故人2.wav,4653758,7295678,105.527,165.435,0.2413,-48.4609,0.0,0.0,0.425,-14.8758
75c205020028bb47_004.flac,test,忆故人2,吴兆基,CD第3册\52\吴兆基-忆故人2.wav,6980637,9622557,158.291,218.199,0.2454,-52.7612,0.0,0.0,0.4128,-14.5698
75c205020028bb47_005.flac,test,忆故人2,吴兆基,CD第3册\52\吴兆基-忆故人2.wav,9307515,11949435,211.055,270.962,0.2226,-53.1816,0.0,0.0,0.4653,-14.2478
75c205020028bb47_006.flac,test,忆故人2,吴兆基,CD第3册\52\吴兆基-忆故人2.wav,11634394,14276314,263.818,323.726,0.2266,-54.1165,0.0,0.0,0.4616,-13.2995
75c205020028bb47_007.flac,test,忆故人2,吴兆基,CD第3册\52\吴兆基-忆故人2.wav,13961273,16603193,316.582,376.49,0.2371,-53.5256,0.0,0.0,0.409,-13.9162
75c205020028bb47_008.flac,test,忆故人2,吴兆基,CD第3册\52\吴兆基-忆故人2.wav,16288152,18930072,369.346,429.253,0.2578,-52.0893,0.0,0.0,0.3457,-18.4248
83ae41ce7c07d0cb_001.flac,train,梅花三弄1,吴兆基,CD第3册\50\吴兆基-梅花三弄1.wav,0,2641920,0.0,59.907,0.0231,-65.3392,0.0,0.0,0.6891,-16.9563
83ae41ce7c07d0cb_002.flac,train,梅花三弄1,吴兆基,CD第3册\50\吴兆基-梅花三弄1.wav,2329206,4971126,52.816,112.724,0.0182,-66.3215,0.0,0.0,0.6698,-15.9442
83ae41ce7c07d0cb_003.flac,train,梅花三弄1,吴兆基,CD第3册\50\吴兆基-梅花三弄1.wav,4658412,7300332,105.633,165.54,0.0194,-65.8734,0.0,0.0,0.6533,-15.9401
83ae41ce7c07d0cb_004.flac,train,梅花三弄1,吴兆基,CD第3册\50\吴兆基-梅花三弄1.wav,6987618,9629538,158.449,218.357,0.0425,-62.4585,0.0,0.0,0.7122,-17.2491
83ae41ce7c07d0cb_005.flac,train,梅花三弄1,吴兆基,CD第3册\50\吴兆基-梅花三弄1.wav,9316824,11958744,211.266,271.173,0.0616,-55.347,0.0,0.0,0.6733,-21.5007
257cdeb2f1fb5e29_001.flac,train,梅花三弄2,吴兆基,CD第3册\50\吴兆基-梅花三弄2.wav,0,2641920,0.0,59.907,0.355,-64.9165,0.0,0.0,0.366,-12.6054
257cdeb2f1fb5e29_002.flac,train,梅花三弄2,吴兆基,CD第3册\50\吴兆基-梅花三弄2.wav,2158686,4800606,48.95,108.857,0.3245,-65.8705,0.0,0.0,0.3853,-11.8642
257cdeb2f1fb5e29_003.flac,train,梅花三弄2,吴兆基,CD第3册\50\吴兆基-梅花三弄2.wav,4317372,6959292,97.9,157.807,0.3716,-66.4839,0.0,0.0,0.3539,-12.0428
257cdeb2f1fb5e29_004.flac,train,梅花三弄2,吴兆基,CD第3册\50\吴兆基-梅花三弄2.wav,6476058,9117978,146.849,206.757,0.2795,-64.3938,0.0,0.0,0.4523,-12.1116
257cdeb2f1fb5e29_005.flac,train,梅花三弄2,吴兆基,CD第3册\50\吴兆基-梅花三弄2.wav,8634744,11276664,195.799,255.707,0.3416,-64.3972,0.0,0.0,0.4002,-13.117
3656227a3ba0cd1c_001.flac,test,渔樵问答,吴兆基,CD第3册\53\吴兆基-渔樵问答.wav,0,2641920,0.0,59.907,0.3131,-59.8223,0.0,0.0,0.4164,-13.6627
3656227a3ba0cd1c_002.flac,test,渔樵问答,吴兆基,CD第3册\53\吴兆基-渔樵问答.wav,2487403,5129323,56.404,116.311,0.2007,-57.6496,0.0,0.0,0.5549,-13.7497
3656227a3ba0cd1c_003.flac,test,渔樵问答,吴兆基,CD第3册\53\吴兆基-渔樵问答.wav,4974806,7616726,112.807,172.715,0.0879,-57.469,0.0,0.0,0.6071,-12.7994
3656227a3ba0cd1c_004.flac,test,渔樵问答,吴兆基,CD第3册\53\吴兆基-渔樵问答.wav,7462209,10104129,169.211,229.119,0.1431,-57.309,0.0,0.0,0.5513,-13.2859
3656227a3ba0cd1c_005.flac,test,渔樵问答,吴兆基,CD第3册\53\吴兆基-渔樵问答.wav,9949611,12591531,225.615,285.522,0.1625,-56.5433,0.0,0.0,0.5489,-13.5986
3656227a3ba0cd1c_006.flac,test,渔樵问答,吴兆基,CD第3册\53\吴兆基-渔樵问答.wav,12437014,15078934,282.018,341.926,0.1224,-55.0832,0.0,0.0,0.6459,-13.767
3656227a3ba0cd1c_007.flac,test,渔樵问答,吴兆基,CD第3册\53\吴兆基-渔樵问答.wav,14924417,17566337,338.422,398.33,0.1116,-57.0102,0.0,0.0,0.5717,-13.5208
3656227a3ba0cd1c_008.flac,test,渔樵问答,吴兆基,CD第3册\53\吴兆基-渔樵问答.wav,17411820,20053740,394.826,454.733,0.3097,-57.9415,0.0,0.0,0.4244,-14.906
fe106944cc2392bb_001.flac,train,渔歌1,吴兆基,CD第3册\53\吴兆基-渔歌1.wav,0,2641920,0.0,59.907,0.3681,-64.2393,0.0,0.0,0.2709,-21.2388
fe106944cc2392bb_002.flac,train,渔歌1,吴兆基,CD第3册\53\吴兆基-渔歌1.wav,2520291,5162211,57.149,117.057,0.3785,-61.9497,0.0,0.0,0.2693,-23.1385
fe106944cc2392bb_003.flac,train,渔歌1,吴兆基,CD第3册\53\吴兆基-渔歌1.wav,5040583,7682503,114.299,174.206,0.3643,-65.8278,0.0,0.0,0.3148,-21.2902
fe106944cc2392bb_004.flac,train,渔歌1,吴兆基,CD第3册\53\吴兆基-渔歌1.wav,7560874,10202794,171.448,231.356,0.3779,-65.4085,0.0,0.0,0.2853,-20.9409
fe106944cc2392bb_005.flac,train,渔歌1,吴兆基,CD第3册\53\吴兆基-渔歌1.wav,10081166,12723086,228.598,288.505,0.3375,-65.4662,0.0,0.0,0.3497,-20.2191
fe106944cc2392bb_006.flac,train,渔歌1,吴兆基,CD第3册\53\吴兆基-渔歌1.wav,12601457,15243377,285.747,345.655,0.3604,-64.8324,0.0,0.0,0.2975,-21.3129
fe106944cc2392bb_007.flac,train,渔歌1,吴兆基,CD第3册\53\吴兆基-渔歌1.wav,15121749,17763669,342.897,402.804,0.3477,-65.5765,0.0,0.0,0.328,-19.3385
fe106944cc2392bb_008.flac,train,渔歌1,吴兆基,CD第3册\53\吴兆基-渔歌1.wav,17642040,20283960,400.046,459.954,0.3595,-68.6933,0.0,0.0,0.2893,-18.8947
fe106944cc2392bb_009.flac,train,渔歌1,吴兆基,CD第3册\53\吴兆基-渔歌1.wav,20162331,22804251,457.196,517.103,0.3352,-70.4166,0.0,0.0,0.3543,-16.6322
fe106944cc2392bb_010.flac,train,渔歌1,吴兆基,CD第3册\53\吴兆基-渔歌1.wav,22682623,25324543,514.345,574.253,0.3036,-70.249,0.0,0.0,0.4163,-16.3271
fe106944cc2392bb_011.flac,train,渔歌1,吴兆基,CD第3册\53\吴兆基-渔歌1.wav,25202914,27844834,571.495,631.402,0.3256,-69.0817,0.0,0.0,0.4185,-16.6164
fe106944cc2392bb_012.flac,train,渔歌1,吴兆基,CD第3册\53\吴兆基-渔歌1.wav,27723206,30365126,628.644,688.552,0.3635,-67.062,0.0,0.0,0.3928,-20.6502
fe106944cc2392bb_013.flac,train,渔歌1,吴兆基,CD第3册\53\吴兆基-渔歌1.wav,30243497,32885417,685.794,745.701,0.3621,-68.1253,0.0,0.0,0.3771,-20.1128
fe106944cc2392bb_014.flac,train,渔歌1,吴兆基,CD第3册\53\吴兆基-渔歌1.wav,32763789,35405709,742.943,802.851,0.4042,-66.4596,0.0,0.0,0.3229,-23.8318
fe106944cc2392bb_015.flac,train,渔歌1,吴兆基,CD第3册\53\吴兆基-渔歌1.wav,35284080,37926000,800.093,860.0,0.444,-62.4291,0.0,0.0,0.2214,-27.535
76e57ff6ce70a7eb_001.flac,train,渔歌2,吴兆基,CD第3册\53\吴兆基-渔歌2.wav,0,2641920,0.0,59.907,0.5465,-62.3048,0.0002,0.0,0.2719,-15.881
76e57ff6ce70a7eb_002.flac,train,渔歌2,吴兆基,CD第3册\53\吴兆基-渔歌2.wav,2580190,5222110,58.508,118.415,0.5438,-64.0707,0.0,0.0,0.2797,-16.0621
76e57ff6ce70a7eb_003.flac,train,渔歌2,吴兆基,CD第3册\53\吴兆基-渔歌2.wav,5160380,7802300,117.015,176.923,0.5453,-65.5993,0.0,0.0,0.2619,-16.1653
76e57ff6ce70a7eb_004.flac,train,渔歌2,吴兆基,CD第3册\53\吴兆基-渔歌2.wav,7740570,10382490,175.523,235.431,0.53,-65.5993,0.0,0.0,0.3918,-14.1586
76e57ff6ce70a7eb_005.flac,train,渔歌2,吴兆基,CD第3册\53\吴兆基-渔歌2.wav,10320760,12962680,234.031,293.938,0.5393,-65.2283,0.0,0.0,0.2943,-15.2623
76e57ff6ce70a7eb_006.flac,train,渔歌2,吴兆基,CD第3册\53\吴兆基-渔歌2.wav,12900950,15542870,292.539,352.446,0.524,-65.0524,0.0,0.0,0.4173,-13.1176
76e57ff6ce70a7eb_007.flac,train,渔歌2,吴兆基,CD第3册\53\吴兆基-渔歌2.wav,15481140,18123060,351.046,410.954,0.5463,-66.5907,0.0,0.0,0.2683,-15.3184
76e57ff6ce70a7eb_008.flac,train,渔歌2,吴兆基,CD第3册\53\吴兆基-渔歌2.wav,18061330,20703250,409.554,469.461,0.4289,-66.8569,0.0,0.0,0.5599,-12.3505
76e57ff6ce70a7eb_009.flac,train,渔歌2,吴兆基,CD第3册\53\吴兆基-渔歌2.wav,20641520,23283440,468.062,527.969,0.1836,-62.6355,0.0,0.0,0.6956,-11.034
76e57ff6ce70a7eb_010.flac,train,渔歌2,吴兆基,CD第3册\53\吴兆基-渔歌2.wav,23221710,25863630,526.569,586.477,0.2254,-64.8561,0.0,0.0,0.6,-11.0945
76e57ff6ce70a7eb_011.flac,train,渔歌2,吴兆基,CD第3册\53\吴兆基-渔歌2.wav,25801900,28443820,585.077,644.985,0.2315,-65.1483,0.0,0.0,0.6991,-11.4562
76e57ff6ce70a7eb_012.flac,train,渔歌2,吴兆基,CD第3册\53\吴兆基-渔歌2.wav,28382090,31024010,643.585,703.492,0.4588,-64.8744,0.0,0.0,0.4712,-12.0893
76e57ff6ce70a7eb_013.flac,train,渔歌2,吴兆基,CD第3册\53\吴兆基-渔歌2.wav,30962280,33604200,702.093,762.0,0.5449,-65.0551,0.0,0.0,0.2794,-16.4869
dfdb69f8046ef157_001.flac,train,渔歌3,吴兆基,CD第3册\53\吴兆基-渔歌3.wav,0,2641920,0.0,59.907,0.473,-57.7379,0.0,0.0,0.2119,-16.2385
dfdb69f8046ef157_002.flac,train,渔歌3,吴兆基,CD第3册\53\吴兆基-渔歌3.wav,2458832,5100752,55.756,115.663,0.4736,-56.6537,0.0,0.0,0.2021,-17.9535
dfdb69f8046ef157_003.flac,train,渔歌3,吴兆基,CD第3册\53\吴兆基-渔歌3.wav,4917665,7559585,111.512,171.419,0.4703,-60.399,0.0,0.0,0.2202,-16.2969
dfdb69f8046ef157_004.flac,train,渔歌3,吴兆基,CD第3册\53\吴兆基-渔歌3.wav,7376497,10018417,167.268,227.175,0.4633,-61.0704,0.0,0.0,0.2407,-15.0108
dfdb69f8046ef157_005.flac,train,渔歌3,吴兆基,CD第3册\53\吴兆基-渔歌3.wav,9835329,12477249,223.023,282.931,0.4664,-60.3335,0.0,0.0,0.2245,-15.3852
dfdb69f8046ef157_006.flac,train,渔歌3,吴兆基,CD第3册\53\吴兆基-渔歌3.wav,12294162,14936082,278.779,338.687,0.4674,-59.7337,0.0,0.0,0.2291,-15.8515
dfdb69f8046ef157_007.flac,train,渔歌3,吴兆基,CD第3册\53\吴兆基-渔歌3.wav,14752994,17394914,334.535,394.442,0.4588,-63.8781,0.0,0.0,0.2549,-13.2506
dfdb69f8046ef157_008.flac,train,渔歌3,吴兆基,CD第3册\53\吴兆基-渔歌3.wav,17211826,19853746,390.291,450.198,0.4578,-64.17,0.0,0.0,0.2561,-13.0685
dfdb69f8046ef157_009.flac,train,渔歌3,吴兆基,CD第3册\53\吴兆基-渔歌3.wav,19670658,22312578,446.047,505.954,0.4467,-65.2132,0.0,0.0,0.3639,-11.3462
dfdb69f8046ef157_010.flac,train,渔歌3,吴兆基,CD第3册\53\吴兆基-渔歌3.wav,22129491,24771411,501.803,561.71,0.4518,-62.7011,0.0,0.0,0.3375,-12.8008
dfdb69f8046ef157_011.flac,train,渔歌3,吴兆基,CD第3册\53\吴兆基-渔歌3.wav,24588323,27230243,557.558,617.466,0.4513,-62.7144,0.0,0.0,0.3194,-13.5872
dfdb69f8046ef157_012.flac,train,渔歌3,吴兆基,CD第3册\53\吴兆基-渔歌3.wav,27047155,29689075,613.314,673.222,0.4525,-64.9465,0.0,0.0,0.2993,-13.9445
dfdb69f8046ef157_013.flac,train,渔歌3,吴兆基,CD第3册\53\吴兆基-渔歌3.wav,29505988,32147908,669.07,728.978,0.467,-61.901,0.0,0.0,0.223,-17.9496
dfdb69f8046ef157_014.flac,train,渔歌3,吴兆基,CD第3册\53\吴兆基-渔歌3.wav,31964820,34606740,724.826,784.733,0.4733,-56.8814,0.0,0.0,0.1909,-21.2511
95ee316d54be3355_001.flac,train,潇湘水云1,吴兆基,CD第3册\52\吴兆基-潇湘水云1.wav,0,2641920,0.0,59.907,0.2174,-49.4109,0.0,0.0,0.442,-19.8783
95ee316d54be3355_002.flac,train,潇湘水云1,吴兆基,CD第3册\52\吴兆基-潇湘水云1.wav,2625351,5267271,59.532,119.439,0.2348,-43.2076,0.0025,0.1669,0.4141,-20.084
95ee316d54be3355_003.flac,train,潇湘水云1,吴兆基,CD第3册\52\吴兆基-潇湘水云1.wav,5250701,7892621,119.064,178.971,0.2055,-42.9519,0.0012,0.1002,0.4802,-20.4672
95ee316d54be3355_004.flac,train,潇湘水云1,吴兆基,CD第3册\52\吴兆基-潇湘水云1.wav,7876052,10517972,178.595,238.503,0.1473,-45.5307,0.0,0.0,0.5767,-20.5326
95ee316d54be3355_005.flac,train,潇湘水云1,吴兆基,CD第3册\52\吴兆基-潇湘水云1.wav,10501403,13143323,238.127,298.035,0.0981,-48.0675,0.0,0.0,0.703,-15.8101
95ee316d54be3355_006.flac,train,潇湘水云1,吴兆基,CD第3册\52\吴兆基-潇湘水云1.wav,13126753,15768673,297.659,357.566,0.0674,-46.6209,0.0,0.0,0.6576,-15.0249
95ee316d54be3355_007.flac,train,潇湘水云1,吴兆基,CD第3册\52\吴兆基-潇湘水云1.wav,15752104,18394024,357.191,417.098,0.0459,-46.642,0.0,0.0,0.6908,-13.5509
95ee316d54be3355_008.flac,train,潇湘水云1,吴兆基,CD第3册\52\吴兆基-潇湘水云1.wav,18377455,21019375,416.722,476.63,0.0586,-45.6159,0.0,0.0,0.7306,-16.0757
95ee316d54be3355_009.flac,train,潇湘水云1,吴兆基,CD第3册\52\吴兆基-潇湘水云1.wav,21002805,23644725,476.254,536.162,0.0562,-43.9804,0.0,0.0,0.7072,-16.3618
95ee316d54be3355_010.flac,train,潇湘水云1,吴兆基,CD第3册\52\吴兆基-潇湘水云1.wav,23628156,26270076,535.786,595.693,0.1685,-48.4105,0.0,0.0,0.4927,-18.6264
85cfc46c65a52f11_001.flac,train,潇湘水云2,吴兆基,CD第3册\52\吴兆基-潇湘水云2.wav,0,2641920,0.0,59.907,0.4436,-64.3949,0.0,0.0,0.2405,-17.5107
85cfc46c65a52f11_002.flac,train,潇湘水云2,吴兆基,CD第3册\52\吴兆基-潇湘水云2.wav,2500878,5142798,56.709,116.617,0.4623,-55.8904,0.0,0.0,0.237,-18.8493
85cfc46c65a52f11_003.flac,train,潇湘水云2,吴兆基,CD第3册\52\吴兆基-潇湘水云2.wav,5001756,7643676,113.419,173.326,0.4616,-60.652,0.0,0.0,0.2636,-15.7423
85cfc46c65a52f11_004.flac,train,潇湘水云2,吴兆基,CD第3册\52\吴兆基-潇湘水云2.wav,7502634,10144554,170.128,230.035,0.4666,-63.9727,0.0,0.0,0.2135,-17.532
85cfc46c65a52f11_005.flac,train,潇湘水云2,吴兆基,CD第3册\52\吴兆基-潇湘水云2.wav,10003512,12645432,226.837,286.744,0.4439,-68.1348,0.0,0.0,0.3308,-13.389
85cfc46c65a52f11_006.flac,train,潇湘水云2,吴兆基,CD第3册\52\吴兆基-潇湘水云2.wav,12504390,15146310,283.546,343.454,0.4542,-68.0277,0.0,0.0,0.3092,-14.1412
85cfc46c65a52f11_007.flac,train,潇湘水云2,吴兆基,CD第3册\52\吴兆基-潇湘水云2.wav,15005268,17647188,340.256,400.163,0.3463,-68.0548,0.0,0.0,0.5099,-12.4317
85cfc46c65a52f11_008.flac,train,潇湘水云2,吴兆基,CD第3册\52\吴兆基-潇湘水云2.wav,17506146,20148066,396.965,456.872,0.429,-67.7567,0.0,0.0,0.3712,-13.5307
85cfc46c65a52f11_009.flac,train,潇湘水云2,吴兆基,CD第3册\52\吴兆基-潇湘水云2.wav,20007024,22648944,453.674,513.581,0.4278,-67.6651,0.0,0.0,0.3623,-13.9669
85cfc46c65a52f11_010.flac,train,潇湘水云2,吴兆基,CD第3册\52\吴兆基-潇湘水云2.wav,22507902,25149822,510.383,570.291,0.4558,-66.6965,0.0,0.0,0.3162,-15.0577
85cfc46c65a52f11_011.flac,train,潇湘水云2,吴兆基,CD第3册\52\吴兆基-潇湘水云2.wav,25008780,27650700,567.093,627.0,0.4738,-66.4562,0.0,0.0,0.233,-16.2067
e8487bcf7b963230_001.flac,train,白雪,吴兆基,CD第3册\50\吴兆基-白雪.wav,0,2641920,0.0,59.907,0.0456,-44.0062,0.0,0.0,0.6869,-26.7182
e8487bcf7b963230_002.flac,train,白雪,吴兆基,CD第3册\50\吴兆基-白雪.wav,2545783,5187703,57.728,117.635,0.0502,-46.1938,0.001,0.0668,0.6891,-24.8067
e8487bcf7b963230_003.flac,train,白雪,吴兆基,CD第3册\50\吴兆基-白雪.wav,5091566,7733486,115.455,175.362,0.042,-42.6529,0.0006,0.0501,0.7333,-26.3524
e8487bcf7b963230_004.flac,train,白雪,吴兆基,CD第3册\50\吴兆基-白雪.wav,7637349,10279269,173.183,233.09,0.0504,-43.3737,0.0,0.0,0.7548,-23.4348
e8487bcf7b963230_005.flac,train,白雪,吴兆基,CD第3册\50\吴兆基-白雪.wav,10183131,12825051,230.91,290.817,0.0524,-46.7946,0.0006,0.0501,0.7086,-24.5858
e8487bcf7b963230_006.flac,train,白雪,吴兆基,CD第3册\50\吴兆基-白雪.wav,12728914,15370834,288.638,348.545,0.0464,-46.0944,0.0006,0.0334,0.7595,-22.1445
e8487bcf7b963230_007.flac,train,白雪,吴兆基,CD第3册\50\吴兆基-白雪.wav,15274697,17916617,346.365,406.272,0.0417,-41.782,0.0012,0.0668,0.7664,-22.1344
e8487bcf7b963230_008.flac,train,白雪,吴兆基,CD第3册\50\吴兆基-白雪.wav,17820480,20462400,404.093,464.0,0.0425,-45.6827,0.0002,0.0167,0.6741,-22.7299
494f10685bd74f9f_001.flac,train,胡笳十八拍1,吴兆基,CD第3册\50\吴兆基-胡笳十八拍1.wav,0,2641920,0.0,59.907,0.2847,-50.9022,0.0035,0.217,0.3925,-13.237
494f10685bd74f9f_002.flac,train,胡笳十八拍1,吴兆基,CD第3册\50\吴兆基-胡笳十八拍1.wav,2600240,5242160,58.962,118.87,0.2881,-41.4563,0.0217,1.0683,0.5057,-17.8821
494f10685bd74f9f_003.flac,train,胡笳十八拍1,吴兆基,CD第3册\50\吴兆基-胡笳十八拍1.wav,5200479,7842399,117.925,177.832,0.1535,-46.0457,0.0087,0.4006,0.6467,-16.6982
494f10685bd74f9f_004.flac,train,胡笳十八拍1,吴兆基,CD第3册\50\吴兆基-胡笳十八拍1.wav,7800719,10442639,176.887,236.795,0.086,-46.3275,0.0,0.0,0.7011,-13.4202
494f10685bd74f9f_005.flac,train,胡笳十八拍1,吴兆基,CD第3册\50\吴兆基-胡笳十八拍1.wav,10400959,13042879,235.849,295.757,0.1247,-46.9901,0.0,0.0,0.737,-13.9208
494f10685bd74f9f_006.flac,train,胡笳十八拍1,吴兆基,CD第3册\50\吴兆基-胡笳十八拍1.wav,13001198,15643118,294.812,354.719,0.0994,-48.5011,0.0,0.0,0.7541,-12.6254
494f10685bd74f9f_007.flac,train,胡笳十八拍1,吴兆基,CD第3册\50\吴兆基-胡笳十八拍1.wav,15601438,18243358,353.774,413.682,0.0444,-45.0364,0.0,0.0,0.772,-12.4289
494f10685bd74f9f_008.flac,train,胡笳十八拍1,吴兆基,CD第3册\50\吴兆基-胡笳十八拍1.wav,18201677,20843597,412.736,472.644,0.0524,-45.7578,0.0,0.0,0.7588,-11.5255
494f10685bd74f9f_009.flac,train,胡笳十八拍1,吴兆基,CD第3册\50\吴兆基-胡笳十八拍1.wav,20801917,23443837,471.699,531.606,0.0443,-46.6161,0.0,0.0,0.6498,-11.0721
494f10685bd74f9f_010.flac,train,胡笳十八拍1,吴兆基,CD第3册\50\吴兆基-胡笳十八拍1.wav,23402157,26044077,530.661,590.569,0.0659,-44.6683,0.001,0.0334,0.6648,-14.548
494f10685bd74f9f_011.flac,train,胡笳十八拍1,吴兆基,CD第3册\50\吴兆基-胡笳十八拍1.wav,26002396,28644316,589.623,649.531,0.0703,-46.522,0.0002,0.0167,0.7173,-11.8413
494f10685bd74f9f_012.flac,train,胡笳十八拍1,吴兆基,CD第3册\50\吴兆基-胡笳十八拍1.wav,28602636,31244556,648.586,708.493,0.1359,-50.0704,0.0,0.0,0.5654,-12.9718
5212075234c0ecc0_001.flac,train,胡笳十八拍2,吴兆基,CD第3册\50\吴兆基-胡笳十八拍2.wav,0,2641920,0.0,59.907,0.0885,-71.3654,0.0,0.0,0.6324,-15.7353
5212075234c0ecc0_002.flac,train,胡笳十八拍2,吴兆基,CD第3册\50\吴兆基-胡笳十八拍2.wav,2566494,5208414,58.197,118.105,0.0732,-61.8822,0.0,0.0,0.6158,-21.263
5212075234c0ecc0_003.flac,train,胡笳十八拍2,吴兆基,CD第3册\50\吴兆基-胡笳十八拍2.wav,5132989,7774909,116.394,176.302,0.0691,-64.2465,0.0,0.0,0.6909,-17.8747
5212075234c0ecc0_004.flac,train,胡笳十八拍2,吴兆基,CD第3册\50\吴兆基-胡笳十八拍2.wav,7699483,10341403,174.591,234.499,0.0568,-64.4925,0.0,0.0,0.7384,-16.7747
5212075234c0ecc0_005.flac,train,胡笳十八拍2,吴兆基,CD第3册\50\吴兆基-胡笳十八拍2.wav,10265977,12907897,232.789,292.696,0.0544,-65.4742,0.0008,0.0167,0.7352,-16.8014
5212075234c0ecc0_006.flac,train,胡笳十八拍2,吴兆基,CD第3册\50\吴兆基-胡笳十八拍2.wav,12832472,15474392,290.986,350.893,0.0578,-63.6242,0.0,0.0,0.7394,-17.6848
5212075234c0ecc0_007.flac,train,胡笳十八拍2,吴兆基,CD第3册\50\吴兆基-胡笳十八拍2.wav,15398966,18040886,349.183,409.09,0.0505,-66.0446,0.0,0.0,0.7726,-15.8681
5212075234c0ecc0_008.flac,train,胡笳十八拍2,吴兆基,CD第3册\50\吴兆基-胡笳十八拍2.wav,17965460,20607380,407.38,467.288,0.0555,-67.3956,0.0,0.0,0.7185,-16.9093
5212075234c0ecc0_009.flac,train,胡笳十八拍2,吴兆基,CD第3册\50\吴兆基-胡笳十八拍2.wav,20531955,23173875,465.577,525.485,0.0763,-67.8323,0.0008,0.0167,0.7006,-17.2167
5212075234c0ecc0_010.flac,train,胡笳十八拍2,吴兆基,CD第3册\50\吴兆基-胡笳十八拍2.wav,23098449,25740369,523.774,583.682,0.0444,-67.0097,0.0008,0.0167,0.8329,-15.4358
5212075234c0ecc0_011.flac,train,胡笳十八拍2,吴兆基,CD第3册\50\吴兆基-胡笳十八拍2.wav,25664943,28306863,581.971,641.879,0.0325,-61.2184,0.0,0.0,0.8129,-17.7023
5212075234c0ecc0_012.flac,train,胡笳十八拍2,吴兆基,CD第3册\50\吴兆基-胡笳十八拍2.wav,28231437,30873357,640.169,700.076,0.0443,-66.4977,0.0002,0.0167,0.8159,-16.6862
5212075234c0ecc0_013.flac,train,胡笳十八拍2,吴兆基,CD第3册\50\吴兆基-胡笳十八拍2.wav,30797932,33439852,698.366,758.273,0.0498,-62.1219,0.001,0.0334,0.9042,-20.005
5212075234c0ecc0_014.flac,train,胡笳十八拍2,吴兆基,CD第3册\50\吴兆基-胡笳十八拍2.wav,33364426,36006346,756.563,816.47,0.0626,-66.2128,0.0,0.0,0.6801,-18.4699
5212075234c0ecc0_015.flac,train,胡笳十八拍2,吴兆基,CD第3册\50\吴兆基-胡笳十八拍2.wav,35930920,38572840,814.76,874.668,0.0413,-67.1967,0.0,0.0,0.8243,-15.4091
5212075234c0ecc0_016.flac,train,胡笳十八拍2,吴兆基,CD第3册\50\吴兆基-胡笳十八拍2.wav,38497415,41139335,872.957,932.865,0.0359,-66.8686,0.0,0.0,0.8919,-13.3045
5212075234c0ecc0_017.flac,train,胡笳十八拍2,吴兆基,CD第3册\50\吴兆基-胡笳十八拍2.wav,41063909,43705829,931.154,991.062,0.0386,-68.4245,0.0,0.0,0.8925,-12.7823
5212075234c0ecc0_018.flac,train,胡笳十八拍2,吴兆基,CD第3册\50\吴兆基-胡笳十八拍2.wav,43630403,46272323,989.352,1049.259,0.0406,-66.0799,0.0,0.0,0.7862,-15.6839
5212075234c0ecc0_019.flac,train,胡笳十八拍2,吴兆基,CD第3册\50\吴兆基-胡笳十八拍2.wav,46196898,48838818,1047.549,1107.456,0.0389,-63.5923,0.0,0.0,0.7652,-17.0822
5212075234c0ecc0_020.flac,train,胡笳十八拍2,吴兆基,CD第3册\50\吴兆基-胡笳十八拍2.wav,48763392,51405312,1105.746,1165.653,0.0578,-63.3816,0.0,0.0,0.6502,-20.4538
8f25c2e9dd83e513_001.flac,train,良宵引1,吴兆基,CD第3册\50\吴兆基-良宵引1.wav,0,2641920,0.0,59.907,0.5451,-68.3129,0.0002,0.0167,0.2469,-16.6271
8f25c2e9dd83e513_002.flac,train,良宵引1,吴兆基,CD第3册\50\吴兆基-良宵引1.wav,2080032,4721952,47.166,107.074,0.5328,-69.8597,0.0,0.0,0.3413,-14.2657
8f25c2e9dd83e513_003.flac,train,良宵引1,吴兆基,CD第3册\50\吴兆基-良宵引1.wav,4160064,6801984,94.333,154.24,0.5371,-69.0865,0.0,0.0,0.3184,-14.9241
176cd5bd490d72c8_001.flac,train,良宵引2,吴兆基,CD第3册\50\吴兆基-良宵引2.wav,0,2641920,0.0,59.907,0.3887,-61.4334,0.0002,0.0167,0.3584,-14.5353
176cd5bd490d72c8_002.flac,train,良宵引2,吴兆基,CD第3册\50\吴兆基-良宵引2.wav,2071212,4713132,46.966,106.874,0.3661,-63.7136,0.0,0.0,0.3729,-13.4976
176cd5bd490d72c8_003.flac,train,良宵引2,吴兆基,CD第3册\50\吴兆基-良宵引2.wav,4142424,6784344,93.933,153.84,0.381,-64.9403,0.0,0.0,0.332,-13.1879
cdd58dcc90c50991_001.flac,train,阳关三叠1,吴兆基,CD第3册\52\吴兆基-阳关三叠1.wav,0,2641920,0.0,59.907,0.5561,-69.093,0.0,0.0,0.1606,-14.4045
cdd58dcc90c50991_002.flac,train,阳关三叠1,吴兆基,CD第3册\52\吴兆基-阳关三叠1.wav,2201610,4843530,49.923,109.831,0.5571,-68.1771,0.0,0.0,0.1438,-14.8303
cdd58dcc90c50991_003.flac,train,阳关三叠1,吴兆基,CD第3册\52\吴兆基-阳关三叠1.wav,4403220,7045140,99.846,159.754,0.5577,-68.0589,0.0,0.0,0.1653,-14.2295
cdd58dcc90c50991_004.flac,train,阳关三叠1,吴兆基,CD第3册\52\吴兆基-阳关三叠1.wav,6604830,9246750,149.769,209.677,0.5563,-68.0381,0.0,0.0,0.1899,-13.8629
cdd58dcc90c50991_005.flac,train,阳关三叠1,吴兆基,CD第3册\52\吴兆基-阳关三叠1.wav,8806440,11448360,199.693,259.6,0.5587,-65.4993,0.0,0.0,0.1435,-16.57
39d6a8085d79ca50_001.flac,train,阳关三叠2,吴兆基,CD第3册\52\吴兆基-阳关三叠2.wav,0,2641920,0.0,59.907,0.4095,-64.7752,0.0,0.0,0.3628,-11.9801
39d6a8085d79ca50_002.flac,train,阳关三叠2,吴兆基,CD第3册\52\吴兆基-阳关三叠2.wav,2131846,4773766,48.341,108.249,0.4183,-64.6666,0.0,0.0,0.3732,-12.2046
39d6a8085d79ca50_003.flac,train,阳关三叠2,吴兆基,CD第3册\52\吴兆基-阳关三叠2.wav,4263691,6905611,96.682,156.59,0.3873,-64.4593,0.0,0.0,0.4034,-11.7979
39d6a8085d79ca50_004.flac,train,阳关三叠2,吴兆基,CD第3册\52\吴兆基-阳关三叠2.wav,6395537,9037457,145.024,204.931,0.4089,-65.2201,0.0,0.0,0.3591,-11.6202
39d6a8085d79ca50_005.flac,train,阳关三叠2,吴兆基,CD第3册\52\吴兆基-阳关三叠2.wav,8527382,11169302,193.365,253.272,0.4167,-64.1733,0.0,0.0,0.3312,-11.9795
39d6a8085d79ca50_006.flac,train,阳关三叠2,吴兆基,CD第3册\52\吴兆基-阳关三叠2.wav,10659228,13301148,241.706,301.613,0.4397,-66.2272,0.0,0.0,0.2528,-11.95
6a268a81a8ce0905_001.flac,train,阳春,吴兆基,CD第3册\52\吴兆基-阳春.wav,0,2641920,0.0,59.907,0.0732,-46.3057,0.001,0.0334,0.5687,-26.1837
6a268a81a8ce0905_002.flac,train,阳春,吴兆基,CD第3册\52\吴兆基-阳春.wav,2384454,5026374,54.069,113.977,0.0724,-39.8362,0.0023,0.1002,0.6705,-25.9241
6a268a81a8ce0905_003.flac,train,阳春,吴兆基,CD第3册\52\吴兆基-阳春.wav,4768908,7410828,108.139,168.046,0.0743,-39.1293,0.0045,0.1836,0.7506,-23.5509
6a268a81a8ce0905_004.flac,train,阳春,吴兆基,CD第3册\52\吴兆基-阳春.wav,7153362,9795282,162.208,222.115,0.0856,-37.095,0.007,0.4006,0.8131,-25.0513
6a268a81a8ce0905_005.flac,train,阳春,吴兆基,CD第3册\52\吴兆基-阳春.wav,9537816,12179736,216.277,276.184,0.0815,-35.3409,0.0118,0.6009,0.8425,-23.9492
6a268a81a8ce0905_006.flac,train,阳春,吴兆基,CD第3册\52\吴兆基-阳春.wav,11922270,14564190,270.346,330.254,0.0836,-35.1691,0.0138,0.3505,0.8601,-24.5245
6a268a81a8ce0905_007.flac,train,阳春,吴兆基,CD第3册\52\吴兆基-阳春.wav,14306724,16948644,324.416,384.323,0.0888,-33.5373,0.0147,0.6844,0.8854,-23.691
6a268a81a8ce0905_008.flac,train,阳春,吴兆基,CD第3册\52\吴兆基-阳春.wav,16691178,19333098,378.485,438.392,0.0769,-35.9068,0.0169,0.7679,0.8112,-21.0187
6a268a81a8ce0905_009.flac,train,阳春,吴兆基,CD第3册\52\吴兆基-阳春.wav,19075632,21717552,432.554,492.461,0.0897,-37.2343,0.0118,0.5008,0.7674,-22.4042
6a268a81a8ce0905_010.flac,train,阳春,吴兆基,CD第3册\52\吴兆基-阳春.wav,21460086,24102006,486.623,546.531,0.0719,-37.7325,0.0107,0.3839,0.7462,-21.1969
6a268a81a8ce0905_011.flac,train,阳春,吴兆基,CD第3册\52\吴兆基-阳春.wav,23844540,26486460,540.693,600.6,0.0966,-41.6237,0.004,0.1669,0.6952,-24.1511
e966797de27d6ebf_001.flac,train,鸥鹭忘机1,吴兆基,CD第3册\50\吴兆基-鸥鹭忘机1.wav,0,2641920,0.0,59.907,0.5492,-65.6955,0.0,0.0,0.1819,-18.8784
e966797de27d6ebf_002.flac,train,鸥鹭忘机1,吴兆基,CD第3册\50\吴兆基-鸥鹭忘机1.wav,2287078,4928998,51.861,111.769,0.5466,-65.3785,0.0,0.0,0.2046,-17.3714
e966797de27d6ebf_003.flac,train,鸥鹭忘机1,吴兆基,CD第3册\50\吴兆基-鸥鹭忘机1.wav,4574155,7216075,103.722,163.63,0.5304,-68.0837,0.0,0.0,0.2933,-13.8943
e966797de27d6ebf_004.flac,train,鸥鹭忘机1,吴兆基,CD第3册\50\吴兆基-鸥鹭忘机1.wav,6861233,9503153,155.584,215.491,0.5262,-66.731,0.0,0.0,0.3124,-14.4114
e966797de27d6ebf_005.flac,train,鸥鹭忘机1,吴兆基,CD第3册\50\吴兆基-鸥鹭忘机1.wav,9148310,11790230,207.445,267.352,0.5391,-67.2478,0.0,0.0,0.265,-15.9662
e966797de27d6ebf_006.flac,train,鸥鹭忘机1,吴兆基,CD第3册\50\吴兆基-鸥鹭忘机1.wav,11435388,14077308,259.306,319.213,0.55,-67.8741,0.0,0.0,0.1687,-18.7561
1f90295303a04d53_001.flac,train,鸥鹭忘机2,吴兆基,CD第3册\50\吴兆基-鸥鹭忘机2.wav,0,2641920,0.0,59.907,0.308,-52.1524,0.0,0.0,0.4601,-20.0142
1f90295303a04d53_002.flac,train,鸥鹭忘机2,吴兆基,CD第3册\50\吴兆基-鸥鹭忘机2.wav,2406089,5048009,54.56,114.467,0.2376,-52.4476,0.0,0.0,0.5256,-16.6771
1f90295303a04d53_003.flac,train,鸥鹭忘机2,吴兆基,CD第3册\50\吴兆基-鸥鹭忘机2.wav,4812178,7454098,109.12,169.027,0.2083,-55.4369,0.0,0.0,0.5842,-15.3131
1f90295303a04d53_004.flac,train,鸥鹭忘机2,吴兆基,CD第3册\50\吴兆基-鸥鹭忘机2.wav,7218266,9860186,163.68,223.587,0.2496,-54.1734,0.0,0.0,0.5248,-15.7978
1f90295303a04d53_005.flac,train,鸥鹭忘机2,吴兆基,CD第3册\50\吴兆基-鸥鹭忘机2.wav,9624355,12266275,218.239,278.147,0.2561,-56.221,0.0,0.0,0.5692,-15.383
1f90295303a04d53_006.flac,train,鸥鹭忘机2,吴兆基,CD第3册\50\吴兆基-鸥鹭忘机2.wav,12030444,14672364,272.799,332.707,0.239,-56.7319,0.0,0.0,0.5475,-15.8895
762bd8d425b15cba_001.flac,validation,关山月,喻绍泽,CD第2册\36\喻绍泽-关山月.wav,0,2641920,0.0,59.907,0.0374,-47.0926,0.0,0.0,0.6348,-15.1051
762bd8d425b15cba_002.flac,validation,关山月,喻绍泽,CD第2册\36\喻绍泽-关山月.wav,2092968,4734888,47.46,107.367,0.0334,-46.6078,0.0,0.0,0.6577,-15.1687
762bd8d425b15cba_003.flac,validation,关山月,喻绍泽,CD第2册\36\喻绍泽-关山月.wav,4185936,6827856,94.919,154.827,0.036,-46.3976,0.0,0.0,0.6444,-15.4728
047524c9b3750f08_001.flac,train,幽兰,喻绍泽,CD第2册\38\喻绍泽-幽兰.wav,0,2641920,0.0,59.907,0.0323,-36.1436,0.0,0.0,0.7033,-15.9471
047524c9b3750f08_002.flac,train,幽兰,喻绍泽,CD第2册\38\喻绍泽-幽兰.wav,2532658,5174578,57.43,117.337,0.0246,-32.0499,0.0,0.0,0.7012,-16.7817
047524c9b3750f08_003.flac,train,幽兰,喻绍泽,CD第2册\38\喻绍泽-幽兰.wav,5065317,7707237,114.86,174.767,0.0397,-34.729,0.0,0.0,0.7133,-17.9988
047524c9b3750f08_004.flac,train,幽兰,喻绍泽,CD第2册\38\喻绍泽-幽兰.wav,7597976,10239896,172.29,232.197,0.0237,-34.4097,0.0,0.0,0.7154,-14.9601
047524c9b3750f08_005.flac,train,幽兰,喻绍泽,CD第2册\38\喻绍泽-幽兰.wav,10130634,12772554,229.72,289.627,0.025,-31.2048,0.0,0.0,0.6836,-17.7448
047524c9b3750f08_006.flac,train,幽兰,喻绍泽,CD第2册\38\喻绍泽-幽兰.wav,12663292,15305212,287.149,347.057,0.0324,-34.536,0.0,0.0,0.7065,-17.957
047524c9b3750f08_007.flac,train,幽兰,喻绍泽,CD第2册\38\喻绍泽-幽兰.wav,15195951,17837871,344.579,404.487,0.0208,-30.6983,0.0,0.0,0.7021,-15.683
047524c9b3750f08_008.flac,train,幽兰,喻绍泽,CD第2册\38\喻绍泽-幽兰.wav,17728610,20370530,402.009,461.917,0.0314,-34.3031,0.0,0.0,0.7544,-17.0469
047524c9b3750f08_009.flac,train,幽兰,喻绍泽,CD第2册\38\喻绍泽-幽兰.wav,20261268,22903188,459.439,519.347,0.0377,-34.678,0.0,0.0,0.7076,-14.8071
68803ebd3351d729_001.flac,train,春山听杜鹃1,喻绍泽,CD第2册\36\喻绍泽-春山听杜鹃1.wav,0,2641920,0.0,59.907,0.0076,-41.9606,0.0,0.0,0.7323,-17.6824
68803ebd3351d729_002.flac,train,春山听杜鹃1,喻绍泽,CD第2册\36\喻绍泽-春山听杜鹃1.wav,2220380,4862300,50.349,110.256,0.0035,-38.4902,0.0,0.0,0.7563,-15.0826
68803ebd3351d729_003.flac,train,春山听杜鹃1,喻绍泽,CD第2册\36\喻绍泽-春山听杜鹃1.wav,4440760,7082680,100.698,160.605,0.0037,-39.4402,0.0,0.0,0.7854,-14.9025
68803ebd3351d729_004.flac,train,春山听杜鹃1,喻绍泽,CD第2册\36\喻绍泽-春山听杜鹃1.wav,6661140,9303060,151.046,210.954,0.0034,-37.7522,0.0,0.0,0.7801,-15.7834
68803ebd3351d729_005.flac,train,春山听杜鹃1,喻绍泽,CD第2册\36\喻绍泽-春山听杜鹃1.wav,8881520,11523440,201.395,261.302,0.0027,-36.6341,0.0,0.0,0.804,-14.9565
68803ebd3351d729_006.flac,train,春山听杜鹃1,喻绍泽,CD第2册\36\喻绍泽-春山听杜鹃1.wav,11101900,13743820,251.744,311.651,0.0041,-39.6122,0.0,0.0,0.7765,-16.572
68803ebd3351d729_007.flac,train,春山听杜鹃1,喻绍泽,CD第2册\36\喻绍泽-春山听杜鹃1.wav,13322280,15964200,302.093,362.0,0.0063,-41.9374,0.0,0.0,0.7444,-18.4862
9c91d925848f86c1_001.flac,train,春山听杜鹃2,喻绍泽,CD第2册\36\喻绍泽-春山听杜鹃2.wav,0,2641920,0.0,59.907,0.0199,-42.6621,0.0,0.0,0.7717,-23.5806
9c91d925848f86c1_002.flac,train,春山听杜鹃2,喻绍泽,CD第2册\36\喻绍泽-春山听杜鹃2.wav,2278886,4920806,51.675,111.583,0.0134,-42.0057,0.0,0.0,0.7531,-22.0848
9c91d925848f86c1_003.flac,train,春山听杜鹃2,喻绍泽,CD第2册\36\喻绍泽-春山听杜鹃2.wav,4557772,7199692,103.351,163.258,0.0154,-42.8618,0.0,0.0,0.8169,-23.087
9c91d925848f86c1_004.flac,train,春山听杜鹃2,喻绍泽,CD第2册\36\喻绍泽-春山听杜鹃2.wav,6836658,9478578,155.026,214.934,0.0138,-41.9973,0.0,0.0,0.794,-21.743
9c91d925848f86c1_005.flac,train,春山听杜鹃2,喻绍泽,CD第2册\36\喻绍泽-春山听杜鹃2.wav,9115544,11757464,206.702,266.609,0.014,-42.91,0.0,0.0,0.8166,-19.5363
9c91d925848f86c1_006.flac,train,春山听杜鹃2,喻绍泽,CD第2册\36\喻绍泽-春山听杜鹃2.wav,11394430,14036350,258.377,318.285,0.021,-43.3607,0.0,0.0,0.7372,-24.4659
9c91d925848f86c1_007.flac,train,春山听杜鹃2,喻绍泽,CD第2册\36\喻绍泽-春山听杜鹃2.wav,13673316,16315236,310.053,369.96,0.0192,-43.9607,0.0,0.0,0.7522,-23.5019
4dffc7379be912d5_001.flac,train,欢乐的除夕,喻绍泽,CD第2册\36\喻绍泽-欢乐的除夕.wav,0,2641920,0.0,59.907,0.2967,-61.3204,0.0,0.0,0.4501,-14.0786
4dffc7379be912d5_002.flac,train,欢乐的除夕,喻绍泽,CD第2册\36\喻绍泽-欢乐的除夕.wav,2338704,4980624,53.032,112.939,0.1807,-58.9718,0.0,0.0,0.5517,-13.9841
4dffc7379be912d5_003.flac,train,欢乐的除夕,喻绍泽,CD第2册\36\喻绍泽-欢乐的除夕.wav,4677408,7319328,106.064,165.971,0.2427,-60.9617,0.0,0.0,0.5574,-13.5542
4dffc7379be912d5_004.flac,train,欢乐的除夕,喻绍泽,CD第2册\36\喻绍泽-欢乐的除夕.wav,7016112,9658032,159.096,219.003,0.333,-60.0022,0.0,0.0,0.5105,-16.7437
4dffc7379be912d5_005.flac,train,欢乐的除夕,喻绍泽,CD第2册\36\喻绍泽-欢乐的除夕.wav,9354816,11996736,212.127,272.035,0.1415,-57.8404,0.0,0.0,0.654,-13.4917
4dffc7379be912d5_006.flac,train,欢乐的除夕,喻绍泽,CD第2册\36\喻绍泽-欢乐的除夕.wav,11693520,14335440,265.159,325.067,0.2444,-59.6561,0.0,0.0,0.5454,-15.1153
effbe4abc84b6b5e_001.flac,train,流水1,喻绍泽,CD第2册\36\喻绍泽-流水1.wav,0,2641920,0.0,59.907,0.0391,-38.4183,0.0002,0.0167,0.64,-18.0805
effbe4abc84b6b5e_002.flac,train,流水1,喻绍泽,CD第2册\36\喻绍泽-流水1.wav,2493336,5135256,56.538,116.446,0.0396,-37.6676,0.0,0.0,0.6612,-17.805
effbe4abc84b6b5e_003.flac,train,流水1,喻绍泽,CD第2册\36\喻绍泽-流水1.wav,4986672,7628592,113.076,172.984,0.0299,-37.3151,0.0,0.0,0.596,-17.1724
effbe4abc84b6b5e_004.flac,train,流水1,喻绍泽,CD第2册\36\喻绍泽-流水1.wav,7480008,10121928,169.615,229.522,0.0136,-35.571,0.0,0.0,0.6295,-16.1418
effbe4abc84b6b5e_005.flac,train,流水1,喻绍泽,CD第2册\36\喻绍泽-流水1.wav,9973344,12615264,226.153,286.06,0.0095,-34.576,0.0,0.0,0.6974,-16.4182
effbe4abc84b6b5e_006.flac,train,流水1,喻绍泽,CD第2册\36\喻绍泽-流水1.wav,12466680,15108600,282.691,342.599,0.0118,-36.7537,0.0,0.0,0.6255,-16.0654
effbe4abc84b6b5e_007.flac,train,流水1,喻绍泽,CD第2册\36\喻绍泽-流水1.wav,14960016,17601936,339.229,399.137,0.0148,-36.8028,0.0,0.0,0.6487,-16.3419
effbe4abc84b6b5e_008.flac,train,流水1,喻绍泽,CD第2册\36\喻绍泽-流水1.wav,17453352,20095272,395.768,455.675,0.0234,-38.6566,0.0,0.0,0.6863,-16.5984
effbe4abc84b6b5e_009.flac,train,流水1,喻绍泽,CD第2册\36\喻绍泽-流水1.wav,19946688,22588608,452.306,512.213,0.0357,-40.8481,0.0,0.0,0.5703,-17.5361
35b2109b14828234_001.flac,train,流水2,喻绍泽,CD第2册\36\喻绍泽-流水2.wav,0,2641920,0.0,59.907,0.0295,-54.1117,0.0,0.0,0.7705,-19.5361
35b2109b14828234_002.flac,train,流水2,喻绍泽,CD第2册\36\喻绍泽-流水2.wav,2445655,5087575,55.457,115.365,0.0255,-50.5596,0.0,0.0,0.8621,-19.3734
35b2109b14828234_003.flac,train,流水2,喻绍泽,CD第2册\36\喻绍泽-流水2.wav,4891310,7533230,110.914,170.822,0.0079,-47.9917,0.0,0.0,0.8029,-17.5085
35b2109b14828234_004.flac,train,流水2,喻绍泽,CD第2册\36\喻绍泽-流水2.wav,7336965,9978885,166.371,226.279,0.0039,-45.5895,0.0,0.0,0.7644,-13.914
35b2109b14828234_005.flac,train,流水2,喻绍泽,CD第2册\36\喻绍泽-流水2.wav,9782619,12424539,221.828,281.736,0.0025,-43.6169,0.0,0.0,0.7084,-15.1712
35b2109b14828234_006.flac,train,流水2,喻绍泽,CD第2册\36\喻绍泽-流水2.wav,12228274,14870194,277.285,337.193,0.0022,-42.7882,0.0,0.0,0.7411,-15.6036
35b2109b14828234_007.flac,train,流水2,喻绍泽,CD第2册\36\喻绍泽-流水2.wav,14673929,17315849,332.742,392.65,0.0054,-47.7565,0.0,0.0,0.8945,-16.958
35b2109b14828234_008.flac,train,流水2,喻绍泽,CD第2册\36\喻绍泽-流水2.wav,17119584,19761504,388.199,448.107,0.0103,-50.5663,0.0,0.0,0.7807,-18.5337
1b6e5befbe465c23_001.flac,train,秋水1,喻绍泽,CD第2册\38\喻绍泽-秋水1.wav,0,2641920,0.0,59.907,0.0723,-44.4658,0.0,0.0,0.7154,-25.0159
1b6e5befbe465c23_002.flac,train,秋水1,喻绍泽,CD第2册\38\喻绍泽-秋水1.wav,2354935,4996855,53.4,113.307,0.0207,-40.1922,0.0,0.0,0.7992,-18.2515
1b6e5befbe465c23_003.flac,train,秋水1,喻绍泽,CD第2册\38\喻绍泽-秋水1.wav,4709870,7351790,106.8,166.707,0.0222,-41.4664,0.0,0.0,0.7768,-18.8896
1b6e5befbe465c23_004.flac,train,秋水1,喻绍泽,CD第2册\38\喻绍泽-秋水1.wav,7064805,9706725,160.2,220.107,0.0191,-39.8024,0.0,0.0,0.8362,-18.2018
1b6e5befbe465c23_005.flac,train,秋水1,喻绍泽,CD第2册\38\喻绍泽-秋水1.wav,9419739,12061659,213.6,273.507,0.0162,-39.722,0.0,0.0,0.9175,-19.0127
1b6e5befbe465c23_006.flac,train,秋水1,喻绍泽,CD第2册\38\喻绍泽-秋水1.wav,11774674,14416594,266.999,326.907,0.0167,-41.1645,0.0,0.0,0.8675,-18.7686
1b6e5befbe465c23_007.flac,train,秋水1,喻绍泽,CD第2册\38\喻绍泽-秋水1.wav,14129609,16771529,320.399,380.307,0.0207,-43.3963,0.0,0.0,0.7951,-18.1549
1b6e5befbe465c23_008.flac,train,秋水1,喻绍泽,CD第2册\38\喻绍泽-秋水1.wav,16484544,19126464,373.799,433.707,0.0179,-42.5164,0.0,0.0,0.8017,-18.4955
acfbd2037385398a_001.flac,train,秋水2,喻绍泽,CD第2册\38\喻绍泽-秋水2.wav,0,2641920,0.0,59.907,0.0124,-48.3859,0.0,0.0,0.9401,-19.0659
acfbd2037385398a_002.flac,train,秋水2,喻绍泽,CD第2册\38\喻绍泽-秋水2.wav,2470015,5111935,56.009,115.917,0.0031,-38.9436,0.0,0.0,0.88,-17.6673
acfbd2037385398a_003.flac,train,秋水2,喻绍泽,CD第2册\38\喻绍泽-秋水2.wav,4940030,7581950,112.019,171.926,0.0071,-43.9259,0.0,0.0,0.898,-18.353
acfbd2037385398a_004.flac,train,秋水2,喻绍泽,CD第2册\38\喻绍泽-秋水2.wav,7410045,10051965,168.028,227.936,0.0052,-39.9693,0.0,0.0,0.9463,-17.987
acfbd2037385398a_005.flac,train,秋水2,喻绍泽,CD第2册\38\喻绍泽-秋水2.wav,9880059,12521979,224.038,283.945,0.0036,-39.8294,0.0,0.0,1.053,-17.6526
acfbd2037385398a_006.flac,train,秋水2,喻绍泽,CD第2册\38\喻绍泽-秋水2.wav,12350074,14991994,280.047,339.955,0.0052,-42.7078,0.0,0.0,1.0159,-18.2421
acfbd2037385398a_007.flac,train,秋水2,喻绍泽,CD第2册\38\喻绍泽-秋水2.wav,14820089,17462009,336.056,395.964,0.0035,-43.6035,0.0,0.0,0.9877,-17.8093
acfbd2037385398a_008.flac,train,秋水2,喻绍泽,CD第2册\38\喻绍泽-秋水2.wav,17290104,19932024,392.066,451.973,0.006,-43.803,0.0,0.0,0.9451,-17.9866
686f65f254aab25b_001.flac,train,胡笳十八拍,喻绍泽,CD第2册\36\喻绍泽-胡笳十八拍.wav,0,2641920,0.0,59.907,0.0048,-43.8164,0.0,0.0,1.0088,-26.4877
686f65f254aab25b_002.flac,train,胡笳十八拍,喻绍泽,CD第2册\36\喻绍泽-胡笳十八拍.wav,2557209,5199129,57.987,117.894,0.0042,-41.4103,0.0,0.0,0.9557,-26.7062
686f65f254aab25b_003.flac,train,胡笳十八拍,喻绍泽,CD第2册\36\喻绍泽-胡笳十八拍.wav,5114418,7756338,115.973,175.881,0.0036,-41.2875,0.0,0.0,0.9185,-26.0561
686f65f254aab25b_004.flac,train,胡笳十八拍,喻绍泽,CD第2册\36\喻绍泽-胡笳十八拍.wav,7671627,10313547,173.96,233.867,0.0034,-40.0287,0.0,0.0,0.9356,-25.9969
686f65f254aab25b_005.flac,train,胡笳十八拍,喻绍泽,CD第2册\36\喻绍泽-胡笳十八拍.wav,10228836,12870756,231.946,291.854,0.0027,-35.3114,0.0,0.0,0.8689,-26.7968
686f65f254aab25b_006.flac,train,胡笳十八拍,喻绍泽,CD第2册\36\喻绍泽-胡笳十八拍.wav,12786045,15427965,289.933,349.84,0.0029,-36.4584,0.0,0.0,0.9775,-27.2844
686f65f254aab25b_007.flac,train,胡笳十八拍,喻绍泽,CD第2册\36\喻绍泽-胡笳十八拍.wav,15343254,17985174,347.92,407.827,0.001,-29.6931,0.0,0.0,0.8669,-26.3974
686f65f254aab25b_008.flac,train,胡笳十八拍,喻绍泽,CD第2册\36\喻绍泽-胡笳十八拍.wav,17900463,20542383,405.906,465.814,0.002,-30.8552,0.0,0.0,0.8807,-26.0245
686f65f254aab25b_009.flac,train,胡笳十八拍,喻绍泽,CD第2册\36\喻绍泽-胡笳十八拍.wav,20457672,23099592,463.893,523.8,0.0019,-30.2875,0.0,0.0,0.862,-26.4821
686f65f254aab25b_010.flac,train,胡笳十八拍,喻绍泽,CD第2册\36\喻绍泽-胡笳十八拍.wav,23014881,25656801,521.879,581.787,0.0019,-29.2619,0.0,0.0,0.8783,-25.3969
686f65f254aab25b_011.flac,train,胡笳十八拍,喻绍泽,CD第2册\36\喻绍泽-胡笳十八拍.wav,25572090,28214010,579.866,639.773,0.0022,-29.1217,0.0,0.0,0.8906,-24.1819
686f65f254aab25b_012.flac,train,胡笳十八拍,喻绍泽,CD第2册\36\喻绍泽-胡笳十八拍.wav,28129299,30771219,637.853,697.76,0.0029,-29.2906,0.0,0.0,0.7999,-27.0539
686f65f254aab25b_013.flac,train,胡笳十八拍,喻绍泽,CD第2册\36\喻绍泽-胡笳十八拍.wav,30686508,33328428,695.839,755.747,0.0034,-28.9291,0.0,0.0,0.7919,-28.7305
0c135dd582bff495_001.flac,validation,跃进歌声1,喻绍泽,CD第2册\38\喻绍泽-跃进歌声1.wav,0,2641920,0.0,59.907,0.0324,-30.2461,0.0185,0.6844,0.8414,-22.0436
0c135dd582bff495_002.flac,validation,跃进歌声1,喻绍泽,CD第2册\38\喻绍泽-跃进歌声1.wav,2527215,5169135,57.306,117.214,0.0431,-28.8929,0.0213,0.8346,0.8658,-21.0711
0c135dd582bff495_003.flac,validation,跃进歌声1,喻绍泽,CD第2册\38\喻绍泽-跃进歌声1.wav,5054430,7696350,114.613,174.52,0.0286,-28.5789,0.0167,0.6343,0.8709,-19.8688
0c135dd582bff495_004.flac,validation,跃进歌声1,喻绍泽,CD第2册\38\喻绍泽-跃进歌声1.wav,7581645,10223565,171.919,231.827,0.0295,-28.5182,0.0157,0.6844,0.8894,-24.1619
0c135dd582bff495_005.flac,validation,跃进歌声1,喻绍泽,CD第2册\38\喻绍泽-跃进歌声1.wav,10108860,12750780,229.226,289.133,0.0348,-29.6803,0.0196,0.651,0.8371,-22.5264
83fe9846f33a9648_001.flac,validation,跃进歌声2,喻绍泽,CD第2册\38\喻绍泽-跃进歌声2.wav,0,2641920,0.0,59.907,0.288,-57.8475,0.0,0.0,0.3779,-16.6946
83fe9846f33a9648_002.flac,validation,跃进歌声2,喻绍泽,CD第2册\38\喻绍泽-跃进歌声2.wav,2342730,4984650,53.123,113.031,0.3009,-59.2761,0.0,0.0,0.3984,-16.9596
83fe9846f33a9648_003.flac,validation,跃进歌声2,喻绍泽,CD第2册\38\喻绍泽-跃进歌声2.wav,4685460,7327380,106.246,166.154,0.2473,-58.8345,0.0,0.0,0.4148,-15.3972
83fe9846f33a9648_004.flac,validation,跃进歌声2,喻绍泽,CD第2册\38\喻绍泽-跃进歌声2.wav,7028190,9670110,159.369,219.277,0.2581,-59.5081,0.0,0.0,0.4248,-16.8108
83fe9846f33a9648_005.flac,validation,跃进歌声2,喻绍泽,CD第2册\38\喻绍泽-跃进歌声2.wav,9370920,12012840,212.493,272.4,0.3041,-59.4008,0.0,0.0,0.4163,-17.0999
9249a5b4289d5acf_001.flac,train,酒狂,喻绍泽,CD第2册\36\喻绍泽-酒狂.wav,0,2641920,0.0,59.907,0.0085,-31.5345,0.0,0.0,0.7767,-13.9929
9249a5b4289d5acf_002.flac,train,酒狂,喻绍泽,CD第2册\36\喻绍泽-酒狂.wav,2495436,5137356,56.586,116.493,0.0104,-32.5155,0.0,0.0,0.7437,-14.3503
e5d317c7483b5c1e_001.flac,train,醉渔晚唱1,喻绍泽,CD第2册\38\喻绍泽-醉渔晚唱1.wav,0,2641920,0.0,59.907,0.2645,-56.5172,0.0,0.0,0.372,-22.3446
e5d317c7483b5c1e_002.flac,train,醉渔晚唱1,喻绍泽,CD第2册\38\喻绍泽-醉渔晚唱1.wav,2227335,4869255,50.506,110.414,0.1797,-55.7389,0.0,0.0,0.444,-19.1618
e5d317c7483b5c1e_003.flac,train,醉渔晚唱1,喻绍泽,CD第2册\38\喻绍泽-醉渔晚唱1.wav,4454670,7096590,101.013,160.92,0.1518,-55.9167,0.0,0.0,0.4753,-18.6939
e5d317c7483b5c1e_004.flac,train,醉渔晚唱1,喻绍泽,CD第2册\38\喻绍泽-醉渔晚唱1.wav,6682005,9323925,151.519,211.427,0.1395,-55.6753,0.0,0.0,0.489,-18.2092
e5d317c7483b5c1e_005.flac,train,醉渔晚唱1,喻绍泽,CD第2册\38\喻绍泽-醉渔晚唱1.wav,8909340,11551260,202.026,261.933,0.2077,-56.5792,0.0,0.0,0.415,-21.0187
22d9e8c464af6121_001.flac,train,高山2,喻绍泽,CD第2册\36\喻绍泽-高山2.wav,0,2641920,0.0,59.907,0.0288,-56.4087,0.0,0.0,0.7677,-20.4194
22d9e8c464af6121_002.flac,train,高山2,喻绍泽,CD第2册\36\喻绍泽-高山2.wav,2389625,5031545,54.187,114.094,0.0249,-55.5899,0.0,0.0,0.8544,-18.5364
22d9e8c464af6121_003.flac,train,高山2,喻绍泽,CD第2册\36\喻绍泽-高山2.wav,4779250,7421170,108.373,168.28,0.0098,-51.0195,0.0,0.0,0.8672,-17.8738
22d9e8c464af6121_004.flac,train,高山2,喻绍泽,CD第2册\36\喻绍泽-高山2.wav,7168874,9810794,162.56,222.467,0.0096,-49.8327,0.0,0.0,0.9498,-18.3923
22d9e8c464af6121_005.flac,train,高山2,喻绍泽,CD第2册\36\喻绍泽-高山2.wav,9558499,12200419,216.746,276.653,0.0099,-51.9095,0.0,0.0,0.871,-17.909
22d9e8c464af6121_006.flac,train,高山2,喻绍泽,CD第2册\36\喻绍泽-高山2.wav,11948124,14590044,270.933,330.84,0.0152,-52.9632,0.0,0.0,0.818,-18.9981
4fb1891684d6d201_001.flac,train,乌夜啼2,姚丙炎,CD第4册\68\姚丙炎-乌夜啼2.wav,0,2641920,0.0,59.907,0.028,-33.3578,0.0012,0.0167,0.6239,-19.1195
4fb1891684d6d201_002.flac,train,乌夜啼2,姚丙炎,CD第4册\68\姚丙炎-乌夜啼2.wav,2603072,5244992,59.027,118.934,0.0455,-33.0711,0.0,0.0,0.7768,-18.9042
4fb1891684d6d201_003.flac,train,乌夜啼2,姚丙炎,CD第4册\68\姚丙炎-乌夜啼2.wav,5206143,7848063,118.053,177.961,0.0288,-33.0292,0.0,0.0,0.8267,-20.6823
4fb1891684d6d201_004.flac,train,乌夜啼2,姚丙炎,CD第4册\68\姚丙炎-乌夜啼2.wav,7809214,10451134,177.08,236.987,0.0236,-32.0212,0.0,0.0,0.8528,-19.9831
4fb1891684d6d201_005.flac,train,乌夜啼2,姚丙炎,CD第4册\68\姚丙炎-乌夜啼2.wav,10412286,13054206,236.106,296.014,0.029,-31.8015,0.0002,0.0167,0.9045,-19.6873
4fb1891684d6d201_006.flac,train,乌夜啼2,姚丙炎,CD第4册\68\姚丙炎-乌夜啼2.wav,13015358,15657278,295.133,355.04,0.0235,-32.0684,0.0,0.0,0.9586,-18.2418
4fb1891684d6d201_007.flac,train,乌夜啼2,姚丙炎,CD第4册\68\姚丙炎-乌夜啼2.wav,15618429,18260349,354.159,414.067,0.0165,-27.9524,0.0004,0.0167,0.7864,-17.5683
4fb1891684d6d201_008.flac,train,乌夜啼2,姚丙炎,CD第4册\68\姚丙炎-乌夜啼2.wav,18221500,20863420,413.186,473.093,0.0622,-33.937,0.0012,0.0334,0.7957,-17.4814
4fb1891684d6d201_009.flac,train,乌夜啼2,姚丙炎,CD第4册\68\姚丙炎-乌夜啼2.wav,20824572,23466492,472.213,532.12,0.0548,-35.3664,0.0004,0.0167,0.6436,-17.5026
fc4df6d7b5264a04_001.flac,train,古怨,姚丙炎,CD第4册\66\姚丙炎-古怨.wav,0,2641920,0.0,59.907,0.0257,-44.0101,0.0004,0.0,0.6091,-18.7285
fc4df6d7b5264a04_002.flac,train,古怨,姚丙炎,CD第4册\66\姚丙炎-古怨.wav,1527018,4168938,34.626,94.534,0.0315,-45.261,0.0,0.0,0.6008,-19.3635
fc4df6d7b5264a04_003.flac,train,古怨,姚丙炎,CD第4册\66\姚丙炎-古怨.wav,3054036,5695956,69.253,129.16,0.0232,-45.0249,0.0,0.0,0.6392,-17.8857
ae49e13e007f9b5d_001.flac,train,古风操,姚丙炎,CD第4册\66\姚丙炎-古风操.wav,0,2641920,0.0,59.907,0.021,-39.2895,0.0,0.0,0.5429,-20.4426
ae49e13e007f9b5d_002.flac,train,古风操,姚丙炎,CD第4册\66\姚丙炎-古风操.wav,2533484,5175404,57.449,117.356,0.0181,-35.2598,0.0,0.0,0.6225,-22.1312
ae49e13e007f9b5d_003.flac,train,古风操,姚丙炎,CD第4册\66\姚丙炎-古风操.wav,5066968,7708888,114.897,174.805,0.0177,-34.9608,0.0,0.0,0.7054,-22.3156
ae49e13e007f9b5d_004.flac,train,古风操,姚丙炎,CD第4册\66\姚丙炎-古风操.wav,7600452,10242372,172.346,232.253,0.0128,-37.2209,0.0,0.0,0.6085,-19.6384
46b28749a6599f28_001.flac,train,大胡笳,姚丙炎,CD第4册\65\姚丙炎-大胡笳.wav,0,2641920,0.0,59.907,0.0352,-51.3266,0.0,0.0,0.5802,-22.0646
46b28749a6599f28_002.flac,train,大胡笳,姚丙炎,CD第4册\65\姚丙炎-大胡笳.wav,2609590,5251510,59.174,119.082,0.0178,-45.0225,0.0,0.0,0.6957,-21.6082
46b28749a6599f28_003.flac,train,大胡笳,姚丙炎,CD第4册\65\姚丙炎-大胡笳.wav,5219180,7861100,118.349,178.256,0.0132,-42.6823,0.0,0.0,0.7731,-20.1691
46b28749a6599f28_004.flac,train,大胡笳,姚丙炎,CD第4册\65\姚丙炎-大胡笳.wav,7828770,10470690,177.523,237.431,0.0144,-43.2303,0.0002,0.0167,0.7513,-19.0002
46b28749a6599f28_005.flac,train,大胡笳,姚丙炎,CD第4册\65\姚丙炎-大胡笳.wav,10438360,13080280,236.698,296.605,0.0215,-43.5887,0.0004,0.0167,0.8163,-18.8654
46b28749a6599f28_006.flac,train,大胡笳,姚丙炎,CD第4册\65\姚丙炎-大胡笳.wav,13047950,15689870,295.872,355.779,0.0177,-44.5516,0.0,0.0,0.7619,-19.6341
46b28749a6599f28_007.flac,train,大胡笳,姚丙炎,CD第4册\65\姚丙炎-大胡笳.wav,15657540,18299460,355.046,414.954,0.0115,-40.8979,0.0,0.0,0.7951,-18.5253
46b28749a6599f28_008.flac,train,大胡笳,姚丙炎,CD第4册\65\姚丙炎-大胡笳.wav,18267130,20909050,414.221,474.128,0.014,-43.5992,0.0,0.0,0.8049,-18.6148
46b28749a6599f28_009.flac,train,大胡笳,姚丙炎,CD第4册\65\姚丙炎-大胡笳.wav,20876720,23518640,473.395,533.302,0.0112,-40.573,0.0,0.0,0.7937,-17.66
46b28749a6599f28_010.flac,train,大胡笳,姚丙炎,CD第4册\65\姚丙炎-大胡笳.wav,23486310,26128230,532.569,592.477,0.0141,-41.8562,0.0008,0.0334,0.8478,-19.5359
46b28749a6599f28_011.flac,train,大胡笳,姚丙炎,CD第4册\65\姚丙炎-大胡笳.wav,26095900,28737820,591.744,651.651,0.0092,-41.6258,0.0,0.0,0.8561,-19.4256
46b28749a6599f28_012.flac,train,大胡笳,姚丙炎,CD第4册\65\姚丙炎-大胡笳.wav,28705490,31347410,650.918,710.826,0.0193,-46.989,0.0,0.0,0.8724,-21.4452
46b28749a6599f28_013.flac,train,大胡笳,姚丙炎,CD第4册\65\姚丙炎-大胡笳.wav,31315080,33957000,710.093,770.0,0.0508,-51.4289,0.0,0.0,0.6307,-23.9193
04eb751a7d891a4f_001.flac,train,孤馆遇神1,姚丙炎,CD第4册\65\姚丙炎-孤馆遇神1.wav,0,2641920,0.0,59.907,0.1274,-47.4125,0.0,0.0,0.5245,-15.4127
04eb751a7d891a4f_002.flac,train,孤馆遇神1,姚丙炎,CD第4册\65\姚丙炎-孤馆遇神1.wav,2529792,5171712,57.365,117.272,0.056,-38.423,0.0,0.0,0.6313,-13.6451
04eb751a7d891a4f_003.flac,train,孤馆遇神1,姚丙炎,CD第4册\65\姚丙炎-孤馆遇神1.wav,5059584,7701504,114.73,174.637,0.0511,-36.9212,0.001,0.0167,0.6565,-14.3226
04eb751a7d891a4f_004.flac,train,孤馆遇神1,姚丙炎,CD第4册\65\姚丙炎-孤馆遇神1.wav,7589376,10231296,172.095,232.002,0.0846,-41.0848,0.005,0.0501,0.6117,-15.9589
04eb751a7d891a4f_005.flac,train,孤馆遇神1,姚丙炎,CD第4册\65\姚丙炎-孤馆遇神1.wav,10119168,12761088,229.46,289.367,0.3197,-45.9181,0.0,0.0,0.4559,-19.1619
04eb751a7d891a4f_006.flac,train,孤馆遇神1,姚丙炎,CD第4册\65\姚丙炎-孤馆遇神1.wav,12648960,15290880,286.824,346.732,0.1411,-45.739,0.0,0.0,0.5409,-15.9753
04eb751a7d891a4f_007.flac,train,孤馆遇神1,姚丙炎,CD第4册\65\姚丙炎-孤馆遇神1.wav,15178752,17820672,344.189,404.097,0.0587,-37.5125,0.0023,0.0835,0.6354,-14.9665
04eb751a7d891a4f_008.flac,train,孤馆遇神1,姚丙炎,CD第4册\65\姚丙炎-孤馆遇神1.wav,17708544,20350464,401.554,461.462,0.052,-36.4453,0.001,0.0167,0.7349,-15.6828
04eb751a7d891a4f_009.flac,train,孤馆遇神1,姚丙炎,CD第4册\65\姚丙炎-孤馆遇神1.wav,20238336,22880256,458.919,518.827,0.042,-36.2616,0.0016,0.0835,0.6851,-15.8146
e381c0619a3f0ce8_001.flac,train,孤馆遇神2,姚丙炎,CD第4册\65\姚丙炎-孤馆遇神2.wav,0,2641920,0.0,59.907,0.4231,-47.1033,0.0,0.0,0.4804,-26.2951
e381c0619a3f0ce8_002.flac,train,孤馆遇神2,姚丙炎,CD第4册\65\姚丙炎-孤馆遇神2.wav,2371179,5013099,53.768,113.676,0.2802,-45.6626,0.0,0.0,0.573,-25.7359
e381c0619a3f0ce8_003.flac,train,孤馆遇神2,姚丙炎,CD第4册\65\姚丙炎-孤馆遇神2.wav,4742358,7384278,107.536,167.444,0.3412,-47.4202,0.0,0.0,0.4764,-24.8747
e381c0619a3f0ce8_004.flac,train,孤馆遇神2,姚丙炎,CD第4册\65\姚丙炎-孤馆遇神2.wav,7113537,9755457,161.305,221.212,0.4115,-45.9442,0.0,0.0,0.3805,-26.3183
e381c0619a3f0ce8_005.flac,train,孤馆遇神2,姚丙炎,CD第4册\65\姚丙炎-孤馆遇神2.wav,9484716,12126636,215.073,274.98,0.3669,-46.3575,0.0,0.0,0.3374,-26.0705
e381c0619a3f0ce8_006.flac,train,孤馆遇神2,姚丙炎,CD第4册\65\姚丙炎-孤馆遇神2.wav,11855895,14497815,268.841,328.749,0.3817,-46.9009,0.0,0.0,0.4115,-24.9112
e381c0619a3f0ce8_007.flac,train,孤馆遇神2,姚丙炎,CD第4册\65\姚丙炎-孤馆遇神2.wav,14227074,16868994,322.609,382.517,0.323,-44.9725,0.0,0.0,0.518,-25.7973
e381c0619a3f0ce8_008.flac,train,孤馆遇神2,姚丙炎,CD第4册\65\姚丙炎-孤馆遇神2.wav,16598253,19240173,376.378,436.285,0.2317,-44.6099,0.0,0.0,0.6273,-25.3656
e381c0619a3f0ce8_009.flac,train,孤馆遇神2,姚丙炎,CD第4册\65\姚丙炎-孤馆遇神2.wav,18969432,21611352,430.146,490.053,0.1795,-46.5014,0.0,0.0,0.59,-23.9547
058007b97bbad34f_001.flac,train,孤馆遇神3,姚丙炎,CD第4册\65\姚丙炎-孤馆遇神3.wav,0,2641920,0.0,59.907,0.0025,-41.3614,0.0,0.0,0.6782,-17.329
058007b97bbad34f_002.flac,train,孤馆遇神3,姚丙炎,CD第4册\65\姚丙炎-孤馆遇神3.wav,2516571,5158491,57.065,116.973,0.0029,-35.0695,0.0,0.0,0.666,-16.0787
058007b97bbad34f_003.flac,train,孤馆遇神3,姚丙炎,CD第4册\65\姚丙炎-孤馆遇神3.wav,5033141,7675061,114.13,174.038,0.0045,-39.125,0.0,0.0,0.6566,-15.8122
058007b97bbad34f_004.flac,train,孤馆遇神3,姚丙炎,CD第4册\65\姚丙炎-孤馆遇神3.wav,7549712,10191632,171.195,231.103,0.006,-42.0514,0.0,0.0,0.6425,-14.8074
058007b97bbad34f_005.flac,train,孤馆遇神3,姚丙炎,CD第4册\65\姚丙炎-孤馆遇神3.wav,10066283,12708203,228.26,288.168,0.0087,-47.6539,0.0,0.0,0.7112,-21.1731
058007b97bbad34f_006.flac,train,孤馆遇神3,姚丙炎,CD第4册\65\姚丙炎-孤馆遇神3.wav,12582853,15224773,285.325,345.233,0.0072,-46.7696,0.0,0.0,0.7658,-21.4311
058007b97bbad34f_007.flac,train,孤馆遇神3,姚丙炎,CD第4册\65\姚丙炎-孤馆遇神3.wav,15099424,17741344,342.391,402.298,0.0056,-47.3567,0.0,0.0,0.7763,-18.1302
058007b97bbad34f_008.flac,train,孤馆遇神3,姚丙炎,CD第4册\65\姚丙炎-孤馆遇神3.wav,17615995,20257915,399.456,459.363,0.0052,-41.8541,0.0,0.0,0.7719,-16.6376
058007b97bbad34f_009.flac,train,孤馆遇神3,姚丙炎,CD第4册\65\姚丙炎-孤馆遇神3.wav,20132565,22774485,456.521,516.428,0.004,-37.9289,0.0,0.0,0.702,-15.94
058007b97bbad34f_010.flac,train,孤馆遇神3,姚丙炎,CD第4册\65\姚丙炎-孤馆遇神3.wav,22649136,25291056,513.586,573.493,0.0032,-34.6341,0.0,0.0,0.5427,-15.0916
9c64814a36faf7f9_001.flac,train,小胡笳,姚丙炎,CD第4册\69\姚丙炎-小胡笳.wav,0,2641920,0.0,59.907,0.135,-31.7778,0.0855,0.9682,0.7023,-21.6993
9c64814a36faf7f9_002.flac,train,小胡笳,姚丙炎,CD第4册\69\姚丙炎-小胡笳.wav,2475206,5117126,56.127,116.035,0.1188,-31.4508,0.0361,0.9515,0.7105,-21.9821
9c64814a36faf7f9_003.flac,train,小胡笳,姚丙炎,CD第4册\69\姚丙炎-小胡笳.wav,4950412,7592332,112.254,172.162,0.1173,-31.019,0.0479,1.0182,0.7313,-22.049
9c64814a36faf7f9_004.flac,train,小胡笳,姚丙炎,CD第4册\69\姚丙炎-小胡笳.wav,7425618,10067538,168.381,228.289,0.1292,-30.3509,0.0971,1.5023,0.6689,-20.5943
9c64814a36faf7f9_005.flac,train,小胡笳,姚丙炎,CD第4册\69\姚丙炎-小胡笳.wav,9900823,12542743,224.508,284.416,0.1315,-30.6155,0.0624,1.2519,0.7147,-20.2907
9c64814a36faf7f9_006.flac,train,小胡笳,姚丙炎,CD第4册\69\姚丙炎-小胡笳.wav,12376029,15017949,280.636,340.543,0.0997,-29.4569,0.0353,1.0516,0.7594,-20.1869
9c64814a36faf7f9_007.flac,train,小胡笳,姚丙炎,CD第4册\69\姚丙炎-小胡笳.wav,14851235,17493155,336.763,396.67,0.1462,-30.9472,0.0713,1.6025,0.7019,-19.6516
9c64814a36faf7f9_008.flac,train,小胡笳,姚丙炎,CD第4册\69\姚丙炎-小胡笳.wav,17326441,19968361,392.89,452.797,0.1152,-30.9617,0.0614,1.1518,0.7439,-19.1574
9c64814a36faf7f9_009.flac,train,小胡笳,姚丙炎,CD第4册\69\姚丙炎-小胡笳.wav,19801647,22443567,449.017,508.924,0.1052,-31.9152,0.0293,0.8346,0.7016,-20.5712
9c64814a36faf7f9_010.flac,train,小胡笳,姚丙炎,CD第4册\69\姚丙炎-小胡笳.wav,22276853,24918773,505.144,565.052,0.0924,-30.1078,0.0455,0.7845,0.6601,-21.3639
9c64814a36faf7f9_011.flac,train,小胡笳,姚丙炎,CD第4册\69\姚丙炎-小胡笳.wav,24752058,27393978,561.271,621.179,0.0721,-29.5053,0.0386,0.9181,0.6539,-18.2676
9c64814a36faf7f9_012.flac,train,小胡笳,姚丙炎,CD第4册\69\姚丙炎-小胡笳.wav,27227264,29869184,617.398,677.306,0.1336,-30.9945,0.0403,1.2352,0.7617,-19.7978
9c64814a36faf7f9_013.flac,train,小胡笳,姚丙炎,CD第4册\69\姚丙炎-小胡笳.wav,29702470,32344390,673.525,733.433,0.1729,-32.3753,0.1035,1.6359,0.6767,-18.4162
9c64814a36faf7f9_014.flac,train,小胡笳,姚丙炎,CD第4册\69\姚丙炎-小胡笳.wav,32177676,34819596,729.653,789.56,0.1779,-32.0933,0.1188,1.7026,0.5938,-21.1399
5c45917dcdb6e68f_001.flac,train,平沙落雁1,姚丙炎,CD第4册\68\姚丙炎-平沙落雁1.wav,0,2641920,0.0,59.907,0.1592,-59.9752,0.0,0.0,0.6469,-17.4618
5c45917dcdb6e68f_002.flac,train,平沙落雁1,姚丙炎,CD第4册\68\姚丙炎-平沙落雁1.wav,2330354,4972274,52.842,112.75,0.1228,-56.7165,0.0,0.0,0.7221,-18.3591
5c45917dcdb6e68f_003.flac,train,平沙落雁1,姚丙炎,CD第4册\68\姚丙炎-平沙落雁1.wav,4660709,7302629,105.685,165.592,0.1203,-57.5858,0.0,0.0,0.724,-17.2246
5c45917dcdb6e68f_004.flac,train,平沙落雁1,姚丙炎,CD第4册\68\姚丙炎-平沙落雁1.wav,6991063,9632983,158.528,218.435,0.0633,-57.9076,0.0,0.0,0.8398,-16.7807
5c45917dcdb6e68f_005.flac,train,平沙落雁1,姚丙炎,CD第4册\68\姚丙炎-平沙落雁1.wav,9321418,11963338,211.37,271.278,0.0388,-57.4174,0.0,0.0,0.8926,-16.2233
5c45917dcdb6e68f_006.flac,train,平沙落雁1,姚丙炎,CD第4册\68\姚丙炎-平沙落雁1.wav,11651772,14293692,264.213,324.12,0.0406,-56.5799,0.0,0.0,0.8665,-15.1904
838c9618a12b99f0_001.flac,train,幽兰,姚丙炎,CD第4册\69\姚丙炎-幽兰.wav,0,2641920,0.0,59.907,0.0271,-45.3337,0.0,0.0,0.4249,-13.0581
838c9618a12b99f0_002.flac,train,幽兰,姚丙炎,CD第4册\69\姚丙炎-幽兰.wav,2540483,5182403,57.607,117.515,0.0265,-45.48,0.0,0.0,0.5053,-12.1268
838c9618a12b99f0_003.flac,train,幽兰,姚丙炎,CD第4册\69\姚丙炎-幽兰.wav,5080965,7722885,115.215,175.122,0.0272,-45.8736,0.0,0.0,0.5157,-12.9868
838c9618a12b99f0_004.flac,train,幽兰,姚丙炎,CD第4册\69\姚丙炎-幽兰.wav,7621448,10263368,172.822,232.729,0.0216,-43.4378,0.0,0.0,0.5521,-12.9498
838c9618a12b99f0_005.flac,train,幽兰,姚丙炎,CD第4册\69\姚丙炎-幽兰.wav,10161931,12803851,230.429,290.337,0.0163,-42.0937,0.0,0.0,0.5999,-12.3675
838c9618a12b99f0_006.flac,train,幽兰,姚丙炎,CD第4册\69\姚丙炎-幽兰.wav,12702413,15344333,288.037,347.944,0.0193,-42.6829,0.0,0.0,0.5598,-12.7634
838c9618a12b99f0_007.flac,train,幽兰,姚丙炎,CD第4册\69\姚丙炎-幽兰.wav,15242896,17884816,345.644,405.551,0.0182,-41.6693,0.0,0.0,0.5487,-13.0454
838c9618a12b99f0_008.flac,train,幽兰,姚丙炎,CD第4册\69\姚丙炎-幽兰.wav,17783379,20425299,403.251,463.159,0.0186,-43.2883,0.0,0.0,0.4523,-12.0758
838c9618a12b99f0_009.flac,train,幽兰,姚丙炎,CD第4册\69\姚丙炎-幽兰.wav,20323861,22965781,460.859,520.766,0.016,-40.1511,0.0,0.0,0.438,-13.817
838c9618a12b99f0_010.flac,train,幽兰,姚丙炎,CD第4册\69\姚丙炎-幽兰.wav,22864344,25506264,518.466,578.373,0.0184,-41.0571,0.0,0.0,0.414,-12.7017
22aeb1beffc09115_001.flac,validation,广陵散,姚丙炎,CD第4册\66\姚丙炎-广陵散.wav,0,2641920,0.0,59.907,0.1518,-65.557,0.0,0.0,0.7551,-19.1533
22aeb1beffc09115_002.flac,validation,广陵散,姚丙炎,CD第4册\66\姚丙炎-广陵散.wav,2619744,5261664,59.405,119.312,0.0291,-62.0814,0.0,0.0,0.9197,-17.4771
22aeb1beffc09115_003.flac,validation,广陵散,姚丙炎,CD第4册\66\姚丙炎-广陵散.wav,5239488,7881408,118.809,178.717,0.0343,-60.9997,0.0,0.0,0.9502,-17.8624
22aeb1beffc09115_004.flac,validation,广陵散,姚丙炎,CD第4册\66\姚丙炎-广陵散.wav,7859232,10501152,178.214,238.121,0.0457,-66.0353,0.0,0.0,0.8698,-16.7743
22aeb1beffc09115_005.flac,validation,广陵散,姚丙炎,CD第4册\66\姚丙炎-广陵散.wav,10478976,13120896,237.619,297.526,0.0174,-59.2761,0.0,0.0,1.0159,-17.0649
22aeb1beffc09115_006.flac,validation,广陵散,姚丙炎,CD第4册\66\姚丙炎-广陵散.wav,13098720,15740640,297.023,356.931,0.0135,-58.5869,0.0,0.0,1.0295,-16.5116
22aeb1beffc09115_007.flac,validation,广陵散,姚丙炎,CD第4册\66\姚丙炎-广陵散.wav,15718464,18360384,356.428,416.335,0.0338,-62.7217,0.0,0.0,1.0409,-17.8797
22aeb1beffc09115_008.flac,validation,广陵散,姚丙炎,CD第4册\66\姚丙炎-广陵散.wav,18338208,20980128,415.832,475.74,0.0552,-61.6333,0.0,0.0,1.0586,-19.8985
22aeb1beffc09115_009.flac,validation,广陵散,姚丙炎,CD第4册\66\姚丙炎-广陵散.wav,20957952,23599872,475.237,535.144,0.0347,-62.1041,0.0,0.0,1.0087,-17.3674
22aeb1beffc09115_010.flac,validation,广陵散,姚丙炎,CD第4册\66\姚丙炎-广陵散.wav,23577696,26219616,534.642,594.549,0.0087,-56.0727,0.0,0.0,1.1213,-16.1161
22aeb1beffc09115_011.flac,validation,广陵散,姚丙炎,CD第4册\66\姚丙炎-广陵散.wav,26197440,28839360,594.046,653.954,0.0192,-57.6874,0.0,0.0,1.1419,-17.268
22aeb1beffc09115_012.flac,validation,广陵散,姚丙炎,CD第4册\66\姚丙炎-广陵散.wav,28817184,31459104,653.451,713.358,0.0092,-56.2193,0.0,0.0,1.1049,-16.0288
22aeb1beffc09115_013.flac,validation,广陵散,姚丙炎,CD第4册\66\姚丙炎-广陵散.wav,31436928,34078848,712.856,772.763,0.0382,-60.7415,0.0,0.0,1.0895,-18.4606
22aeb1beffc09115_014.flac,validation,广陵散,姚丙炎,CD第4册\66\姚丙炎-广陵散.wav,34056672,36698592,772.26,832.168,0.2641,-71.5359,0.0,0.0,0.8514,-20.6875
22aeb1beffc09115_015.flac,validation,广陵散,姚丙炎,CD第4册\66\姚丙炎-广陵散.wav,36676416,39318336,831.665,891.572,0.0913,-67.7761,0.0,0.0,0.964,-18.6845
22aeb1beffc09115_016.flac,validation,广陵散,姚丙炎,CD第4册\66\姚丙炎-广陵散.wav,39296160,41938080,891.069,950.977,0.034,-64.0733,0.0,0.0,1.0581,-17.5238
22aeb1beffc09115_017.flac,validation,广陵散,姚丙炎,CD第4册\66\姚丙炎-广陵散.wav,41915904,44557824,950.474,1010.381,0.0395,-64.3565,0.0,0.0,1.0691,-17.8792
22aeb1beffc09115_018.flac,validation,广陵散,姚丙炎,CD第4册\66\姚丙炎-广陵散.wav,44535648,47177568,1009.879,1069.786,0.174,-70.4342,0.0,0.0,0.8994,-19.93
22aeb1beffc09115_019.flac,validation,广陵散,姚丙炎,CD第4册\66\姚丙炎-广陵散.wav,47155392,49797312,1069.283,1129.191,0.4504,-71.4654,0.0,0.0,0.6306,-21.2163
22aeb1beffc09115_020.flac,validation,广陵散,姚丙炎,CD第4册\66\姚丙炎-广陵散.wav,49775136,52417056,1128.688,1188.595,0.1848,-71.0864,0.0,0.0,0.7894,-18.5434
22aeb1beffc09115_021.flac,validation,广陵散,姚丙炎,CD第4册\66\姚丙炎-广陵散.wav,52394880,55036800,1188.093,1248.0,0.4476,-73.2743,0.0,0.0,0.6235,-19.3622
adfd54035a59feea_001.flac,train,忘忧2,姚丙炎,CD第4册\68\姚丙炎-忘忧2.wav,0,2641920,0.0,59.907,0.0189,-38.2588,0.0,0.0,0.6228,-19.753
adfd54035a59feea_002.flac,train,忘忧2,姚丙炎,CD第4册\68\姚丙炎-忘忧2.wav,1714296,4356216,38.873,98.78,0.0236,-37.08,0.0,0.0,0.6559,-20.8447
adfd54035a59feea_003.flac,train,忘忧2,姚丙炎,CD第4册\68\姚丙炎-忘忧2.wav,3428592,6070512,77.746,137.653,0.0281,-37.9659,0.0,0.0,0.7138,-21.329
d68b1c5b82c9d962_001.flac,train,楚歌1,姚丙炎,CD第4册\65\姚丙炎-楚歌1.wav,0,2641920,0.0,59.907,0.0059,-39.7542,0.0,0.0,0.9333,-20.6322
d68b1c5b82c9d962_002.flac,train,楚歌1,姚丙炎,CD第4册\65\姚丙炎-楚歌1.wav,2018595,4660515,45.773,105.681,0.0031,-37.7671,0.0,0.0,0.898,-19.9649
d68b1c5b82c9d962_003.flac,train,楚歌1,姚丙炎,CD第4册\65\姚丙炎-楚歌1.wav,4037190,6679110,91.546,151.454,0.0038,-39.6159,0.0,0.0,0.8917,-18.9849
d68b1c5b82c9d962_004.flac,train,楚歌1,姚丙炎,CD第4册\65\姚丙炎-楚歌1.wav,6055785,8697705,137.319,197.227,0.0072,-43.9688,0.0002,0.0167,0.783,-19.458
d68b1c5b82c9d962_005.flac,train,楚歌1,姚丙炎,CD第4册\65\姚丙炎-楚歌1.wav,8074380,10716300,183.093,243.0,0.007,-45.2196,0.0,0.0,0.7447,-19.0115
8becf47128330036_001.flac,train,潇湘水云1,姚丙炎,CD第4册\69\姚丙炎-潇湘水云1.wav,0,2641920,0.0,59.907,0.1722,-59.764,0.0,0.0,0.6229,-16.902
8becf47128330036_002.flac,train,潇湘水云1,姚丙炎,CD第4册\69\姚丙炎-潇湘水云1.wav,2465741,5107661,55.912,115.82,0.0793,-51.3752,0.0,0.0,0.781,-17.6103
8becf47128330036_003.flac,train,潇湘水云1,姚丙炎,CD第4册\69\姚丙炎-潇湘水云1.wav,4931483,7573403,111.825,171.732,0.0536,-51.1612,0.0,0.0,0.7976,-17.2595
8becf47128330036_004.flac,train,潇湘水云1,姚丙炎,CD第4册\69\姚丙炎-潇湘水云1.wav,7397224,10039144,167.738,227.645,0.0365,-52.0122,0.0,0.0,0.9261,-15.4594
8becf47128330036_005.flac,train,潇湘水云1,姚丙炎,CD第4册\69\姚丙炎-潇湘水云1.wav,9862965,12504885,223.65,283.557,0.0358,-53.0544,0.0,0.0,0.9081,-15.4149
8becf47128330036_006.flac,train,潇湘水云1,姚丙炎,CD第4册\69\姚丙炎-潇湘水云1.wav,12328707,14970627,279.563,339.47,0.0521,-53.6156,0.0,0.0,0.9556,-13.936
8becf47128330036_007.flac,train,潇湘水云1,姚丙炎,CD第4册\69\姚丙炎-潇湘水云1.wav,14794448,17436368,335.475,395.382,0.0399,-49.9373,0.0,0.0,0.9445,-14.754
8becf47128330036_008.flac,train,潇湘水云1,姚丙炎,CD第4册\69\姚丙炎-潇湘水云1.wav,17260189,19902109,391.388,451.295,0.0337,-50.6908,0.0,0.0,0.8984,-15.1006
8becf47128330036_009.flac,train,潇湘水云1,姚丙炎,CD第4册\69\姚丙炎-潇湘水云1.wav,19725931,22367851,447.3,507.208,0.0478,-51.7394,0.0,0.0,0.8837,-15.5971
8becf47128330036_010.flac,train,潇湘水云1,姚丙炎,CD第4册\69\姚丙炎-潇湘水云1.wav,22191672,24833592,503.213,563.12,0.1218,-53.6329,0.0,0.0,0.6531,-17.1763
0b11af14419e3e13_001.flac,train,潇湘水云2,姚丙炎,CD第4册\69\姚丙炎-潇湘水云2.wav,0,2641920,0.0,59.907,0.0885,-31.3737,0.0384,0.6176,0.6293,-21.057
0b11af14419e3e13_002.flac,train,潇湘水云2,姚丙炎,CD第4册\69\姚丙炎-潇湘水云2.wav,2530380,5172300,57.378,117.286,0.0859,-32.2783,0.0341,0.8346,0.7143,-18.8484
0b11af14419e3e13_003.flac,train,潇湘水云2,姚丙炎,CD第4册\69\姚丙炎-潇湘水云2.wav,5060760,7702680,114.756,174.664,0.1056,-31.5608,0.0298,0.8179,0.6934,-20.5739
0b11af14419e3e13_004.flac,train,潇湘水云2,姚丙炎,CD第4册\69\姚丙炎-潇湘水云2.wav,7591140,10233060,172.135,232.042,0.1334,-31.8482,0.057,1.2686,0.7782,-18.4346
0b11af14419e3e13_005.flac,train,潇湘水云2,姚丙炎,CD第4册\69\姚丙炎-潇湘水云2.wav,10121520,12763440,229.513,289.42,0.1062,-32.9227,0.0285,0.6844,0.7855,-16.8891
0b11af14419e3e13_006.flac,train,潇湘水云2,姚丙炎,CD第4册\69\姚丙炎-潇湘水云2.wav,12651900,15293820,286.891,346.799,0.1139,-29.5496,0.0376,1.0015,0.7465,-18.0499
0b11af14419e3e13_007.flac,train,潇湘水云2,姚丙炎,CD第4册\69\姚丙炎-潇湘水云2.wav,15182280,17824200,344.269,404.177,0.1071,-31.4783,0.0207,0.651,0.7934,-20.614
0b11af14419e3e13_008.flac,train,潇湘水云2,姚丙炎,CD第4册\69\姚丙炎-潇湘水云2.wav,17712660,20354580,401.648,461.555,0.0922,-31.9622,0.0341,0.8012,0.6691,-18.9491
0b11af14419e3e13_009.flac,train,潇湘水云2,姚丙炎,CD第4册\69\姚丙炎-潇湘水云2.wav,20243040,22884960,459.026,518.933,0.0899,-33.7185,0.0214,0.3338,0.6019,-19.8036
660f5708960840ab_001.flac,train,秋宵步月,姚丙炎,CD第4册\68\姚丙炎-秋宵步月.wav,0,2641920,0.0,59.907,0.0063,-52.2301,0.0,0.0,0.8839,-14.4876
660f5708960840ab_002.flac,train,秋宵步月,姚丙炎,CD第4册\68\姚丙炎-秋宵步月.wav,2160104,4802024,48.982,108.889,0.0022,-46.4561,0.0,0.0,0.8467,-14.5397
660f5708960840ab_003.flac,train,秋宵步月,姚丙炎,CD第4册\68\姚丙炎-秋宵步月.wav,4320208,6962128,97.964,157.871,0.0022,-46.9812,0.0,0.0,0.8684,-13.5437
660f5708960840ab_004.flac,train,秋宵步月,姚丙炎,CD第4册\68\姚丙炎-秋宵步月.wav,6480312,9122232,146.946,206.853,0.0164,-56.3517,0.0,0.0,0.721,-15.1564
155790127e2a0d93_001.flac,train,阳春,姚丙炎,CD第4册\69\姚丙炎-阳春.wav,0,2641920,0.0,59.907,0.1278,-31.632,0.0839,1.8028,0.6688,-19.203
155790127e2a0d93_002.flac,train,阳春,姚丙炎,CD第4册\69\姚丙炎-阳春.wav,2268667,4910587,51.444,111.351,0.0527,-30.5509,0.0376,0.8513,0.6926,-18.2991
155790127e2a0d93_003.flac,train,阳春,姚丙炎,CD第4册\69\姚丙炎-阳春.wav,4537334,7179254,102.887,162.795,0.0295,-28.0075,0.036,1.2519,0.6997,-18.1801
155790127e2a0d93_004.flac,train,阳春,姚丙炎,CD第4册\69\姚丙炎-阳春.wav,6806001,9447921,154.331,214.239,0.0585,-30.6598,0.0374,0.9849,0.7672,-18.892
155790127e2a0d93_005.flac,train,阳春,姚丙炎,CD第4册\69\姚丙炎-阳春.wav,9074667,11716587,205.775,265.682,0.0388,-30.158,0.0302,0.9014,0.8012,-18.2815
155790127e2a0d93_006.flac,train,阳春,姚丙炎,CD第4册\69\姚丙炎-阳春.wav,11343334,13985254,257.218,317.126,0.0787,-35.835,0.018,0.5842,0.6424,-19.3221
155790127e2a0d93_007.flac,train,阳春,姚丙炎,CD第4册\69\姚丙炎-阳春.wav,13612001,16253921,308.662,368.57,0.2319,-35.0452,0.1132,1.4689,0.6365,-20.9062
155790127e2a0d93_008.flac,train,阳春,姚丙炎,CD第4册\69\姚丙炎-阳春.wav,15880668,18522588,360.106,420.013,0.1489,-35.1411,0.0957,1.3187,0.6779,-20.5829
4eb5689393c9296d_001.flac,train,高山1,姚丙炎,CD第4册\65\姚丙炎-高山1.wav,0,2641920,0.0,59.907,0.458,-71.4266,0.0,0.0,0.5563,-16.9652
4eb5689393c9296d_002.flac,train,高山1,姚丙炎,CD第4册\65\姚丙炎-高山1.wav,2427921,5069841,55.055,114.962,0.2612,-65.6888,0.0,0.0,0.6462,-16.9504
4eb5689393c9296d_003.flac,train,高山1,姚丙炎,CD第4册\65\姚丙炎-高山1.wav,4855842,7497762,110.11,170.017,0.0988,-63.1337,0.0,0.0,0.861,-16.4682
4eb5689393c9296d_004.flac,train,高山1,姚丙炎,CD第4册\65\姚丙炎-高山1.wav,7283763,9925683,165.165,225.072,0.084,-62.3931,0.0,0.0,0.8427,-16.5028
4eb5689393c9296d_005.flac,train,高山1,姚丙炎,CD第4册\65\姚丙炎-高山1.wav,9711684,12353604,220.22,280.127,0.086,-63.7226,0.0,0.0,0.8092,-16.0376
4eb5689393c9296d_006.flac,train,高山1,姚丙炎,CD第4册\65\姚丙炎-高山1.wav,12139605,14781525,275.274,335.182,0.1636,-65.9551,0.0,0.0,0.7349,-17.0036
4eb5689393c9296d_007.flac,train,高山1,姚丙炎,CD第4册\65\姚丙炎-高山1.wav,14567526,17209446,330.329,390.237,0.0811,-59.7905,0.0,0.0,0.8067,-16.8448
4eb5689393c9296d_008.flac,train,高山1,姚丙炎,CD第4册\65\姚丙炎-高山1.wav,16995447,19637367,385.384,445.292,0.0473,-58.8188,0.0,0.0,0.8643,-15.2298
4eb5689393c9296d_009.flac,train,高山1,姚丙炎,CD第4册\65\姚丙炎-高山1.wav,19423368,22065288,440.439,500.347,0.0839,-63.0821,0.0,0.0,0.7273,-15.8182
dc666235728f27b2_001.flac,train,高山2,姚丙炎,CD第4册\65\姚丙炎-高山2.wav,0,2641920,0.0,59.907,0.2396,-64.3074,0.0,0.0,0.5137,-22.1849
dc666235728f27b2_002.flac,train,高山2,姚丙炎,CD第4册\65\姚丙炎-高山2.wav,2528143,5170063,57.328,117.235,0.0773,-57.4646,0.0,0.0,0.6756,-22.7188
dc666235728f27b2_003.flac,train,高山2,姚丙炎,CD第4册\65\姚丙炎-高山2.wav,5056286,7698206,114.655,174.562,0.0684,-59.2209,0.0,0.0,0.6675,-20.5019
dc666235728f27b2_004.flac,train,高山2,姚丙炎,CD第4册\65\姚丙炎-高山2.wav,7584429,10226349,171.983,231.89,0.0496,-59.4527,0.0,0.0,0.7213,-18.7567
dc666235728f27b2_005.flac,train,高山2,姚丙炎,CD第4册\65\姚丙炎-高山2.wav,10112571,12754491,229.31,289.217,0.0676,-62.9361,0.0,0.0,0.704,-20.0672
dc666235728f27b2_006.flac,train,高山2,姚丙炎,CD第4册\65\姚丙炎-高山2.wav,12640714,15282634,286.638,346.545,0.0429,-58.2327,0.0,0.0,0.775,-18.7159
dc666235728f27b2_007.flac,train,高山2,姚丙炎,CD第4册\65\姚丙炎-高山2.wav,15168857,17810777,343.965,403.872,0.0376,-59.7577,0.0,0.0,0.7548,-18.8441
dc666235728f27b2_008.flac,train,高山2,姚丙炎,CD第4册\65\姚丙炎-高山2.wav,17697000,20338920,401.293,461.2,0.0656,-62.3786,0.0,0.0,0.6444,-19.9013
3eafb74ce599f48e_001.flac,train,鸥鹭忘机,姚丙炎,CD第4册\68\姚丙炎-鸥鹭忘机.wav,0,2641920,0.0,59.907,0.2118,-58.0411,0.0,0.0,0.6588,-16.2564
3eafb74ce599f48e_002.flac,train,鸥鹭忘机,姚丙炎,CD第4册\68\姚丙炎-鸥鹭忘机.wav,2508693,5150613,56.886,116.794,0.1372,-56.3937,0.0,0.0,0.7339,-18.1646
3eafb74ce599f48e_003.flac,train,鸥鹭忘机,姚丙炎,CD第4册\68\姚丙炎-鸥鹭忘机.wav,5017386,7659306,113.773,173.68,0.048,-51.5147,0.0,0.0,0.8634,-16.557
3eafb74ce599f48e_004.flac,train,鸥鹭忘机,姚丙炎,CD第4册\68\姚丙炎-鸥鹭忘机.wav,7526079,10167999,170.659,230.567,0.0216,-49.9631,0.0,0.0,0.9354,-16.1363
3eafb74ce599f48e_005.flac,train,鸥鹭忘机,姚丙炎,CD第4册\68\姚丙炎-鸥鹭忘机.wav,10034772,12676692,227.546,287.453,0.0471,-56.8267,0.0,0.0,0.809,-15.8545
0f5ec28f8b89717c_001.flac,test,忆故人1,孙毓芹,CD第4册\60\孙毓芹-忆故人1.wav,0,2641920,0.0,59.907,0.0049,-49.4602,0.0,0.0,0.7399,-13.0874
0f5ec28f8b89717c_002.flac,test,忆故人1,孙毓芹,CD第4册\60\孙毓芹-忆故人1.wav,2538782,5180702,57.569,117.476,0.0043,-44.955,0.0,0.0,0.7417,-14.7017
0f5ec28f8b89717c_003.flac,test,忆故人1,孙毓芹,CD第4册\60\孙毓芹-忆故人1.wav,5077564,7719484,115.138,175.045,0.0048,-50.4675,0.0,0.0,0.774,-13.8116
0f5ec28f8b89717c_004.flac,test,忆故人1,孙毓芹,CD第4册\60\孙毓芹-忆故人1.wav,7616346,10258266,172.706,232.614,0.0099,-53.6603,0.0,0.0,0.7522,-14.2124
0f5ec28f8b89717c_005.flac,test,忆故人1,孙毓芹,CD第4册\60\孙毓芹-忆故人1.wav,10155128,12797048,230.275,290.182,0.0089,-53.5028,0.0,0.0,0.7235,-13.8011
0f5ec28f8b89717c_006.flac,test,忆故人1,孙毓芹,CD第4册\60\孙毓芹-忆故人1.wav,12693910,15335830,287.844,347.751,0.0031,-49.8331,0.0,0.0,0.8146,-13.1938
0f5ec28f8b89717c_007.flac,test,忆故人1,孙毓芹,CD第4册\60\孙毓芹-忆故人1.wav,15232692,17874612,345.413,405.32,0.0023,-49.6579,0.0,0.0,0.8137,-12.9624
67685c2746afcb21_001.flac,test,忆故人2,孙毓芹,CD第4册\60\孙毓芹-忆故人2.wav,0,2641920,0.0,59.907,0.0164,-56.6116,0.0,0.0,0.6601,-19.3407
67685c2746afcb21_002.flac,test,忆故人2,孙毓芹,CD第4册\60\孙毓芹-忆故人2.wav,2630118,5272038,59.64,119.547,0.0174,-59.7291,0.0,0.0,0.6124,-16.8388
67685c2746afcb21_003.flac,test,忆故人2,孙毓芹,CD第4册\60\孙毓芹-忆故人2.wav,5260236,7902156,119.28,179.187,0.0124,-56.1947,0.0,0.0,0.6412,-17.9493
67685c2746afcb21_004.flac,test,忆故人2,孙毓芹,CD第4册\60\孙毓芹-忆故人2.wav,7890354,10532274,178.92,238.827,0.0116,-57.884,0.0,0.0,0.6618,-16.4658
67685c2746afcb21_005.flac,test,忆故人2,孙毓芹,CD第4册\60\孙毓芹-忆故人2.wav,10520472,13162392,238.559,298.467,0.0098,-60.1066,0.0,0.0,0.6477,-14.3566
67685c2746afcb21_006.flac,test,忆故人2,孙毓芹,CD第4册\60\孙毓芹-忆故人2.wav,13150590,15792510,298.199,358.107,0.0083,-58.3372,0.0,0.0,0.6838,-14.9331
67685c2746afcb21_007.flac,test,忆故人2,孙毓芹,CD第4册\60\孙毓芹-忆故人2.wav,15780708,18422628,357.839,417.747,0.0102,-61.1838,0.0,0.0,0.6465,-14.8573
de32b607849cd9be_001.flac,test,渔樵问答1,孙毓芹,CD第4册\60\孙毓芹-渔樵问答1.wav,0,2641920,0.0,59.907,0.0459,-33.7637,0.0066,0.1335,0.5908,-29.2755
de32b607849cd9be_002.flac,test,渔樵问答1,孙毓芹,CD第4册\60\孙毓芹-渔樵问答1.wav,2330534,4972454,52.847,112.754,0.0655,-34.2632,0.0145,0.4674,0.6789,-27.6697
de32b607849cd9be_003.flac,test,渔樵问答1,孙毓芹,CD第4册\60\孙毓芹-渔樵问答1.wav,4661067,7302987,105.693,165.601,0.0546,-32.9739,0.0167,0.3839,0.752,-26.7833
de32b607849cd9be_004.flac,test,渔樵问答1,孙毓芹,CD第4册\60\孙毓芹-渔樵问答1.wav,6991600,9633520,158.54,218.447,0.0641,-31.4631,0.0157,0.5675,0.72,-28.2262
de32b607849cd9be_005.flac,test,渔樵问答1,孙毓芹,CD第4册\60\孙毓芹-渔樵问答1.wav,9322134,11964054,211.386,271.294,0.0576,-31.8386,0.0238,0.6343,0.6865,-27.9738
de32b607849cd9be_006.flac,test,渔樵问答1,孙毓芹,CD第4册\60\孙毓芹-渔樵问答1.wav,11652668,14294588,264.233,324.14,0.081,-30.1915,0.0167,0.6009,0.7454,-25.6386
de32b607849cd9be_007.flac,test,渔樵问答1,孙毓芹,CD第4册\60\孙毓芹-渔樵问答1.wav,13983201,16625121,317.079,376.987,0.0863,-31.1036,0.0378,1.1017,0.7707,-24.6234
de32b607849cd9be_008.flac,test,渔樵问答1,孙毓芹,CD第4册\60\孙毓芹-渔樵问答1.wav,16313734,18955654,369.926,429.833,0.0685,-31.6611,0.0432,1.3187,0.7256,-24.5428
de32b607849cd9be_009.flac,test,渔樵问答1,孙毓芹,CD第4册\60\孙毓芹-渔樵问答1.wav,18644268,21286188,422.773,482.68,0.0394,-35.4912,0.0203,0.4507,0.5779,-28.717
e2a489b059ae8802_001.flac,test,渔樵问答2,孙毓芹,CD第4册\60\孙毓芹-渔樵问答2.wav,0,2641920,0.0,59.907,0.5443,-77.4818,0.0,0.0,0.2889,-15.9641
e2a489b059ae8802_002.flac,test,渔樵问答2,孙毓芹,CD第4册\60\孙毓芹-渔樵问答2.wav,2433286,5075206,55.177,115.084,0.5276,-78.3622,0.0,0.0,0.3894,-15.2388
e2a489b059ae8802_003.flac,test,渔樵问答2,孙毓芹,CD第4册\60\孙毓芹-渔樵问答2.wav,4866573,7508493,110.353,170.261,0.5392,-80.0048,0.0,0.0,0.3465,-14.9647
e2a489b059ae8802_004.flac,test,渔樵问答2,孙毓芹,CD第4册\60\孙毓芹-渔樵问答2.wav,7299860,9941780,165.53,225.437,0.5454,-81.1564,0.0,0.0,0.2455,-15.2291
e2a489b059ae8802_005.flac,test,渔樵问答2,孙毓芹,CD第4册\60\孙毓芹-渔樵问答2.wav,9733146,12375066,220.706,280.614,0.5296,-80.2612,0.0,0.0,0.3913,-14.2756
e2a489b059ae8802_006.flac,test,渔樵问答2,孙毓芹,CD第4册\60\孙毓芹-渔樵问答2.wav,12166432,14808352,275.883,335.79,0.4477,-72.8743,0.0,0.0,0.5545,-15.6385
e2a489b059ae8802_007.flac,test,渔樵问答2,孙毓芹,CD第4册\60\孙毓芹-渔樵问答2.wav,14599719,17241639,331.059,390.967,0.4791,-73.777,0.0,0.0,0.5381,-15.2719
e2a489b059ae8802_008.flac,test,渔樵问答2,孙毓芹,CD第4册\60\孙毓芹-渔樵问答2.wav,17033006,19674926,386.236,446.143,0.5064,-77.8964,0.0,0.0,0.4803,-15.7621
e2a489b059ae8802_009.flac,test,渔樵问答2,孙毓芹,CD第4册\60\孙毓芹-渔樵问答2.wav,19466292,22108212,441.413,501.32,0.5243,-78.7544,0.0,0.0,0.4061,-14.615
176dab99b0ddc764_001.flac,train,潇湘水云1,孙毓芹,CD第4册\60\孙毓芹-潇湘水云1.wav,0,2641920,0.0,59.907,0.0092,-52.3416,0.0,0.0,0.6811,-19.8956
176dab99b0ddc764_002.flac,train,潇湘水云1,孙毓芹,CD第4册\60\孙毓芹-潇湘水云1.wav,2447252,5089172,55.493,115.401,0.0075,-43.0944,0.0,0.0,0.5621,-20.4882
176dab99b0ddc764_003.flac,train,潇湘水云1,孙毓芹,CD第4册\60\孙毓芹-潇湘水云1.wav,4894505,7536425,110.987,170.894,0.0061,-44.4535,0.0,0.0,0.5802,-19.8365
176dab99b0ddc764_004.flac,train,潇湘水云1,孙毓芹,CD第4册\60\孙毓芹-潇湘水云1.wav,7341757,9983677,166.48,226.387,0.0033,-45.3149,0.0,0.0,0.6339,-18.4693
176dab99b0ddc764_005.flac,train,潇湘水云1,孙毓芹,CD第4册\60\孙毓芹-潇湘水云1.wav,9789010,12430930,221.973,281.88,0.0026,-43.8952,0.0,0.0,0.6894,-16.9682
176dab99b0ddc764_006.flac,train,潇湘水云1,孙毓芹,CD第4册\60\孙毓芹-潇湘水云1.wav,12236262,14878182,277.466,337.374,0.0021,-44.5547,0.0,0.0,0.694,-17.1936
176dab99b0ddc764_007.flac,train,潇湘水云1,孙毓芹,CD第4册\60\孙毓芹-潇湘水云1.wav,14683514,17325434,332.96,392.867,0.0011,-43.2267,0.0,0.0,0.6897,-15.2888
176dab99b0ddc764_008.flac,train,潇湘水云1,孙毓芹,CD第4册\60\孙毓芹-潇湘水云1.wav,17130767,19772687,388.453,448.36,0.0013,-43.9898,0.0,0.0,0.7133,-15.705
176dab99b0ddc764_009.flac,train,潇湘水云1,孙毓芹,CD第4册\60\孙毓芹-潇湘水云1.wav,19578019,22219939,443.946,503.853,0.0017,-44.7226,0.0,0.0,0.7033,-16.7702
176dab99b0ddc764_010.flac,train,潇湘水云1,孙毓芹,CD第4册\60\孙毓芹-潇湘水云1.wav,22025272,24667192,499.439,559.347,0.0019,-44.9431,0.0,0.0,0.7101,-16.9072
176dab99b0ddc764_011.flac,train,潇湘水云1,孙毓芹,CD第4册\60\孙毓芹-潇湘水云1.wav,24472524,27114444,554.933,614.84,0.004,-47.9526,0.0,0.0,0.6576,-18.8062
d2dacd7b5562e132_001.flac,train,潇湘水云2,孙毓芹,CD第4册\60\孙毓芹-潇湘水云2.wav,0,2641920,0.0,59.907,0.0094,-39.5285,0.0,0.0,0.5209,-17.8891
d2dacd7b5562e132_002.flac,train,潇湘水云2,孙毓芹,CD第4册\60\孙毓芹-潇湘水云2.wav,2474247,5116167,56.105,116.013,0.008,-30.4438,0.0,0.0,0.5007,-20.4866
d2dacd7b5562e132_003.flac,train,潇湘水云2,孙毓芹,CD第4册\60\孙毓芹-潇湘水云2.wav,4948495,7590415,112.211,172.118,0.0089,-31.3962,0.0,0.0,0.5137,-20.6167
d2dacd7b5562e132_004.flac,train,潇湘水云2,孙毓芹,CD第4册\60\孙毓芹-潇湘水云2.wav,7422742,10064662,168.316,228.224,0.0085,-35.4257,0.0,0.0,0.5601,-18.6946
d2dacd7b5562e132_005.flac,train,潇湘水云2,孙毓芹,CD第4册\60\孙毓芹-潇湘水云2.wav,9896989,12538909,224.422,284.329,0.006,-34.9477,0.0,0.0,0.6459,-17.2669
d2dacd7b5562e132_006.flac,train,潇湘水云2,孙毓芹,CD第4册\60\孙毓芹-潇湘水云2.wav,12371236,15013156,280.527,340.434,0.0081,-37.2213,0.0,0.0,0.6849,-17.8099
d2dacd7b5562e132_007.flac,train,潇湘水云2,孙毓芹,CD第4册\60\孙毓芹-潇湘水云2.wav,14845484,17487404,336.632,396.54,0.0061,-36.9655,0.0,0.0,0.6748,-17.1126
d2dacd7b5562e132_008.flac,train,潇湘水云2,孙毓芹,CD第4册\60\孙毓芹-潇湘水云2.wav,17319731,19961651,392.738,452.645,0.0078,-37.5707,0.0,0.0,0.7183,-17.3312
d2dacd7b5562e132_009.flac,train,潇湘水云2,孙毓芹,CD第4册\60\孙毓芹-潇湘水云2.wav,19793978,22435898,448.843,508.751,0.0068,-37.6104,0.0,0.0,0.7181,-16.3469
d2dacd7b5562e132_010.flac,train,潇湘水云2,孙毓芹,CD第4册\60\孙毓芹-潇湘水云2.wav,22268225,24910145,504.948,564.856,0.0068,-39.2747,0.0,0.0,0.6943,-15.9782
d2dacd7b5562e132_011.flac,train,潇湘水云2,孙毓芹,CD第4册\60\孙毓芹-潇湘水云2.wav,24742473,27384393,561.054,620.961,0.0069,-38.2981,0.0,0.0,0.6954,-16.5957
d2dacd7b5562e132_012.flac,train,潇湘水云2,孙毓芹,CD第4册\60\孙毓芹-潇湘水云2.wav,27216720,29858640,617.159,677.067,0.0075,-37.7162,0.0,0.0,0.5923,-17.6977
8dfc4e25a709d7b6_001.flac,train,玉楼春晓1,孙毓芹,CD第4册\60\孙毓芹-玉楼春晓1.wav,0,2641920,0.0,59.907,0.0799,-33.7805,0.0004,0.0334,0.5992,-15.9478
8dfc4e25a709d7b6_002.flac,train,玉楼春晓1,孙毓芹,CD第4册\60\孙毓芹-玉楼春晓1.wav,1471140,4113060,33.359,93.267,0.0703,-32.3766,0.0,0.0,0.6218,-15.3594
2771dfb471ee48b4_001.flac,train,玉楼春晓2,孙毓芹,CD第4册\60\孙毓芹-玉楼春晓2.wav,0,2641920,0.0,59.907,0.5046,-62.0989,0.0,0.0,0.1733,-17.0887
2771dfb471ee48b4_002.flac,train,玉楼春晓2,孙毓芹,CD第4册\60\孙毓芹-玉楼春晓2.wav,1598148,4240068,36.239,96.147,0.5125,-59.902,0.0,0.0,0.166,-19.2324
dec084e59e9fb061_001.flac,test,渔樵问答2,徐元白,CD第1册\CD10\徐元白-渔樵问答2.wav,0,2641920,0.0,59.907,0.5069,-71.623,0.0,0.0,0.3211,-19.7183
dec084e59e9fb061_002.flac,test,渔樵问答2,徐元白,CD第1册\CD10\徐元白-渔樵问答2.wav,2617183,5259103,59.347,119.254,0.498,-72.5256,0.0,0.0,0.405,-18.9774
dec084e59e9fb061_003.flac,test,渔樵问答2,徐元白,CD第1册\CD10\徐元白-渔樵问答2.wav,5234366,7876286,118.693,178.601,0.4878,-72.3407,0.0,0.0,0.4728,-18.6798
dec084e59e9fb061_004.flac,test,渔樵问答2,徐元白,CD第1册\CD10\徐元白-渔樵问答2.wav,7851549,10493469,178.04,237.947,0.4807,-74.8016,0.0,0.0,0.5029,-16.8767
dec084e59e9fb061_005.flac,test,渔樵问答2,徐元白,CD第1册\CD10\徐元白-渔樵问答2.wav,10468731,13110651,237.386,297.294,0.4673,-73.0538,0.0,0.0,0.5387,-17.6658
dec084e59e9fb061_006.flac,test,渔樵问答2,徐元白,CD第1册\CD10\徐元白-渔樵问答2.wav,13085914,15727834,296.733,356.64,0.4668,-72.0803,0.0,0.0,0.544,-17.9906
dec084e59e9fb061_007.flac,test,渔樵问答2,徐元白,CD第1册\CD10\徐元白-渔樵问答2.wav,15703097,18345017,356.079,415.987,0.4653,-74.8194,0.0,0.0,0.5234,-17.0068
dec084e59e9fb061_008.flac,test,渔樵问答2,徐元白,CD第1册\CD10\徐元白-渔樵问答2.wav,18320280,20962200,415.426,475.333,0.4911,-76.6218,0.0,0.0,0.432,-17.5395
1fa77948d0537ee1_001.flac,train,渔歌,徐元白,CD第1册\CD10\徐元白-渔歌.wav,0,2641920,0.0,59.907,0.1379,-50.299,0.0,0.0,0.5905,-20.6185
1fa77948d0537ee1_002.flac,train,渔歌,徐元白,CD第1册\CD10\徐元白-渔歌.wav,2566500,5208420,58.197,118.105,0.0966,-49.9062,0.0,0.0,0.6577,-21.1584
1fa77948d0537ee1_003.flac,train,渔歌,徐元白,CD第1册\CD10\徐元白-渔歌.wav,5133000,7774920,116.395,176.302,0.0727,-49.4143,0.0,0.0,0.7721,-20.2647
1fa77948d0537ee1_004.flac,train,渔歌,徐元白,CD第1册\CD10\徐元白-渔歌.wav,7699500,10341420,174.592,234.499,0.0619,-49.4693,0.0,0.0,0.8584,-19.6464
1fa77948d0537ee1_005.flac,train,渔歌,徐元白,CD第1册\CD10\徐元白-渔歌.wav,10266000,12907920,232.789,292.697,0.0503,-49.0078,0.0,0.0,0.8811,-18.1286
1fa77948d0537ee1_006.flac,train,渔歌,徐元白,CD第1册\CD10\徐元白-渔歌.wav,12832500,15474420,290.986,350.894,0.0618,-48.4744,0.0,0.0,0.8375,-20.7521
1fa77948d0537ee1_007.flac,train,渔歌,徐元白,CD第1册\CD10\徐元白-渔歌.wav,15399000,18040920,349.184,409.091,0.0625,-50.6707,0.0,0.0,0.8386,-19.4434
1fa77948d0537ee1_008.flac,train,渔歌,徐元白,CD第1册\CD10\徐元白-渔歌.wav,17965500,20607420,407.381,467.288,0.0679,-50.1963,0.0,0.0,0.8007,-22.6314
1fa77948d0537ee1_009.flac,train,渔歌,徐元白,CD第1册\CD10\徐元白-渔歌.wav,20532000,23173920,465.578,525.486,0.0571,-49.1215,0.0,0.0,0.7929,-18.9482
1fa77948d0537ee1_010.flac,train,渔歌,徐元白,CD第1册\CD10\徐元白-渔歌.wav,23098500,25740420,523.776,583.683,0.0527,-48.8181,0.0,0.0,0.832,-19.8627
1fa77948d0537ee1_011.flac,train,渔歌,徐元白,CD第1册\CD10\徐元白-渔歌.wav,25665000,28306920,581.973,641.88,0.0476,-44.3235,0.0,0.0,0.8789,-21.9497
1fa77948d0537ee1_012.flac,train,渔歌,徐元白,CD第1册\CD10\徐元白-渔歌.wav,28231500,30873420,640.17,700.078,0.0459,-44.4461,0.0,0.0,0.8791,-21.483
1fa77948d0537ee1_013.flac,train,渔歌,徐元白,CD第1册\CD10\徐元白-渔歌.wav,30798000,33439920,698.367,758.275,0.0432,-48.1202,0.0,0.0,0.9055,-19.9763
1fa77948d0537ee1_014.flac,train,渔歌,徐元白,CD第1册\CD10\徐元白-渔歌.wav,33364500,36006420,756.565,816.472,0.0452,-49.8208,0.0,0.0,0.85,-18.9474
1fa77948d0537ee1_015.flac,train,渔歌,徐元白,CD第1册\CD10\徐元白-渔歌.wav,35931000,38572920,814.762,874.669,0.0424,-50.7121,0.0,0.0,0.8544,-16.8223
1fa77948d0537ee1_016.flac,train,渔歌,徐元白,CD第1册\CD10\徐元白-渔歌.wav,38497500,41139420,872.959,932.867,0.0695,-51.7584,0.0,0.0,0.7088,-21.2856
2a6403579f2eddc6_001.flac,train,潇湘水云,徐元白,CD第1册\CD10\徐元白-潇湘水云.wav,0,2641920,0.0,59.907,0.1426,-57.8441,0.0,0.0,0.6461,-21.5555
2a6403579f2eddc6_002.flac,train,潇湘水云,徐元白,CD第1册\CD10\徐元白-潇湘水云.wav,2565637,5207557,58.178,118.085,0.0633,-50.731,0.0,0.0,0.8023,-19.1093
2a6403579f2eddc6_003.flac,train,潇湘水云,徐元白,CD第1册\CD10\徐元白-潇湘水云.wav,5131274,7773194,116.355,176.263,0.0824,-54.1689,0.0,0.0,0.8156,-19.3387
2a6403579f2eddc6_004.flac,train,潇湘水云,徐元白,CD第1册\CD10\徐元白-潇湘水云.wav,7696911,10338831,174.533,234.441,0.1393,-54.7548,0.0,0.0,0.8173,-22.6438
2a6403579f2eddc6_005.flac,train,潇湘水云,徐元白,CD第1册\CD10\徐元白-潇湘水云.wav,10262548,12904468,232.711,292.618,0.0665,-52.815,0.0,0.0,0.9629,-22.7659
2a6403579f2eddc6_006.flac,train,潇湘水云,徐元白,CD第1册\CD10\徐元白-潇湘水云.wav,12828185,15470105,290.889,350.796,0.0769,-54.9403,0.0,0.0,0.9117,-20.9794
2a6403579f2eddc6_007.flac,train,潇湘水云,徐元白,CD第1册\CD10\徐元白-潇湘水云.wav,15393822,18035742,349.066,408.974,0.0933,-56.0354,0.0,0.0,0.8484,-21.2178
2a6403579f2eddc6_008.flac,train,潇湘水云,徐元白,CD第1册\CD10\徐元白-潇湘水云.wav,17959459,20601379,407.244,467.151,0.0818,-56.4841,0.0,0.0,0.9008,-21.0515
2a6403579f2eddc6_009.flac,train,潇湘水云,徐元白,CD第1册\CD10\徐元白-潇湘水云.wav,20525096,23167016,465.422,525.329,0.0726,-55.0156,0.0,0.0,0.9057,-21.3097
2a6403579f2eddc6_010.flac,train,潇湘水云,徐元白,CD第1册\CD10\徐元白-潇湘水云.wav,23090733,25732653,523.599,583.507,0.06,-54.8,0.0,0.0,0.8715,-21.6181
2a6403579f2eddc6_011.flac,train,潇湘水云,徐元白,CD第1册\CD10\徐元白-潇湘水云.wav,25656370,28298290,581.777,641.685,0.0603,-55.3088,0.0,0.0,0.8821,-20.4698
2a6403579f2eddc6_012.flac,train,潇湘水云,徐元白,CD第1册\CD10\徐元白-潇湘水云.wav,28222007,30863927,639.955,699.862,0.084,-56.4475,0.0,0.0,0.8501,-19.6449
2a6403579f2eddc6_013.flac,train,潇湘水云,徐元白,CD第1册\CD10\徐元白-潇湘水云.wav,30787644,33429564,698.133,758.04,0.1364,-54.4819,0.0,0.0,0.7054,-21.7936
981f1fac18f58520_001.flac,train,平沙落雁,徐立孙,CD第2册\21\徐立孙-平沙落雁.wav,0,2641920,0.0,59.907,0.2868,-35.4402,0.0345,1.0349,0.7959,-22.4202
981f1fac18f58520_002.flac,train,平沙落雁,徐立孙,CD第2册\21\徐立孙-平沙落雁.wav,2079894,4721814,47.163,107.071,0.2096,-32.4661,0.082,1.9029,0.9234,-20.9758
981f1fac18f58520_003.flac,train,平沙落雁,徐立孙,CD第2册\21\徐立孙-平沙落雁.wav,4159788,6801708,94.326,154.234,0.1828,-32.6846,0.0738,1.6859,0.9986,-19.7647
981f1fac18f58520_004.flac,train,平沙落雁,徐立孙,CD第2册\21\徐立孙-平沙落雁.wav,6239682,8881602,141.489,201.397,0.1316,-31.5439,0.0537,1.0182,1.0954,-19.7005
981f1fac18f58520_005.flac,train,平沙落雁,徐立孙,CD第2册\21\徐立孙-平沙落雁.wav,8319576,10961496,188.653,248.56,0.0973,-31.3525,0.0523,0.7178,1.1336,-18.5875
d72fe99321786c91_001.flac,train,幽兰,徐立孙,CD第2册\21\徐立孙-幽兰.wav,0,2641920,0.0,59.907,0.1517,-47.9731,0.0,0.0,0.5779,-22.0387
d72fe99321786c91_002.flac,train,幽兰,徐立孙,CD第2册\21\徐立孙-幽兰.wav,2244880,4886800,50.904,110.812,0.0607,-42.6402,0.0,0.0,0.7057,-20.41
d72fe99321786c91_003.flac,train,幽兰,徐立孙,CD第2册\21\徐立孙-幽兰.wav,4489760,7131680,101.809,161.716,0.062,-40.6545,0.0,0.0,0.7981,-22.5239
d72fe99321786c91_004.flac,train,幽兰,徐立孙,CD第2册\21\徐立孙-幽兰.wav,6734640,9376560,152.713,212.62,0.0492,-39.5718,0.0,0.0,0.7464,-21.3381
d72fe99321786c91_005.flac,train,幽兰,徐立孙,CD第2册\21\徐立孙-幽兰.wav,8979520,11621440,203.617,263.525,0.0505,-38.8908,0.0,0.0,0.8176,-23.0983
d72fe99321786c91_006.flac,train,幽兰,徐立孙,CD第2册\21\徐立孙-幽兰.wav,11224400,13866320,254.522,314.429,0.0451,-37.9783,0.0,0.0,0.772,-22.2253
d72fe99321786c91_007.flac,train,幽兰,徐立孙,CD第2册\21\徐立孙-幽兰.wav,13469280,16111200,305.426,365.333,0.0503,-40.1607,0.0,0.0,0.8374,-22.8029
644eb8b9b131ac34_001.flac,validation,广陵散,徐立孙,CD第2册\21\徐立孙-广陵散.wav,0,2641920,0.0,59.907,0.0312,-46.8303,0.0,0.0,0.7334,-21.0543
644eb8b9b131ac34_002.flac,validation,广陵散,徐立孙,CD第2册\21\徐立孙-广陵散.wav,2495470,5137390,56.587,116.494,0.0104,-45.0362,0.0,0.0,0.8229,-19.6669
644eb8b9b131ac34_003.flac,validation,广陵散,徐立孙,CD第2册\21\徐立孙-广陵散.wav,4990940,7632860,113.173,173.081,0.0279,-48.571,0.0,0.0,0.7977,-20.261
644eb8b9b131ac34_004.flac,validation,广陵散,徐立孙,CD第2册\21\徐立孙-广陵散.wav,7486410,10128330,169.76,229.667,0.0123,-45.1352,0.0,0.0,0.8498,-19.0461
644eb8b9b131ac34_005.flac,validation,广陵散,徐立孙,CD第2册\21\徐立孙-广陵散.wav,9981880,12623800,226.346,286.254,0.0086,-44.5514,0.0,0.0,0.8589,-18.0784
644eb8b9b131ac34_006.flac,validation,广陵散,徐立孙,CD第2册\21\徐立孙-广陵散.wav,12477349,15119269,282.933,342.841,0.017,-45.9655,0.0,0.0,0.8287,-20.1171
644eb8b9b131ac34_007.flac,validation,广陵散,徐立孙,CD第2册\21\徐立孙-广陵散.wav,14972819,17614739,339.52,399.427,0.0226,-45.3986,0.0,0.0,0.8668,-25.1067
644eb8b9b131ac34_008.flac,validation,广陵散,徐立孙,CD第2册\21\徐立孙-广陵散.wav,17468289,20110209,396.106,456.014,0.0114,-43.1521,0.0,0.0,0.87,-20.6817
644eb8b9b131ac34_009.flac,validation,广陵散,徐立孙,CD第2册\21\徐立孙-广陵散.wav,19963759,22605679,452.693,512.6,0.0107,-44.1407,0.0,0.0,0.934,-19.0644
644eb8b9b131ac34_010.flac,validation,广陵散,徐立孙,CD第2册\21\徐立孙-广陵散.wav,22459229,25101149,509.28,569.187,0.0155,-44.4513,0.0,0.0,0.893,-20.0988
644eb8b9b131ac34_011.flac,validation,广陵散,徐立孙,CD第2册\21\徐立孙-广陵散.wav,24954699,27596619,565.866,625.774,0.0116,-44.9235,0.0,0.0,0.8605,-20.0609
644eb8b9b131ac34_012.flac,validation,广陵散,徐立孙,CD第2册\21\徐立孙-广陵散.wav,27450169,30092089,622.453,682.36,0.0228,-45.1926,0.0,0.0,0.8475,-23.1463
644eb8b9b131ac34_013.flac,validation,广陵散,徐立孙,CD第2册\21\徐立孙-广陵散.wav,29945639,32587559,679.039,738.947,0.0148,-43.895,0.0,0.0,0.8775,-22.1489
644eb8b9b131ac34_014.flac,validation,广陵散,徐立孙,CD第2册\21\徐立孙-广陵散.wav,32441108,35083028,735.626,795.534,0.0085,-41.9127,0.0,0.0,0.9524,-20.1634
644eb8b9b131ac34_015.flac,validation,广陵散,徐立孙,CD第2册\21\徐立孙-广陵散.wav,34936578,37578498,792.213,852.12,0.0059,-41.0588,0.0,0.0,0.9462,-18.5395
644eb8b9b131ac34_016.flac,validation,广陵散,徐立孙,CD第2册\21\徐立孙-广陵散.wav,37432048,40073968,848.799,908.707,0.0074,-41.8446,0.0,0.0,0.9313,-20.6118
644eb8b9b131ac34_017.flac,validation,广陵散,徐立孙,CD第2册\21\徐立孙-广陵散.wav,39927518,42569438,905.386,965.293,0.0077,-41.3602,0.0,0.0,0.9559,-20.2647
644eb8b9b131ac34_018.flac,validation,广陵散,徐立孙,CD第2册\21\徐立孙-广陵散.wav,42422988,45064908,961.973,1021.88,0.0103,-42.945,0.0,0.0,0.9153,-18.9636
223d4ae7902bf723_001.flac,validation,广陵散-残,徐立孙,CD第2册\21\徐立孙-广陵散-残.wav,0,2641920,0.0,59.907,0.004,-33.7787,0.0,0.0,0.8748,-18.8229
223d4ae7902bf723_002.flac,validation,广陵散-残,徐立孙,CD第2册\21\徐立孙-广陵散-残.wav,2618312,5260232,59.372,119.28,0.0042,-29.7065,0.0,0.0,0.9864,-18.0948
223d4ae7902bf723_003.flac,validation,广陵散-残,徐立孙,CD第2册\21\徐立孙-广陵散-残.wav,5236624,7878544,118.744,178.652,0.0039,-31.909,0.0,0.0,1.0075,-17.67
223d4ae7902bf723_004.flac,validation,广陵散-残,徐立孙,CD第2册\21\徐立孙-广陵散-残.wav,7854936,10496856,178.116,238.024,0.0037,-31.6315,0.0,0.0,0.9991,-17.8447
223d4ae7902bf723_005.flac,validation,广陵散-残,徐立孙,CD第2册\21\徐立孙-广陵散-残.wav,10473248,13115168,237.489,297.396,0.0046,-28.9385,0.0,0.0,1.0139,-19.335
223d4ae7902bf723_006.flac,validation,广陵散-残,徐立孙,CD第2册\21\徐立孙-广陵散-残.wav,13091560,15733480,296.861,356.768,0.0041,-28.6419,0.0,0.0,1.0889,-19.1784
223d4ae7902bf723_007.flac,validation,广陵散-残,徐立孙,CD第2册\21\徐立孙-广陵散-残.wav,15709872,18351792,356.233,416.14,0.0038,-30.7549,0.0,0.0,1.1365,-18.689
223d4ae7902bf723_008.flac,validation,广陵散-残,徐立孙,CD第2册\21\徐立孙-广陵散-残.wav,18328184,20970104,415.605,475.513,0.0052,-30.5686,0.0,0.0,1.0657,-19.5323
223d4ae7902bf723_009.flac,validation,广陵散-残,徐立孙,CD第2册\21\徐立孙-广陵散-残.wav,20946496,23588416,474.977,534.885,0.0093,-31.3906,0.0,0.0,0.9998,-19.327
223d4ae7902bf723_010.flac,validation,广陵散-残,徐立孙,CD第2册\21\徐立孙-广陵散-残.wav,23564808,26206728,534.349,594.257,0.0018,-27.6127,0.0,0.0,1.0753,-18.8201
223d4ae7902bf723_011.flac,validation,广陵散-残,徐立孙,CD第2册\21\徐立孙-广陵散-残.wav,26183120,28825040,593.722,653.629,0.0009,-28.6216,0.0,0.0,1.0979,-18.3687
223d4ae7902bf723_012.flac,validation,广陵散-残,徐立孙,CD第2册\21\徐立孙-广陵散-残.wav,28801432,31443352,653.094,713.001,0.0013,-29.6804,0.0,0.0,1.1473,-19.6223
223d4ae7902bf723_013.flac,validation,广陵散-残,徐立孙,CD第2册\21\徐立孙-广陵散-残.wav,31419744,34061664,712.466,772.373,0.0028,-30.4521,0.0,0.0,1.0936,-20.0346
de7aa9a472aaf6ca_001.flac,train,搔首问天1,徐立孙,CD第2册\21\徐立孙-搔首问天1.wav,0,2641920,0.0,59.907,0.012,-35.7208,0.0,0.0,1.0206,-24.6442
de7aa9a472aaf6ca_002.flac,train,搔首问天1,徐立孙,CD第2册\21\徐立孙-搔首问天1.wav,2416671,5058591,54.8,114.707,0.0087,-32.2939,0.0,0.0,1.1863,-21.545
de7aa9a472aaf6ca_003.flac,train,搔首问天1,徐立孙,CD第2册\21\徐立孙-搔首问天1.wav,4833342,7475262,109.6,169.507,0.0075,-34.2332,0.0,0.0,1.3237,-20.4893
de7aa9a472aaf6ca_004.flac,train,搔首问天1,徐立孙,CD第2册\21\徐立孙-搔首问天1.wav,7250013,9891933,164.399,224.307,0.0054,-34.4823,0.0,0.0,1.3048,-21.4197
de7aa9a472aaf6ca_005.flac,train,搔首问天1,徐立孙,CD第2册\21\徐立孙-搔首问天1.wav,9666684,12308604,219.199,279.107,0.0044,-32.1459,0.0,0.0,1.4197,-22.8957
e5ebb13d38f7b047_001.flac,test,桃源春晓,杨葆元,CD第2册\27\杨葆元-桃源春晓.wav,0,2641920,0.0,59.907,0.11,-53.1891,0.0002,0.0167,0.6379,-15.7627
e5ebb13d38f7b047_002.flac,test,桃源春晓,杨葆元,CD第2册\27\杨葆元-桃源春晓.wav,2484211,5126131,56.331,116.239,0.0521,-51.1944,0.0,0.0,0.8413,-14.8284
e5ebb13d38f7b047_003.flac,test,桃源春晓,杨葆元,CD第2册\27\杨葆元-桃源春晓.wav,4968422,7610342,112.663,172.57,0.0321,-49.6212,0.0,0.0,0.8806,-14.1926
e5ebb13d38f7b047_004.flac,test,桃源春晓,杨葆元,CD第2册\27\杨葆元-桃源春晓.wav,7452633,10094553,168.994,228.901,0.0494,-50.259,0.0,0.0,0.8533,-15.9191
e5ebb13d38f7b047_005.flac,test,桃源春晓,杨葆元,CD第2册\27\杨葆元-桃源春晓.wav,9936843,12578763,225.325,285.233,0.0304,-50.0944,0.0,0.0,0.9299,-12.4252
e5ebb13d38f7b047_006.flac,test,桃源春晓,杨葆元,CD第2册\27\杨葆元-桃源春晓.wav,12421054,15062974,281.657,341.564,0.0276,-49.3682,0.0,0.0,0.9419,-13.8519
e5ebb13d38f7b047_007.flac,test,桃源春晓,杨葆元,CD第2册\27\杨葆元-桃源春晓.wav,14905265,17547185,337.988,397.895,0.0567,-51.9787,0.0,0.0,0.8379,-13.5865
e5ebb13d38f7b047_008.flac,test,桃源春晓,杨葆元,CD第2册\27\杨葆元-桃源春晓.wav,17389476,20031396,394.319,454.227,0.0824,-54.1929,0.0,0.0,0.6922,-14.857
f287213b3787941c_001.flac,train,水仙操1,杨葆元,CD第2册\27\杨葆元-水仙操1.wav,0,2641920,0.0,59.907,0.4529,-59.4402,0.0,0.0,0.4604,-24.1561
f287213b3787941c_002.flac,train,水仙操1,杨葆元,CD第2册\27\杨葆元-水仙操1.wav,2484753,5126673,56.344,116.251,0.4402,-54.6528,0.0,0.0,0.4611,-24.0997
f287213b3787941c_003.flac,train,水仙操1,杨葆元,CD第2册\27\杨葆元-水仙操1.wav,4969507,7611427,112.687,172.595,0.2334,-54.7372,0.0,0.0,0.6072,-21.9133
f287213b3787941c_004.flac,train,水仙操1,杨葆元,CD第2册\27\杨葆元-水仙操1.wav,7454260,10096180,169.031,228.938,0.0984,-57.2901,0.0,0.0,0.7444,-20.2417
f287213b3787941c_005.flac,train,水仙操1,杨葆元,CD第2册\27\杨葆元-水仙操1.wav,9939013,12580933,225.374,285.282,0.0465,-57.6741,0.0,0.0,0.8798,-19.3936
f287213b3787941c_006.flac,train,水仙操1,杨葆元,CD第2册\27\杨葆元-水仙操1.wav,12423767,15065687,281.718,341.626,0.0242,-56.6038,0.0,0.0,0.9863,-18.7365
f287213b3787941c_007.flac,train,水仙操1,杨葆元,CD第2册\27\杨葆元-水仙操1.wav,14908520,17550440,338.062,397.969,0.0144,-54.9548,0.0,0.0,0.9914,-18.0763
f287213b3787941c_008.flac,train,水仙操1,杨葆元,CD第2册\27\杨葆元-水仙操1.wav,17393273,20035193,394.405,454.313,0.0144,-56.3143,0.0,0.0,0.9357,-18.0383
f287213b3787941c_009.flac,train,水仙操1,杨葆元,CD第2册\27\杨葆元-水仙操1.wav,19878027,22519947,450.749,510.656,0.0211,-57.9828,0.0,0.0,0.9804,-19.1739
f287213b3787941c_010.flac,train,水仙操1,杨葆元,CD第2册\27\杨葆元-水仙操1.wav,22362780,25004700,507.093,567.0,0.2114,-59.0405,0.0,0.0,0.6525,-22.7597
c8e882f1c86d3097_001.flac,train,水仙操2,杨葆元,CD第2册\27\杨葆元-水仙操2.wav,0,2641920,0.0,59.907,0.2444,-32.9907,0.115,3.3218,0.504,-26.5149
c8e882f1c86d3097_002.flac,train,水仙操2,杨葆元,CD第2册\27\杨葆元-水仙操2.wav,2425569,5067489,55.002,114.909,0.2406,-25.9346,0.3237,5.8924,0.6146,-24.4213
c8e882f1c86d3097_003.flac,train,水仙操2,杨葆元,CD第2册\27\杨葆元-水仙操2.wav,4851138,7493058,110.003,169.911,0.2191,-22.2549,0.3091,5.7923,0.7246,-22.9079
c8e882f1c86d3097_004.flac,train,水仙操2,杨葆元,CD第2册\27\杨葆元-水仙操2.wav,7276707,9918627,165.005,224.912,0.2169,-20.8928,0.2999,4.7073,0.8146,-22.3443
c8e882f1c86d3097_005.flac,train,水仙操2,杨葆元,CD第2册\27\杨葆元-水仙操2.wav,9702276,12344196,220.006,279.914,0.184,-23.0254,0.1862,3.7057,0.8541,-22.1144
c8e882f1c86d3097_006.flac,train,水仙操2,杨葆元,CD第2册\27\杨葆元-水仙操2.wav,12127845,14769765,275.008,334.915,0.207,-20.9055,0.317,4.8241,0.9283,-19.9619
c8e882f1c86d3097_007.flac,train,水仙操2,杨葆元,CD第2册\27\杨葆元-水仙操2.wav,14553414,17195334,330.009,389.917,0.2356,-21.6746,0.3794,5.3916,0.888,-21.2543
c8e882f1c86d3097_008.flac,train,水仙操2,杨葆元,CD第2册\27\杨葆元-水仙操2.wav,16978983,19620903,385.011,444.918,0.2193,-23.6033,0.2844,3.7391,0.85,-23.4062
c8e882f1c86d3097_009.flac,train,水仙操2,杨葆元,CD第2册\27\杨葆元-水仙操2.wav,19404552,22046472,440.013,499.92,0.2278,-29.2047,0.1496,3.2884,0.6906,-24.8578
07ca683b34941456_001.flac,test,渔樵问答,杨葆元,CD第2册\27\杨葆元-渔樵问答.wav,0,2641920,0.0,59.907,0.1321,-53.6009,0.0,0.0,0.4881,-19.4816
07ca683b34941456_002.flac,test,渔樵问答,杨葆元,CD第2册\27\杨葆元-渔樵问答.wav,2378692,5020612,53.939,113.846,0.0382,-53.7836,0.0,0.0,0.7366,-18.3701
07ca683b34941456_003.flac,test,渔樵问答,杨葆元,CD第2册\27\杨葆元-渔樵问答.wav,4757383,7399303,107.877,167.785,0.0286,-53.7321,0.0,0.0,0.7806,-18.847
07ca683b34941456_004.flac,test,渔樵问答,杨葆元,CD第2册\27\杨葆元-渔樵问答.wav,7136075,9777995,161.816,221.723,0.0194,-56.1937,0.0,0.0,0.7824,-13.9461
07ca683b34941456_005.flac,test,渔樵问答,杨葆元,CD第2册\27\杨葆元-渔樵问答.wav,9514766,12156686,215.754,275.662,0.0121,-53.1739,0.0,0.0,0.8441,-15.8743
07ca683b34941456_006.flac,test,渔樵问答,杨葆元,CD第2册\27\杨葆元-渔樵问答.wav,11893458,14535378,269.693,329.6,0.0176,-54.1524,0.0,0.0,0.8509,-16.7857
07ca683b34941456_007.flac,test,渔樵问答,杨葆元,CD第2册\27\杨葆元-渔樵问答.wav,14272150,16914070,323.632,383.539,0.0153,-53.5283,0.0,0.0,0.9091,-15.0894
07ca683b34941456_008.flac,test,渔樵问答,杨葆元,CD第2册\27\杨葆元-渔樵问答.wav,16650841,19292761,377.57,437.478,0.0145,-53.9582,0.0,0.0,0.8884,-14.7113
07ca683b34941456_009.flac,test,渔樵问答,杨葆元,CD第2册\27\杨葆元-渔樵问答.wav,19029533,21671453,431.509,491.416,0.0188,-55.5014,0.0,0.0,0.8407,-13.0571
07ca683b34941456_010.flac,test,渔樵问答,杨葆元,CD第2册\27\杨葆元-渔樵问答.wav,21408224,24050144,485.447,545.355,0.0395,-56.4866,0.0,0.0,0.6808,-16.4713
07ca683b34941456_011.flac,test,渔樵问答,杨葆元,CD第2册\27\杨葆元-渔樵问答.wav,23786916,26428836,539.386,599.293,0.0621,-56.4814,0.0,0.0,0.6225,-19.1135
cdf220619c1f18fb_001.flac,validation,关山月,查阜西,CD第1册\CD11\查阜西-关山月.wav,0,2641920,0.0,59.907,0.0382,-34.818,0.0,0.0,0.7297,-18.7454
cdf220619c1f18fb_002.flac,validation,关山月,查阜西,CD第1册\CD11\查阜西-关山月.wav,1973316,4615236,44.746,104.654,0.0235,-32.6882,0.0,0.0,0.7921,-16.8458
cdf220619c1f18fb_003.flac,validation,关山月,查阜西,CD第1册\CD11\查阜西-关山月.wav,3946632,6588552,89.493,149.4,0.0196,-30.6719,0.0,0.0,0.8049,-15.6818
cdf220619c1f18fb_004.flac,validation,关山月,查阜西,CD第1册\CD11\查阜西-关山月.wav,5919948,8561868,134.239,194.147,0.0249,-31.3332,0.0,0.0,0.7454,-16.2627
195722f79f1b87c0_001.flac,train,凯歌,查阜西,CD第1册\CD11\查阜西-凯歌.wav,0,2641920,0.0,59.907,0.1072,-42.8898,0.0054,0.1669,0.6543,-14.8347
195722f79f1b87c0_002.flac,train,凯歌,查阜西,CD第1册\CD11\查阜西-凯歌.wav,2441604,5083524,55.365,115.273,0.091,-40.0322,0.0076,0.3505,0.7257,-14.6944
195722f79f1b87c0_003.flac,train,凯歌,查阜西,CD第1册\CD11\查阜西-凯歌.wav,4883208,7525128,110.73,170.638,0.0923,-39.9131,0.0159,0.434,0.7882,-15.1064
195722f79f1b87c0_004.flac,train,凯歌,查阜西,CD第1册\CD11\查阜西-凯歌.wav,7324812,9966732,166.096,226.003,0.0676,-37.9014,0.0058,0.2671,0.7999,-13.5818
195722f79f1b87c0_005.flac,train,凯歌,查阜西,CD第1册\CD11\查阜西-凯歌.wav,9766416,12408336,221.461,281.368,0.096,-39.3547,0.0149,0.5008,0.8096,-14.2082
195722f79f1b87c0_006.flac,train,凯歌,查阜西,CD第1册\CD11\查阜西-凯歌.wav,12208020,14849940,276.826,336.733,0.0871,-38.5689,0.0134,0.651,0.7041,-13.8906
abf938911d2b6091_001.flac,train,梅花三弄,查阜西,CD第1册\CD11\查阜西-梅花三弄.wav,0,2641920,0.0,59.907,0.0452,-41.9064,0.0,0.0,0.7944,-15.095
abf938911d2b6091_002.flac,train,梅花三弄,查阜西,CD第1册\CD11\查阜西-梅花三弄.wav,2552373,5194293,57.877,117.784,0.0296,-43.6809,0.0,0.0,0.931,-16.0371
abf938911d2b6091_003.flac,train,梅花三弄,查阜西,CD第1册\CD11\查阜西-梅花三弄.wav,5104747,7746667,115.754,175.661,0.024,-42.5573,0.0,0.0,0.9461,-16.5492
abf938911d2b6091_004.flac,train,梅花三弄,查阜西,CD第1册\CD11\查阜西-梅花三弄.wav,7657120,10299040,173.631,233.538,0.0089,-39.6874,0.0,0.0,1.0546,-13.8756
abf938911d2b6091_005.flac,train,梅花三弄,查阜西,CD第1册\CD11\查阜西-梅花三弄.wav,10209493,12851413,231.508,291.415,0.0154,-42.2225,0.0,0.0,0.9495,-14.3835
abf938911d2b6091_006.flac,train,梅花三弄,查阜西,CD第1册\CD11\查阜西-梅花三弄.wav,12761867,15403787,289.385,349.292,0.007,-34.7651,0.0,0.0,1.0329,-13.8448
abf938911d2b6091_007.flac,train,梅花三弄,查阜西,CD第1册\CD11\查阜西-梅花三弄.wav,15314240,17956160,347.262,407.169,0.0087,-36.7044,0.0,0.0,0.9911,-14.3799
abf938911d2b6091_008.flac,train,梅花三弄,查阜西,CD第1册\CD11\查阜西-梅花三弄.wav,17866613,20508533,405.139,465.046,0.0169,-43.2121,0.0,0.0,0.9138,-15.7564
abf938911d2b6091_009.flac,train,梅花三弄,查阜西,CD第1册\CD11\查阜西-梅花三弄.wav,20418987,23060907,463.016,522.923,0.0113,-39.1674,0.0,0.0,0.8882,-17.5227
abf938911d2b6091_010.flac,train,梅花三弄,查阜西,CD第1册\CD11\查阜西-梅花三弄.wav,22971360,25613280,520.893,580.8,0.225,-50.4998,0.0,0.0,0.6801,-19.1885
91faad20490cb435_001.flac,test,洞庭秋思,查阜西,CD第1册\CD11\查阜西-洞庭秋思.wav,0,2641920,0.0,59.907,0.1082,-39.0165,0.0,0.0,0.5381,-26.2656
91faad20490cb435_002.flac,test,洞庭秋思,查阜西,CD第1册\CD11\查阜西-洞庭秋思.wav,2464688,5106608,55.889,115.796,0.038,-36.0056,0.0,0.0,0.6487,-24.9899
91faad20490cb435_003.flac,test,洞庭秋思,查阜西,CD第1册\CD11\查阜西-洞庭秋思.wav,4929376,7571296,111.777,171.685,0.0381,-37.6344,0.0,0.0,0.6555,-23.4925
91faad20490cb435_004.flac,test,洞庭秋思,查阜西,CD第1册\CD11\查阜西-洞庭秋思.wav,7394064,10035984,167.666,227.573,0.0982,-39.5046,0.0,0.0,0.5281,-26.2111
ef0420589717eab3_001.flac,train,长门怨,查阜西,CD第1册\CD11\查阜西-长门怨.wav,0,2641920,0.0,59.907,0.199,-51.2085,0.0025,0.1002,0.292,-22.47
ef0420589717eab3_002.flac,train,长门怨,查阜西,CD第1册\CD11\查阜西-长门怨.wav,2121379,4763299,48.104,108.011,0.2036,-50.2428,0.0021,0.1335,0.3021,-22.9548
ef0420589717eab3_003.flac,train,长门怨,查阜西,CD第1册\CD11\查阜西-长门怨.wav,4242758,6884678,96.208,156.115,0.2062,-50.2925,0.0006,0.0167,0.3069,-22.7993
ef0420589717eab3_004.flac,train,长门怨,查阜西,CD第1册\CD11\查阜西-长门怨.wav,6364138,9006058,144.312,204.219,0.1961,-48.8848,0.0006,0.0501,0.4083,-22.6477
ef0420589717eab3_005.flac,train,长门怨,查阜西,CD第1册\CD11\查阜西-长门怨.wav,8485517,11127437,192.415,252.323,0.1942,-51.8721,0.0,0.0,0.3988,-21.3823
ef0420589717eab3_006.flac,train,长门怨,查阜西,CD第1册\CD11\查阜西-长门怨.wav,10606896,13248816,240.519,300.427,0.1921,-53.1928,0.0,0.0,0.3413,-20.8682
4ead02fbe59ae512_001.flac,train,鸥鹭忘机,查阜西,CD第1册\CD11\查阜西-鸥鹭忘机.wav,0,2641920,0.0,59.907,0.0741,-40.3355,0.0,0.0,0.7622,-23.1435
4ead02fbe59ae512_002.flac,train,鸥鹭忘机,查阜西,CD第1册\CD11\查阜西-鸥鹭忘机.wav,2332942,4974862,52.901,112.809,0.0725,-40.2182,0.0,0.0,0.8236,-23.2605
4ead02fbe59ae512_003.flac,train,鸥鹭忘机,查阜西,CD第1册\CD11\查阜西-鸥鹭忘机.wav,4665883,7307803,105.802,165.71,0.041,-39.2067,0.0,0.0,0.8788,-22.4845
4ead02fbe59ae512_004.flac,train,鸥鹭忘机,查阜西,CD第1册\CD11\查阜西-鸥鹭忘机.wav,6998825,9640745,158.704,218.611,0.0331,-38.3419,0.0,0.0,0.9472,-22.3997
4ead02fbe59ae512_005.flac,train,鸥鹭忘机,查阜西,CD第1册\CD11\查阜西-鸥鹭忘机.wav,9331766,11973686,211.605,271.512,0.0229,-36.4904,0.0,0.0,0.942,-22.997
4ead02fbe59ae512_006.flac,train,鸥鹭忘机,查阜西,CD第1册\CD11\查阜西-鸥鹭忘机.wav,11664708,14306628,264.506,324.413,0.06,-43.5327,0.0,0.0,0.8325,-23.3121
658702fdde305a1d_001.flac,validation,关山月,管平湖,CD第1册\CD14\管平湖-关山月.wav,0,2641920,0.0,59.907,0.0065,-34.8268,0.0,0.0,0.9042,-14.0836
658702fdde305a1d_002.flac,validation,关山月,管平湖,CD第1册\CD14\管平湖-关山月.wav,2290536,4932456,51.94,111.847,0.003,-32.3245,0.0,0.0,0.8712,-12.7547
658702fdde305a1d_003.flac,validation,关山月,管平湖,CD第1册\CD14\管平湖-关山月.wav,4581072,7222992,103.879,163.787,0.0027,-31.809,0.0,0.0,0.8466,-12.8461
6e42dec6ed509329_001.flac,train,回忆,管平湖,CD第1册\CD16\管平湖-回忆.wav,0,2641920,0.0,59.907,0.093,-39.6082,0.0097,0.1335,0.8037,-13.8796
6e42dec6ed509329_002.flac,train,回忆,管平湖,CD第1册\CD16\管平湖-回忆.wav,2571876,5213796,58.319,118.227,0.0988,-41.0205,0.0014,0.0668,0.7837,-13.2639
90e009e4af87a4a1_001.flac,train,大胡笳,管平湖,CD第1册\CD14\管平湖-大胡笳.wav,0,2641920,0.0,59.907,0.0763,-57.9552,0.0,0.0,0.7342,-16.2282
90e009e4af87a4a1_002.flac,train,大胡笳,管平湖,CD第1册\CD14\管平湖-大胡笳.wav,2490569,5132489,56.475,116.383,0.0516,-56.5101,0.0,0.0,0.8066,-16.0547
90e009e4af87a4a1_003.flac,train,大胡笳,管平湖,CD第1册\CD14\管平湖-大胡笳.wav,4981138,7623058,112.951,172.858,0.0534,-55.3273,0.0,0.0,0.8209,-16.3144
90e009e4af87a4a1_004.flac,train,大胡笳,管平湖,CD第1册\CD14\管平湖-大胡笳.wav,7471707,10113627,169.426,229.334,0.0386,-55.6111,0.0,0.0,0.8636,-15.9389
90e009e4af87a4a1_005.flac,train,大胡笳,管平湖,CD第1册\CD14\管平湖-大胡笳.wav,9962276,12604196,225.902,285.809,0.047,-56.0962,0.0,0.0,0.9068,-15.9855
90e009e4af87a4a1_006.flac,train,大胡笳,管平湖,CD第1册\CD14\管平湖-大胡笳.wav,12452845,15094765,282.377,342.285,0.0444,-56.017,0.0,0.0,0.8727,-16.718
90e009e4af87a4a1_007.flac,train,大胡笳,管平湖,CD第1册\CD14\管平湖-大胡笳.wav,14943414,17585334,338.853,398.76,0.033,-53.9472,0.0,0.0,0.929,-16.1597
90e009e4af87a4a1_008.flac,train,大胡笳,管平湖,CD第1册\CD14\管平湖-大胡笳.wav,17433983,20075903,395.328,455.236,0.0372,-55.6863,0.0,0.0,0.9419,-15.3917
90e009e4af87a4a1_009.flac,train,大胡笳,管平湖,CD第1册\CD14\管平湖-大胡笳.wav,19924552,22566472,451.804,511.711,0.0257,-54.8061,0.0,0.0,0.8629,-14.85
90e009e4af87a4a1_010.flac,train,大胡笳,管平湖,CD第1册\CD14\管平湖-大胡笳.wav,22415121,25057041,508.279,568.187,0.0334,-54.2769,0.0,0.0,0.9189,-15.7526
90e009e4af87a4a1_011.flac,train,大胡笳,管平湖,CD第1册\CD14\管平湖-大胡笳.wav,24905690,27547610,564.755,624.662,0.042,-54.768,0.0,0.0,0.999,-16.0144
90e009e4af87a4a1_012.flac,train,大胡笳,管平湖,CD第1册\CD14\管平湖-大胡笳.wav,27396259,30038179,621.23,681.138,0.0481,-56.3806,0.0,0.0,0.9199,-15.485
90e009e4af87a4a1_013.flac,train,大胡笳,管平湖,CD第1册\CD14\管平湖-大胡笳.wav,29886828,32528748,677.706,737.613,0.1454,-57.5804,0.0,0.0,0.6859,-17.0581
afabe4a72b2ac48d_001.flac,train,平沙落雁1,管平湖,CD第1册\CD18\管平湖-平沙落雁1.wav,0,2641920,0.0,59.907,0.1771,-41.8838,0.0211,0.7345,0.6077,-17.4306
afabe4a72b2ac48d_002.flac,train,平沙落雁1,管平湖,CD第1册\CD18\管平湖-平沙落雁1.wav,2501738,5143658,56.729,116.636,0.1164,-34.1883,0.0161,0.7011,0.8066,-15.5353
afabe4a72b2ac48d_003.flac,train,平沙落雁1,管平湖,CD第1册\CD18\管平湖-平沙落雁1.wav,5003476,7645396,113.458,173.365,0.1508,-34.0384,0.0308,0.9348,0.8937,-15.4149
afabe4a72b2ac48d_004.flac,train,平沙落雁1,管平湖,CD第1册\CD18\管平湖-平沙落雁1.wav,7505214,10147134,170.186,230.094,0.1294,-33.572,0.031,0.9348,0.9331,-15.0952
afabe4a72b2ac48d_005.flac,train,平沙落雁1,管平湖,CD第1册\CD18\管平湖-平沙落雁1.wav,10006952,12648872,226.915,286.822,0.1251,-33.6712,0.0182,0.7178,0.8972,-14.5068
afabe4a72b2ac48d_006.flac,train,平沙落雁1,管平湖,CD第1册\CD18\管平湖-平沙落雁1.wav,12508690,15150610,283.644,343.551,0.1398,-37.2798,0.031,0.3338,0.764,-13.9386
afabe4a72b2ac48d_007.flac,train,平沙落雁1,管平湖,CD第1册\CD18\管平湖-平沙落雁1.wav,15010428,17652348,340.373,400.28,0.1892,-36.8993,0.0577,0.6844,0.6726,-15.9208
edc98c643f4f2ee0_001.flac,train,平沙落雁2,管平湖,CD第1册\CD18\管平湖-平沙落雁2.wav,0,2641920,0.0,59.907,0.1268,-40.395,0.009,0.4006,0.6409,-23.2225
edc98c643f4f2ee0_002.flac,train,平沙落雁2,管平湖,CD第1册\CD18\管平湖-平沙落雁2.wav,2536626,5178546,57.52,117.427,0.0896,-33.134,0.0087,0.434,0.8193,-20.4586
edc98c643f4f2ee0_003.flac,train,平沙落雁2,管平湖,CD第1册\CD18\管平湖-平沙落雁2.wav,5073252,7715172,115.04,174.947,0.0885,-34.2664,0.0048,0.2337,0.9022,-18.8738
edc98c643f4f2ee0_004.flac,train,平沙落雁2,管平湖,CD第1册\CD18\管平湖-平沙落雁2.wav,7609878,10251798,172.56,232.467,0.0761,-34.2306,0.0041,0.2671,0.9132,-18.5442
edc98c643f4f2ee0_005.flac,train,平沙落雁2,管平湖,CD第1册\CD18\管平湖-平沙落雁2.wav,10146504,12788424,230.079,289.987,0.082,-32.5901,0.0061,0.3338,0.8685,-19.3845
edc98c643f4f2ee0_006.flac,train,平沙落雁2,管平湖,CD第1册\CD18\管平湖-平沙落雁2.wav,12683130,15325050,287.599,347.507,0.117,-35.3726,0.0094,0.434,0.7689,-20.8588
edc98c643f4f2ee0_007.flac,train,平沙落雁2,管平湖,CD第1册\CD18\管平湖-平沙落雁2.wav,15219756,17861676,345.119,405.027,0.1042,-38.0641,0.0095,0.4173,0.7576,-21.1681
2dd2fefd43796977_001.flac,validation,广陵散1,管平湖,CD第1册\CD15\管平湖-广陵散1.wav,0,2641920,0.0,59.907,0.344,-38.1239,0.0773,0.9515,0.6357,-29.0601
2dd2fefd43796977_002.flac,validation,广陵散1,管平湖,CD第1册\CD15\管平湖-广陵散1.wav,2596072,5237992,58.868,118.775,0.1596,-35.3286,0.0271,0.4173,0.7107,-28.489
2dd2fefd43796977_003.flac,validation,广陵散1,管平湖,CD第1册\CD15\管平湖-广陵散1.wav,5192144,7834064,117.736,177.643,0.1552,-34.7827,0.0601,0.6343,0.785,-28.4273
2dd2fefd43796977_004.flac,validation,广陵散1,管平湖,CD第1册\CD15\管平湖-广陵散1.wav,7788215,10430135,176.604,236.511,0.174,-37.9285,0.0198,0.5508,0.9085,-27.9384
2dd2fefd43796977_005.flac,validation,广陵散1,管平湖,CD第1册\CD15\管平湖-广陵散1.wav,10384287,13026207,235.471,295.379,0.1402,-34.843,0.0298,0.5175,0.8484,-26.7209
2dd2fefd43796977_006.flac,validation,广陵散1,管平湖,CD第1册\CD15\管平湖-广陵散1.wav,12980359,15622279,294.339,354.247,0.1075,-35.5782,0.0205,0.2504,0.9422,-26.365
2dd2fefd43796977_007.flac,validation,广陵散1,管平湖,CD第1册\CD15\管平湖-广陵散1.wav,15576431,18218351,353.207,413.115,0.1321,-36.8559,0.008,0.1502,0.9498,-26.9504
2dd2fefd43796977_008.flac,validation,广陵散1,管平湖,CD第1册\CD15\管平湖-广陵散1.wav,18172503,20814423,412.075,471.982,0.1535,-35.508,0.0326,0.5842,1.057,-28.2882
2dd2fefd43796977_009.flac,validation,广陵散1,管平湖,CD第1册\CD15\管平湖-广陵散1.wav,20768575,23410495,470.943,530.85,0.1679,-35.774,0.0074,0.3005,1.124,-29.7346
2dd2fefd43796977_010.flac,validation,广陵散1,管平湖,CD第1册\CD15\管平湖-广陵散1.wav,23364646,26006566,529.811,589.718,0.4064,-33.461,0.2388,2.3202,0.5046,-29.0115
2dd2fefd43796977_011.flac,validation,广陵散1,管平湖,CD第1册\CD15\管平湖-广陵散1.wav,25960718,28602638,588.678,648.586,0.4234,-33.5926,0.233,1.8695,0.4863,-27.887
2dd2fefd43796977_012.flac,validation,广陵散1,管平湖,CD第1册\CD15\管平湖-广陵散1.wav,28556790,31198710,647.546,707.454,0.1175,-34.6456,0.0662,0.4674,0.9778,-24.2802
2dd2fefd43796977_013.flac,validation,广陵散1,管平湖,CD第1册\CD15\管平湖-广陵散1.wav,31152862,33794782,706.414,766.322,0.1483,-35.2188,0.0206,0.3839,0.9482,-26.4877
2dd2fefd43796977_014.flac,validation,广陵散1,管平湖,CD第1册\CD15\管平湖-广陵散1.wav,33748934,36390854,765.282,825.189,0.1233,-37.2197,0.0052,0.1669,0.9213,-24.4354
2dd2fefd43796977_015.flac,validation,广陵散1,管平湖,CD第1册\CD15\管平湖-广陵散1.wav,36345005,38986925,824.15,884.057,0.0945,-35.2994,0.0017,0.1168,0.9718,-24.5934
2dd2fefd43796977_016.flac,validation,广陵散1,管平湖,CD第1册\CD15\管平湖-广陵散1.wav,38941077,41582997,883.018,942.925,0.1169,-35.9045,0.0016,0.1002,1.2114,-26.2916
2dd2fefd43796977_017.flac,validation,广陵散1,管平湖,CD第1册\CD15\管平湖-广陵散1.wav,41537149,44179069,941.885,1001.793,0.1385,-36.3539,0.0143,0.3839,0.9369,-25.7058
2dd2fefd43796977_018.flac,validation,广陵散1,管平湖,CD第1册\CD15\管平湖-广陵散1.wav,44133221,46775141,1000.753,1060.661,0.0862,-36.1512,0.0027,0.1669,1.1278,-23.3951
2dd2fefd43796977_019.flac,validation,广陵散1,管平湖,CD第1册\CD15\管平湖-广陵散1.wav,46729293,49371213,1059.621,1119.529,0.0914,-35.5761,0.0023,0.1168,1.0654,-23.1736
2dd2fefd43796977_020.flac,validation,广陵散1,管平湖,CD第1册\CD15\管平湖-广陵散1.wav,49325365,51967285,1118.489,1178.396,0.0986,-36.7857,0.0008,0.0334,1.0743,-22.7322
2dd2fefd43796977_021.flac,validation,广陵散1,管平湖,CD第1册\CD15\管平湖-广陵散1.wav,51921436,54563356,1177.357,1237.264,0.0824,-34.8156,0.0116,0.3005,1.181,-23.8586
2dd2fefd43796977_022.flac,validation,广陵散1,管平湖,CD第1册\CD15\管平湖-广陵散1.wav,54517508,57159428,1236.225,1296.132,0.092,-35.9371,0.0017,0.1002,1.1263,-22.954
2dd2fefd43796977_023.flac,validation,广陵散1,管平湖,CD第1册\CD15\管平湖-广陵散1.wav,57113580,59755500,1295.093,1355.0,0.1485,-37.3773,0.0377,0.3005,0.9453,-24.0856
1b80d93bbee58056_001.flac,validation,广陵散2,管平湖,CD第1册\CD15\管平湖-广陵散2.wav,0,2641920,0.0,59.907,0.0457,-44.1436,0.0,0.0,0.8906,-22.4789
1b80d93bbee58056_002.flac,validation,广陵散2,管平湖,CD第1册\CD15\管平湖-广陵散2.wav,2575919,5217839,58.411,118.318,0.0331,-40.2152,0.0,0.0,0.8867,-21.1045
1b80d93bbee58056_003.flac,validation,广陵散2,管平湖,CD第1册\CD15\管平湖-广陵散2.wav,5151839,7793759,116.822,176.729,0.0263,-40.2426,0.0,0.0,1.0223,-20.3651
1b80d93bbee58056_004.flac,validation,广陵散2,管平湖,CD第1册\CD15\管平湖-广陵散2.wav,7727758,10369678,175.233,235.14,0.0324,-40.653,0.0,0.0,1.13,-19.7731
1b80d93bbee58056_005.flac,validation,广陵散2,管平湖,CD第1册\CD15\管平湖-广陵散2.wav,10303678,12945598,233.643,293.551,0.0288,-40.146,0.0002,0.0167,1.0715,-18.8151
1b80d93bbee58056_006.flac,validation,广陵散2,管平湖,CD第1册\CD15\管平湖-广陵散2.wav,12879597,15521517,292.054,351.962,0.0291,-39.4227,0.0014,0.0835,1.0787,-17.7325
1b80d93bbee58056_007.flac,validation,广陵散2,管平湖,CD第1册\CD15\管平湖-广陵散2.wav,15455517,18097437,350.465,410.373,0.0323,-39.7149,0.0004,0.0167,1.125,-19.5549
1b80d93bbee58056_008.flac,validation,广陵散2,管平湖,CD第1册\CD15\管平湖-广陵散2.wav,18031436,20673356,408.876,468.784,0.0339,-36.9599,0.0,0.0,1.3198,-21.427
1b80d93bbee58056_009.flac,validation,广陵散2,管平湖,CD第1册\CD15\管平湖-广陵散2.wav,20607356,23249276,467.287,527.194,0.0351,-38.0233,0.0,0.0,1.3622,-22.4223
1b80d93bbee58056_010.flac,validation,广陵散2,管平湖,CD第1册\CD15\管平湖-广陵散2.wav,23183275,25825195,525.698,585.605,0.0957,-44.5658,0.0004,0.0334,0.6744,-21.901
1b80d93bbee58056_011.flac,validation,广陵散2,管平湖,CD第1册\CD15\管平湖-广陵散2.wav,25759195,28401115,584.109,644.016,0.0976,-44.8985,0.0,0.0,0.6766,-21.7862
1b80d93bbee58056_012.flac,validation,广陵散2,管平湖,CD第1册\CD15\管平湖-广陵散2.wav,28335114,30977034,642.52,702.427,0.0338,-38.0891,0.0023,0.1002,1.1553,-17.5921
1b80d93bbee58056_013.flac,validation,广陵散2,管平湖,CD第1册\CD15\管平湖-广陵散2.wav,30911033,33552953,700.93,760.838,0.0427,-38.7682,0.0002,0.0167,1.1402,-20.3482
1b80d93bbee58056_014.flac,validation,广陵散2,管平湖,CD第1册\CD15\管平湖-广陵散2.wav,33486953,36128873,759.341,819.249,0.0332,-41.1159,0.0,0.0,1.0068,-17.5076
1b80d93bbee58056_015.flac,validation,广陵散2,管平湖,CD第1册\CD15\管平湖-广陵散2.wav,36062872,38704792,817.752,877.66,0.0293,-36.5998,0.0006,0.0501,1.1129,-17.6594
1b80d93bbee58056_016.flac,validation,广陵散2,管平湖,CD第1册\CD15\管平湖-广陵散2.wav,38638792,41280712,876.163,936.071,0.0368,-35.7572,0.0,0.0,1.3823,-19.8142
1b80d93bbee58056_017.flac,validation,广陵散2,管平湖,CD第1册\CD15\管平湖-广陵散2.wav,41214711,43856631,934.574,994.481,0.0345,-37.345,0.0,0.0,1.1508,-20.4151
1b80d93bbee58056_018.flac,validation,广陵散2,管平湖,CD第1册\CD15\管平湖-广陵散2.wav,43790631,46432551,992.985,1052.892,0.0304,-34.548,0.0006,0.0334,1.282,-20.2508
1b80d93bbee58056_019.flac,validation,广陵散2,管平湖,CD第1册\CD15\管平湖-广陵散2.wav,46366550,49008470,1051.396,1111.303,0.0364,-35.7421,0.0002,0.0167,1.2228,-19.3039
1b80d93bbee58056_020.flac,validation,广陵散2,管平湖,CD第1册\CD15\管平湖-广陵散2.wav,48942470,51584390,1109.807,1169.714,0.0416,-35.5803,0.0027,0.1168,1.2854,-19.3071
1b80d93bbee58056_021.flac,validation,广陵散2,管平湖,CD第1册\CD15\管平湖-广陵散2.wav,51518389,54160309,1168.217,1228.125,0.0431,-34.6966,0.0004,0.0334,1.3648,-20.0734
1b80d93bbee58056_022.flac,validation,广陵散2,管平湖,CD第1册\CD15\管平湖-广陵散2.wav,54094309,56736229,1226.628,1286.536,0.0445,-33.621,0.0006,0.0501,1.26,-19.5197
1b80d93bbee58056_023.flac,validation,广陵散2,管平湖,CD第1册\CD15\管平湖-广陵散2.wav,56670228,59312148,1285.039,1344.947,0.0741,-38.7531,0.0053,0.1669,1.0998,-20.645
54ab4d852accbc62_001.flac,validation,广陵散3,管平湖,CD第1册\CD15\管平湖-广陵散3.wav,0,2641920,0.0,59.907,0.093,-35.8348,0.011,0.3172,0.7772,-16.9516
54ab4d852accbc62_002.flac,validation,广陵散3,管平湖,CD第1册\CD15\管平湖-广陵散3.wav,2586022,5227942,58.64,118.547,0.0289,-29.6441,0.0006,0.0501,0.8251,-15.8366
54ab4d852accbc62_003.flac,validation,广陵散3,管平湖,CD第1册\CD15\管平湖-广陵散3.wav,5172045,7813965,117.28,177.187,0.0366,-30.0689,0.0033,0.1669,0.8633,-14.9478
54ab4d852accbc62_004.flac,validation,广陵散3,管平湖,CD第1册\CD15\管平湖-广陵散3.wav,7758067,10399987,175.92,235.827,0.0479,-34.0012,0.0012,0.0835,1.065,-13.8594
54ab4d852accbc62_005.flac,validation,广陵散3,管平湖,CD第1册\CD15\管平湖-广陵散3.wav,10344089,12986009,234.56,294.467,0.0339,-31.0157,0.0016,0.1002,1.0136,-13.436
54ab4d852accbc62_006.flac,validation,广陵散3,管平湖,CD第1册\CD15\管平湖-广陵散3.wav,12930112,15572032,293.2,353.107,0.0211,-28.5127,0.0012,0.0668,1.005,-13.4216
54ab4d852accbc62_007.flac,validation,广陵散3,管平湖,CD第1册\CD15\管平湖-广陵散3.wav,15516134,18158054,351.84,411.747,0.0287,-31.137,0.0,0.0,1.0418,-14.6807
54ab4d852accbc62_008.flac,validation,广陵散3,管平湖,CD第1册\CD15\管平湖-广陵散3.wav,18102157,20744077,410.48,470.387,0.0263,-30.2818,0.0002,0.0167,1.1978,-14.919
54ab4d852accbc62_009.flac,validation,广陵散3,管平湖,CD第1册\CD15\管平湖-广陵散3.wav,20688179,23330099,469.12,529.027,0.045,-32.5966,0.0002,0.0167,1.2654,-15.3079
54ab4d852accbc62_010.flac,validation,广陵散3,管平湖,CD第1册\CD15\管平湖-广陵散3.wav,23274201,25916121,527.76,587.667,0.0799,-32.8835,0.0023,0.1669,0.8394,-18.1032
54ab4d852accbc62_011.flac,validation,广陵散3,管平湖,CD第1册\CD15\管平湖-广陵散3.wav,25860224,28502144,586.4,646.307,0.0961,-35.1435,0.0021,0.0835,0.7749,-17.5411
54ab4d852accbc62_012.flac,validation,广陵散3,管平湖,CD第1册\CD15\管平湖-广陵散3.wav,28446246,31088166,645.04,704.947,0.0362,-30.3982,0.0093,0.3505,1.1321,-13.0174
54ab4d852accbc62_013.flac,validation,广陵散3,管平湖,CD第1册\CD15\管平湖-广陵散3.wav,31032268,33674188,703.68,763.587,0.0387,-31.0759,0.0008,0.0668,1.1732,-13.7672
54ab4d852accbc62_014.flac,validation,广陵散3,管平湖,CD第1册\CD15\管平湖-广陵散3.wav,33618291,36260211,762.32,822.227,0.0286,-30.2229,0.0033,0.2003,1.0616,-12.4789
54ab4d852accbc62_015.flac,validation,广陵散3,管平湖,CD第1册\CD15\管平湖-广陵散3.wav,36204313,38846233,820.959,880.867,0.0339,-29.0448,0.0016,0.1168,1.1441,-12.9508
54ab4d852accbc62_016.flac,validation,广陵散3,管平湖,CD第1册\CD15\管平湖-广陵散3.wav,38790335,41432255,879.599,939.507,0.0357,-28.829,0.0006,0.0501,1.2847,-12.8578
54ab4d852accbc62_017.flac,validation,广陵散3,管平湖,CD第1册\CD15\管平湖-广陵散3.wav,41376358,44018278,938.239,998.147,0.03,-29.5592,0.0017,0.1168,1.0525,-13.832
54ab4d852accbc62_018.flac,validation,广陵散3,管平湖,CD第1册\CD15\管平湖-广陵散3.wav,43962380,46604300,996.879,1056.787,0.0283,-27.7982,0.0008,0.0501,1.2618,-13.9476
54ab4d852accbc62_019.flac,validation,广陵散3,管平湖,CD第1册\CD15\管平湖-广陵散3.wav,46548403,49190323,1055.519,1115.427,0.0216,-27.7838,0.0002,0.0167,1.1835,-12.5342
54ab4d852accbc62_020.flac,validation,广陵散3,管平湖,CD第1册\CD15\管平湖-广陵散3.wav,49134425,51776345,1114.159,1174.067,0.0348,-28.979,0.0027,0.1002,1.2165,-13.1155
54ab4d852accbc62_021.flac,validation,广陵散3,管平湖,CD第1册\CD15\管平湖-广陵散3.wav,51720447,54362367,1172.799,1232.707,0.0242,-25.9368,0.0037,0.1002,1.2859,-13.1688
54ab4d852accbc62_022.flac,validation,广陵散3,管平湖,CD第1册\CD15\管平湖-广陵散3.wav,54306470,56948390,1231.439,1291.347,0.0243,-25.3939,0.0045,0.1002,1.1981,-12.6799
54ab4d852accbc62_023.flac,validation,广陵散3,管平湖,CD第1册\CD15\管平湖-广陵散3.wav,56892492,59534412,1290.079,1349.987,0.0692,-32.3967,0.0141,0.2671,1.023,-13.732
46783450578c0709_001.flac,train,春晓吟,管平湖,CD第1册\CD14\管平湖-春晓吟.wav,0,2641920,0.0,59.907,0.1499,-41.7253,0.0097,0.3839,0.79,-14.1175
46783450578c0709_002.flac,train,春晓吟,管平湖,CD第1册\CD14\管平湖-春晓吟.wav,2102284,4744204,47.671,107.578,0.172,-40.4189,0.0159,0.5675,0.918,-15.0879
46783450578c0709_003.flac,train,春晓吟,管平湖,CD第1册\CD14\管平湖-春晓吟.wav,4204568,6846488,95.342,155.249,0.152,-40.9601,0.013,0.6009,0.9316,-12.9573
46783450578c0709_004.flac,train,春晓吟,管平湖,CD第1册\CD14\管平湖-春晓吟.wav,6306852,8948772,143.013,202.92,0.1194,-38.9053,0.0094,0.434,0.9067,-13.4424
4d64880d9b705df3_001.flac,train,梅花三弄,管平湖,CD第1册\CD17\管平湖-梅花三弄.wav,0,2641920,0.0,59.907,0.0418,-43.0988,0.0,0.0,0.7848,-16.1475
4d64880d9b705df3_002.flac,train,梅花三弄,管平湖,CD第1册\CD17\管平湖-梅花三弄.wav,2332518,4974438,52.892,112.799,0.0402,-41.2462,0.0,0.0,0.86,-16.4159
4d64880d9b705df3_003.flac,train,梅花三弄,管平湖,CD第1册\CD17\管平湖-梅花三弄.wav,4665036,7306956,105.783,165.691,0.0242,-37.7741,0.0,0.0,0.9903,-15.0578
4d64880d9b705df3_004.flac,train,梅花三弄,管平湖,CD第1册\CD17\管平湖-梅花三弄.wav,6997554,9639474,158.675,218.582,0.0121,-35.9971,0.0,0.0,1.0258,-12.8135
4d64880d9b705df3_005.flac,train,梅花三弄,管平湖,CD第1册\CD17\管平湖-梅花三弄.wav,9330072,11971992,211.566,271.474,0.0207,-37.9514,0.0,0.0,0.9132,-14.7705
4d64880d9b705df3_006.flac,train,梅花三弄,管平湖,CD第1册\CD17\管平湖-梅花三弄.wav,11662590,14304510,264.458,324.365,0.0111,-34.1028,0.0,0.0,1.0502,-13.0493
4d64880d9b705df3_007.flac,train,梅花三弄,管平湖,CD第1册\CD17\管平湖-梅花三弄.wav,13995108,16637028,317.349,377.257,0.0104,-34.8508,0.0,0.0,1.038,-13.3374
4d64880d9b705df3_008.flac,train,梅花三弄,管平湖,CD第1册\CD17\管平湖-梅花三弄.wav,16327626,18969546,370.241,430.148,0.0055,-31.6857,0.0,0.0,1.0316,-13.0741
4d64880d9b705df3_009.flac,train,梅花三弄,管平湖,CD第1册\CD17\管平湖-梅花三弄.wav,18660144,21302064,423.133,483.04,0.0206,-39.6024,0.0,0.0,0.8918,-13.9975
f3b089fcdea02934_001.flac,train,欸乃,管平湖,CD第1册\CD14\管平湖-欸乃.wav,0,2641920,0.0,59.907,0.0921,-32.9372,0.0416,0.9849,0.7288,-26.8981
f3b089fcdea02934_002.flac,train,欸乃,管平湖,CD第1册\CD14\管平湖-欸乃.wav,2543440,5185360,57.674,117.582,0.0671,-32.7531,0.0293,0.6844,0.7405,-25.5978
f3b089fcdea02934_003.flac,train,欸乃,管平湖,CD第1册\CD14\管平湖-欸乃.wav,5086880,7728800,115.349,175.256,0.0577,-29.8109,0.0114,0.3839,0.8016,-26.8326
f3b089fcdea02934_004.flac,train,欸乃,管平湖,CD第1册\CD14\管平湖-欸乃.wav,7630320,10272240,173.023,232.931,0.0657,-33.0936,0.0213,0.4841,0.858,-25.3793
f3b089fcdea02934_005.flac,train,欸乃,管平湖,CD第1册\CD14\管平湖-欸乃.wav,10173760,12815680,230.698,290.605,0.0434,-30.3432,0.0016,0.0668,0.8643,-25.4482
f3b089fcdea02934_006.flac,train,欸乃,管平湖,CD第1册\CD14\管平湖-欸乃.wav,12717200,15359120,288.372,348.279,0.0445,-32.2765,0.0012,0.0668,0.8628,-24.1719
f3b089fcdea02934_007.flac,train,欸乃,管平湖,CD第1册\CD14\管平湖-欸乃.wav,15260640,17902560,346.046,405.954,0.0425,-30.3626,0.0107,0.3172,0.8833,-24.2739
f3b089fcdea02934_008.flac,train,欸乃,管平湖,CD第1册\CD14\管平湖-欸乃.wav,17804080,20446000,403.721,463.628,0.05,-30.2051,0.0045,0.1168,0.8925,-26.1565
f3b089fcdea02934_009.flac,train,欸乃,管平湖,CD第1册\CD14\管平湖-欸乃.wav,20347520,22989440,461.395,521.302,0.0454,-29.7626,0.0047,0.1335,0.839,-27.1563
f3b089fcdea02934_010.flac,train,欸乃,管平湖,CD第1册\CD14\管平湖-欸乃.wav,22890960,25532880,519.069,578.977,0.047,-32.2474,0.0012,0.0668,0.8493,-26.4848
f3b089fcdea02934_011.flac,train,欸乃,管平湖,CD第1册\CD14\管平湖-欸乃.wav,25434400,28076320,576.744,636.651,0.0339,-30.8843,0.0045,0.1168,0.8453,-23.6418
f3b089fcdea02934_012.flac,train,欸乃,管平湖,CD第1册\CD14\管平湖-欸乃.wav,27977840,30619760,634.418,694.326,0.0479,-31.883,0.0124,0.2504,0.872,-24.4298
f3b089fcdea02934_013.flac,train,欸乃,管平湖,CD第1册\CD14\管平湖-欸乃.wav,30521280,33163200,692.093,752.0,0.0982,-35.5406,0.0083,0.3005,0.7006,-27.5163
c27e2d5806f4deb7_001.flac,train,水仙操1,管平湖,CD第1册\CD18\管平湖-水仙操1.wav,0,2641920,0.0,59.907,0.2494,-41.9534,0.0524,1.302,0.5944,-18.6321
c27e2d5806f4deb7_002.flac,train,水仙操1,管平湖,CD第1册\CD18\管平湖-水仙操1.wav,2472405,5114325,56.064,115.971,0.2395,-34.7509,0.0995,2.5206,0.6692,-18.9709
c27e2d5806f4deb7_003.flac,train,水仙操1,管平湖,CD第1册\CD18\管平湖-水仙操1.wav,4944811,7586731,112.127,172.035,0.2472,-35.2584,0.0851,1.9697,0.6651,-18.0774
c27e2d5806f4deb7_004.flac,train,水仙操1,管平湖,CD第1册\CD18\管平湖-水仙操1.wav,7417216,10059136,168.191,228.098,0.2523,-35.8463,0.1066,2.0198,0.7611,-16.5253
c27e2d5806f4deb7_005.flac,train,水仙操1,管平湖,CD第1册\CD18\管平湖-水仙操1.wav,9889621,12531541,224.254,284.162,0.2269,-35.3601,0.0799,2.3369,0.7948,-17.9905
c27e2d5806f4deb7_006.flac,train,水仙操1,管平湖,CD第1册\CD18\管平湖-水仙操1.wav,12362027,15003947,280.318,340.226,0.198,-35.4722,0.0622,1.6025,0.8261,-16.8411
c27e2d5806f4deb7_007.flac,train,水仙操1,管平湖,CD第1册\CD18\管平湖-水仙操1.wav,14834432,17476352,336.382,396.289,0.2081,-36.1349,0.0608,1.7694,0.8238,-16.3048
c27e2d5806f4deb7_008.flac,train,水仙操1,管平湖,CD第1册\CD18\管平湖-水仙操1.wav,17306837,19948757,392.445,452.353,0.205,-36.0329,0.0448,1.4355,0.8345,-15.3565
c27e2d5806f4deb7_009.flac,train,水仙操1,管平湖,CD第1册\CD18\管平湖-水仙操1.wav,19779243,22421163,448.509,508.416,0.2042,-37.002,0.051,1.3521,0.8958,-14.0291
c27e2d5806f4deb7_010.flac,train,水仙操1,管平湖,CD第1册\CD18\管平湖-水仙操1.wav,22251648,24893568,504.573,564.48,0.2752,-38.7346,0.0608,1.085,0.8472,-17.1369
420627d8453dfd40_001.flac,train,水仙操2,管平湖,CD第1册\CD18\管平湖-水仙操2.wav,0,2641920,0.0,59.907,0.2241,-41.7514,0.0301,1.1518,0.4975,-22.8923
420627d8453dfd40_002.flac,train,水仙操2,管平湖,CD第1册\CD18\管平湖-水仙操2.wav,2475476,5117396,56.133,116.041,0.1427,-34.9807,0.0263,1.3521,0.6774,-19.5625
420627d8453dfd40_003.flac,train,水仙操2,管平湖,CD第1册\CD18\管平湖-水仙操2.wav,4950953,7592873,112.267,172.174,0.126,-34.272,0.0181,0.8179,0.7136,-19.6692
420627d8453dfd40_004.flac,train,水仙操2,管平湖,CD第1册\CD18\管平湖-水仙操2.wav,7426429,10068349,168.4,228.307,0.13,-33.8949,0.0126,0.4507,0.7713,-19.5391
420627d8453dfd40_005.flac,train,水仙操2,管平湖,CD第1册\CD18\管平湖-水仙操2.wav,9901906,12543826,224.533,284.44,0.1271,-33.7259,0.0264,0.8346,0.7581,-19.6553
420627d8453dfd40_006.flac,train,水仙操2,管平湖,CD第1册\CD18\管平湖-水仙操2.wav,12377382,15019302,280.666,340.574,0.1057,-33.6027,0.0041,0.2504,0.8095,-18.5807
420627d8453dfd40_007.flac,train,水仙操2,管平湖,CD第1册\CD18\管平湖-水仙操2.wav,14852858,17494778,336.8,396.707,0.0934,-32.3904,0.0062,0.2671,0.8699,-17.8373
420627d8453dfd40_008.flac,train,水仙操2,管平湖,CD第1册\CD18\管平湖-水仙操2.wav,17328335,19970255,392.933,452.84,0.0645,-36.3239,0.0004,0.0334,0.8664,-16.6015
420627d8453dfd40_009.flac,train,水仙操2,管平湖,CD第1册\CD18\管平湖-水仙操2.wav,19803811,22445731,449.066,508.973,0.0502,-35.6129,0.0014,0.0501,0.881,-16.0711
420627d8453dfd40_010.flac,train,水仙操2,管平湖,CD第1册\CD18\管平湖-水仙操2.wav,22279288,24921208,505.199,565.107,0.058,-36.1779,0.018,0.0334,0.9311,-16.321
420627d8453dfd40_011.flac,train,水仙操2,管平湖,CD第1册\CD18\管平湖-水仙操2.wav,24754764,27396684,561.333,621.24,0.0961,-40.4275,0.001,0.0501,0.8592,-18.9456
2b8294505867510f_001.flac,train,流水1,管平湖,CD第1册\CD17\管平湖-流水1.wav,0,2641920,0.0,59.907,0.1639,-34.564,0.0248,1.1685,0.7803,-16.7836
2b8294505867510f_002.flac,train,流水1,管平湖,CD第1册\CD17\管平湖-流水1.wav,2500087,5142007,56.691,116.599,0.1336,-30.5062,0.0523,1.4355,1.0372,-15.5042
2b8294505867510f_003.flac,train,流水1,管平湖,CD第1册\CD17\管平湖-流水1.wav,5000174,7642094,113.383,173.29,0.1346,-29.8336,0.0512,1.6025,0.9932,-14.0024
2b8294505867510f_004.flac,train,流水1,管平湖,CD第1册\CD17\管平湖-流水1.wav,7500261,10142181,170.074,229.981,0.1164,-30.5109,0.0221,0.8179,0.9202,-13.6626
2b8294505867510f_005.flac,train,流水1,管平湖,CD第1册\CD17\管平湖-流水1.wav,10000347,12642267,226.765,286.673,0.0798,-26.3799,0.0202,0.7345,1.0369,-13.643
2b8294505867510f_006.flac,train,流水1,管平湖,CD第1册\CD17\管平湖-流水1.wav,12500434,15142354,283.457,343.364,0.1259,-26.4837,0.0918,2.0031,1.0037,-14.9596
2b8294505867510f_007.flac,train,流水1,管平湖,CD第1册\CD17\管平湖-流水1.wav,15000521,17642441,340.148,400.055,0.1401,-28.695,0.0668,1.519,0.9763,-13.7932
2b8294505867510f_008.flac,train,流水1,管平湖,CD第1册\CD17\管平湖-流水1.wav,17500608,20142528,396.839,456.747,0.2168,-33.2669,0.0751,1.736,0.7471,-15.2111
daf708d4ab0a4462_001.flac,train,流水2,管平湖,CD第1册\CD17\管平湖-流水2.wav,0,2641920,0.0,59.907,0.0501,-41.3337,0.0,0.0,0.8258,-17.5144
daf708d4ab0a4462_002.flac,train,流水2,管平湖,CD第1册\CD17\管平湖-流水2.wav,2390887,5032807,54.215,114.123,0.0305,-41.1595,0.0,0.0,0.9071,-15.5145
daf708d4ab0a4462_003.flac,train,流水2,管平湖,CD第1册\CD17\管平湖-流水2.wav,4781774,7423694,108.43,168.338,0.026,-43.807,0.0,0.0,0.8029,-12.4351
daf708d4ab0a4462_004.flac,train,流水2,管平湖,CD第1册\CD17\管平湖-流水2.wav,7172661,9814581,162.645,222.553,0.0267,-47.0212,0.0,0.0,0.7628,-12.1699
daf708d4ab0a4462_005.flac,train,流水2,管平湖,CD第1册\CD17\管平湖-流水2.wav,9563547,12205467,216.86,276.768,0.0196,-48.0044,0.0,0.0,0.8544,-11.2256
daf708d4ab0a4462_006.flac,train,流水2,管平湖,CD第1册\CD17\管平湖-流水2.wav,11954434,14596354,271.076,330.983,0.0247,-45.6517,0.0,0.0,0.8218,-12.4091
daf708d4ab0a4462_007.flac,train,流水2,管平湖,CD第1册\CD17\管平湖-流水2.wav,14345321,16987241,325.291,385.198,0.0245,-44.9057,0.0,0.0,0.8407,-12.4489
daf708d4ab0a4462_008.flac,train,流水2,管平湖,CD第1册\CD17\管平湖-流水2.wav,16736208,19378128,379.506,439.413,0.0322,-46.935,0.0,0.0,0.76,-13.5652
00be8ae60b7893b9_001.flac,train,流水3,管平湖,CD第1册\CD17\管平湖-流水3.wav,0,2641920,0.0,59.907,0.0507,-32.2547,0.0171,0.5675,0.9119,-18.6696
00be8ae60b7893b9_002.flac,train,流水3,管平湖,CD第1册\CD17\管平湖-流水3.wav,2444983,5086903,55.442,115.349,0.0358,-32.0403,0.0,0.0,0.9416,-16.4891
00be8ae60b7893b9_003.flac,train,流水3,管平湖,CD第1册\CD17\管平湖-流水3.wav,4889966,7531886,110.884,170.791,0.0222,-30.7222,0.0006,0.0501,0.8604,-15.0347
00be8ae60b7893b9_004.flac,train,流水3,管平湖,CD第1册\CD17\管平湖-流水3.wav,7334949,9976869,166.325,226.233,0.0242,-31.4513,0.0,0.0,0.849,-14.9715
00be8ae60b7893b9_005.flac,train,流水3,管平湖,CD第1册\CD17\管平湖-流水3.wav,9779931,12421851,221.767,281.675,0.0204,-30.2577,0.0,0.0,0.7725,-14.2635
00be8ae60b7893b9_006.flac,train,流水3,管平湖,CD第1册\CD17\管平湖-流水3.wav,12224914,14866834,277.209,337.116,0.0293,-30.1979,0.0002,0.0167,0.8665,-17.3654
00be8ae60b7893b9_007.flac,train,流水3,管平湖,CD第1册\CD17\管平湖-流水3.wav,14669897,17311817,332.651,392.558,0.0263,-31.5974,0.0,0.0,0.8539,-16.0275
00be8ae60b7893b9_008.flac,train,流水3,管平湖,CD第1册\CD17\管平湖-流水3.wav,17114880,19756800,388.093,448.0,0.0388,-34.0162,0.0026,0.1335,0.761,-18.1216
0b0ce885d568579f_001.flac,train,流水4,管平湖,CD第1册\CD17\管平湖-流水4.wav,0,2641920,0.0,59.907,0.0313,-38.4831,0.0,0.0,0.8709,-14.367
0b0ce885d568579f_002.flac,train,流水4,管平湖,CD第1册\CD17\管平湖-流水4.wav,2533183,5175103,57.442,117.349,0.0248,-41.3631,0.0,0.0,0.9897,-13.9421
0b0ce885d568579f_003.flac,train,流水4,管平湖,CD第1册\CD17\管平湖-流水4.wav,5066366,7708286,114.884,174.791,0.0041,-37.7248,0.0,0.0,0.9884,-12.0436
0b0ce885d568579f_004.flac,train,流水4,管平湖,CD第1册\CD17\管平湖-流水4.wav,7599549,10241469,172.325,232.233,0.0049,-39.253,0.0,0.0,0.9393,-11.9585
0b0ce885d568579f_005.flac,train,流水4,管平湖,CD第1册\CD17\管平湖-流水4.wav,10132731,12774651,229.767,289.675,0.0023,-36.4555,0.0,0.0,0.9038,-12.0443
0b0ce885d568579f_006.flac,train,流水4,管平湖,CD第1册\CD17\管平湖-流水4.wav,12665914,15307834,287.209,347.116,0.002,-31.9203,0.0,0.0,0.9238,-13.7095
0b0ce885d568579f_007.flac,train,流水4,管平湖,CD第1册\CD17\管平湖-流水4.wav,15199097,17841017,344.651,404.558,0.0039,-34.7619,0.0,0.0,0.9887,-12.7342
0b0ce885d568579f_008.flac,train,流水4,管平湖,CD第1册\CD17\管平湖-流水4.wav,17732280,20374200,402.093,462.0,0.0102,-39.1258,0.0004,0.0167,0.8287,-13.9019
d93299804ea931f1_001.flac,train,白雪1,管平湖,CD第1册\CD14\管平湖-白雪1.wav,0,2641920,0.0,59.907,0.0086,-34.0605,0.0,0.0,0.7675,-21.5935
d93299804ea931f1_002.flac,train,白雪1,管平湖,CD第1册\CD14\管平湖-白雪1.wav,2159599,4801519,48.97,108.878,0.0071,-33.4834,0.0,0.0,0.7482,-20.1121
d93299804ea931f1_003.flac,train,白雪1,管平湖,CD第1册\CD14\管平湖-白雪1.wav,4319198,6961118,97.941,157.848,0.0067,-33.7997,0.0,0.0,0.7893,-20.562
d93299804ea931f1_004.flac,train,白雪1,管平湖,CD第1册\CD14\管平湖-白雪1.wav,6478798,9120718,146.912,206.819,0.0072,-33.1086,0.0,0.0,0.767,-20.9879
d93299804ea931f1_005.flac,train,白雪1,管平湖,CD第1册\CD14\管平湖-白雪1.wav,8638397,11280317,195.882,255.79,0.0071,-33.8507,0.0,0.0,0.7921,-20.1731
d93299804ea931f1_006.flac,train,白雪1,管平湖,CD第1册\CD14\管平湖-白雪1.wav,10797996,13439916,244.853,304.76,0.0102,-35.2644,0.0002,0.0167,0.7819,-22.4767
77fa9f07d8478e2e_001.flac,train,白雪2,管平湖,CD第1册\CD14\管平湖-白雪2.wav,0,2641920,0.0,59.907,0.0394,-42.9275,0.0,0.0,0.7562,-10.3761
77fa9f07d8478e2e_002.flac,train,白雪2,管平湖,CD第1册\CD14\管平湖-白雪2.wav,2266262,4908182,51.389,111.297,0.0148,-38.2045,0.0,0.0,0.8021,-10.1801
77fa9f07d8478e2e_003.flac,train,白雪2,管平湖,CD第1册\CD14\管平湖-白雪2.wav,4532525,7174445,102.778,162.686,0.0159,-37.934,0.0,0.0,0.8323,-10.1044
77fa9f07d8478e2e_004.flac,train,白雪2,管平湖,CD第1册\CD14\管平湖-白雪2.wav,6798787,9440707,154.168,214.075,0.0241,-39.1288,0.0,0.0,0.8171,-10.4676
77fa9f07d8478e2e_005.flac,train,白雪2,管平湖,CD第1册\CD14\管平湖-白雪2.wav,9065050,11706970,205.557,265.464,0.0167,-39.3212,0.0,0.0,0.854,-10.0057
77fa9f07d8478e2e_006.flac,train,白雪2,管平湖,CD第1册\CD14\管平湖-白雪2.wav,11331312,13973232,256.946,316.853,0.0513,-42.4591,0.0,0.0,0.7007,-11.0383
4d4d4f5fa758889c_001.flac,train,离骚1,管平湖,CD第1册\CD16\管平湖-离骚1.wav,0,2641920,0.0,59.907,0.0452,-30.0027,0.0016,0.1168,0.7846,-15.2988
4d4d4f5fa758889c_002.flac,train,离骚1,管平湖,CD第1册\CD16\管平湖-离骚1.wav,2600662,5242582,58.972,118.879,0.0588,-32.5556,0.0003,0.0167,0.6406,-17.2598
7358e614fd7bbc62_001.flac,train,离骚2,管平湖,CD第1册\CD16\管平湖-离骚2.wav,0,2641920,0.0,59.907,0.0095,-39.9885,0.0,0.0,0.784,-25.0502
7358e614fd7bbc62_002.flac,train,离骚2,管平湖,CD第1册\CD16\管平湖-离骚2.wav,2462776,5104696,55.845,115.753,0.0109,-36.8462,0.0,0.0,0.7175,-23.5034
7358e614fd7bbc62_003.flac,train,离骚2,管平湖,CD第1册\CD16\管平湖-离骚2.wav,4925551,7567471,111.69,171.598,0.007,-33.4853,0.0,0.0,0.7729,-23.6187
7358e614fd7bbc62_004.flac,train,离骚2,管平湖,CD第1册\CD16\管平湖-离骚2.wav,7388327,10030247,167.536,227.443,0.0086,-34.8383,0.0,0.0,0.7702,-22.7186
7358e614fd7bbc62_005.flac,train,离骚2,管平湖,CD第1册\CD16\管平湖-离骚2.wav,9851102,12493022,223.381,283.288,0.0057,-31.3814,0.0,0.0,0.7812,-21.8293
7358e614fd7bbc62_006.flac,train,离骚2,管平湖,CD第1册\CD16\管平湖-离骚2.wav,12313878,14955798,279.226,339.134,0.0081,-34.5942,0.0,0.0,0.78,-23.3425
7358e614fd7bbc62_007.flac,train,离骚2,管平湖,CD第1册\CD16\管平湖-离骚2.wav,14776654,17418574,335.072,394.979,0.0053,-32.9253,0.0,0.0,0.8038,-20.66
7358e614fd7bbc62_008.flac,train,离骚2,管平湖,CD第1册\CD16\管平湖-离骚2.wav,17239429,19881349,390.917,450.824,0.0064,-31.1876,0.0,0.0,0.8062,-22.6887
7358e614fd7bbc62_009.flac,train,离骚2,管平湖,CD第1册\CD16\管平湖-离骚2.wav,19702205,22344125,446.762,506.67,0.0068,-34.7257,0.0,0.0,0.8305,-22.4021
7358e614fd7bbc62_010.flac,train,离骚2,管平湖,CD第1册\CD16\管平湖-离骚2.wav,22164980,24806900,502.607,562.515,0.0056,-32.8095,0.0,0.0,0.7983,-23.7694
7358e614fd7bbc62_011.flac,train,离骚2,管平湖,CD第1册\CD16\管平湖-离骚2.wav,24627756,27269676,558.453,618.36,0.0079,-36.8008,0.0,0.0,0.6954,-24.4574
59a9cea23146a47d_001.flac,train,胡笳十八拍,管平湖,CD第1册\CD16\管平湖-胡笳十八拍.wav,0,2641920,0.0,59.907,0.008,-39.1418,0.0,0.0,0.688,-27.5036
59a9cea23146a47d_002.flac,train,胡笳十八拍,管平湖,CD第1册\CD16\管平湖-胡笳十八拍.wav,2620683,5262603,59.426,119.333,0.0153,-35.8181,0.0,0.0,0.8643,-26.2304
59a9cea23146a47d_003.flac,train,胡笳十八拍,管平湖,CD第1册\CD16\管平湖-胡笳十八拍.wav,5241366,7883286,118.852,178.759,0.0139,-35.9011,0.0,0.0,0.8328,-27.5072
59a9cea23146a47d_004.flac,train,胡笳十八拍,管平湖,CD第1册\CD16\管平湖-胡笳十八拍.wav,7862049,10503969,178.278,238.185,0.0116,-35.3419,0.0,0.0,0.8766,-25.6792
59a9cea23146a47d_005.flac,train,胡笳十八拍,管平湖,CD第1册\CD16\管平湖-胡笳十八拍.wav,10482733,13124653,237.704,297.611,0.0131,-35.4113,0.0,0.0,0.9088,-25.7523
59a9cea23146a47d_006.flac,train,胡笳十八拍,管平湖,CD第1册\CD16\管平湖-胡笳十八拍.wav,13103416,15745336,297.13,357.037,0.0109,-34.4266,0.0,0.0,0.9078,-26.4112
59a9cea23146a47d_007.flac,train,胡笳十八拍,管平湖,CD第1册\CD16\管平湖-胡笳十八拍.wav,15724099,18366019,356.556,416.463,0.0128,-35.8797,0.0,0.0,0.8701,-25.6329
59a9cea23146a47d_008.flac,train,胡笳十八拍,管平湖,CD第1册\CD16\管平湖-胡笳十八拍.wav,18344782,20986702,415.981,475.889,0.0103,-33.0735,0.0,0.0,0.9102,-25.1707
59a9cea23146a47d_009.flac,train,胡笳十八拍,管平湖,CD第1册\CD16\管平湖-胡笳十八拍.wav,20965465,23607385,475.407,535.315,0.0123,-34.3793,0.0,0.0,0.8881,-26.1058
59a9cea23146a47d_010.flac,train,胡笳十八拍,管平湖,CD第1册\CD16\管平湖-胡笳十八拍.wav,23586148,26228068,534.833,594.741,0.0105,-35.6932,0.0,0.0,0.9136,-25.036
59a9cea23146a47d_011.flac,train,胡笳十八拍,管平湖,CD第1册\CD16\管平湖-胡笳十八拍.wav,26206832,28848752,594.259,654.167,0.009,-35.934,0.0,0.0,0.9311,-23.0195
59a9cea23146a47d_012.flac,train,胡笳十八拍,管平湖,CD第1册\CD16\管平湖-胡笳十八拍.wav,28827515,31469435,653.685,713.593,0.0086,-35.387,0.0,0.0,0.8604,-24.5617
59a9cea23146a47d_013.flac,train,胡笳十八拍,管平湖,CD第1册\CD16\管平湖-胡笳十八拍.wav,31448198,34090118,713.111,773.019,0.0075,-32.4245,0.0,0.0,0.8844,-24.1257
59a9cea23146a47d_014.flac,train,胡笳十八拍,管平湖,CD第1册\CD16\管平湖-胡笳十八拍.wav,34068881,36710801,772.537,832.444,0.0115,-35.5386,0.0,0.0,0.9123,-26.5105
59a9cea23146a47d_015.flac,train,胡笳十八拍,管平湖,CD第1册\CD16\管平湖-胡笳十八拍.wav,36689564,39331484,831.963,891.87,0.0078,-35.7973,0.0,0.0,0.9569,-25.9165
59a9cea23146a47d_016.flac,train,胡笳十八拍,管平湖,CD第1册\CD16\管平湖-胡笳十八拍.wav,39310247,41952167,891.389,951.296,0.0071,-34.6165,0.0,0.0,0.9388,-24.753
59a9cea23146a47d_017.flac,train,胡笳十八拍,管平湖,CD第1册\CD16\管平湖-胡笳十八拍.wav,41930931,44572851,950.815,1010.722,0.0064,-35.1369,0.0,0.0,0.9627,-24.7233
59a9cea23146a47d_018.flac,train,胡笳十八拍,管平湖,CD第1册\CD16\管平湖-胡笳十八拍.wav,44551614,47193534,1010.241,1070.148,0.0084,-37.6384,0.0,0.0,0.9166,-24.3099
59a9cea23146a47d_019.flac,train,胡笳十八拍,管平湖,CD第1册\CD16\管平湖-胡笳十八拍.wav,47172297,49814217,1069.667,1129.574,0.0086,-38.6306,0.0,0.0,0.8868,-25.1402
59a9cea23146a47d_020.flac,train,胡笳十八拍,管平湖,CD第1册\CD16\管平湖-胡笳十八拍.wav,49792980,52434900,1129.093,1189.0,0.0096,-40.92,0.0,0.0,0.7759,-27.9468
c9245f4404ae4beb_001.flac,train,胡笳十八拍-残,管平湖,CD第1册\CD16\管平湖-胡笳十八拍-残.wav,0,2641920,0.0,59.907,0.0401,-37.7146,0.0014,0.1002,0.9113,-14.6099
c9245f4404ae4beb_002.flac,train,胡笳十八拍-残,管平湖,CD第1册\CD16\管平湖-胡笳十八拍-残.wav,2219388,4861308,50.326,110.234,0.0321,-36.5323,0.0004,0.0334,0.8955,-13.4559
c9245f4404ae4beb_003.flac,train,胡笳十八拍-残,管平湖,CD第1册\CD16\管平湖-胡笳十八拍-残.wav,4438776,7080696,100.653,160.56,0.0668,-40.0349,0.0096,0.3839,0.8906,-15.5008
fcb71010af13b811_001.flac,train,良宵引,管平湖,CD第1册\CD17\管平湖-良宵引.wav,0,2641920,0.0,59.907,0.0351,-45.107,0.0,0.0,0.7913,-21.5648
fcb71010af13b811_002.flac,train,良宵引,管平湖,CD第1册\CD17\管平湖-良宵引.wav,1861596,4503516,42.213,102.121,0.0172,-45.4739,0.0,0.0,0.8952,-19.5215
fcb71010af13b811_003.flac,train,良宵引,管平湖,CD第1册\CD17\管平湖-良宵引.wav,3723192,6365112,84.426,144.334,0.0097,-41.9728,0.0004,0.0167,0.9203,-19.1421
fcb71010af13b811_004.flac,train,良宵引,管平湖,CD第1册\CD17\管平湖-良宵引.wav,5584788,8226708,126.639,186.547,0.0184,-47.298,0.0,0.0,0.813,-22.3841
1ff4885605e58432_001.flac,test,获麟2,管平湖,CD第1册\CD16\管平湖-获麟2.wav,0,2641920,0.0,59.907,0.0495,-50.8646,0.0,0.0,0.7856,-23.1498
1ff4885605e58432_002.flac,test,获麟2,管平湖,CD第1册\CD16\管平湖-获麟2.wav,2145456,4787376,48.65,108.557,0.0486,-49.5394,0.0,0.0,0.8735,-21.8105
1ff4885605e58432_003.flac,test,获麟2,管平湖,CD第1册\CD16\管平湖-获麟2.wav,4290912,6932832,97.3,157.207,0.024,-48.8942,0.0,0.0,0.9374,-19.4476
1ff4885605e58432_004.flac,test,获麟2,管平湖,CD第1册\CD16\管平湖-获麟2.wav,6436368,9078288,145.949,205.857,0.0272,-49.6722,0.0,0.0,0.8553,-19.9246
1ff4885605e58432_005.flac,test,获麟2,管平湖,CD第1册\CD16\管平湖-获麟2.wav,8581824,11223744,194.599,254.507,0.0631,-53.8049,0.0,0.0,0.6926,-19.3835
99272df631646d73_001.flac,test,获麟3,管平湖,CD第1册\CD16\管平湖-获麟3.wav,0,2641920,0.0,59.907,0.0987,-42.7559,0.0002,0.0167,0.7419,-16.3651
99272df631646d73_002.flac,test,获麟3,管平湖,CD第1册\CD16\管平湖-获麟3.wav,2409174,5051094,54.63,114.537,0.0735,-39.5995,0.0002,0.0167,0.8877,-16.0163
99272df631646d73_003.flac,test,获麟3,管平湖,CD第1册\CD16\管平湖-获麟3.wav,4818348,7460268,109.26,169.167,0.036,-38.3496,0.0,0.0,1.0218,-13.7373
99272df631646d73_004.flac,test,获麟3,管平湖,CD第1册\CD16\管平湖-获麟3.wav,7227522,9869442,163.889,223.797,0.0534,-39.5704,0.0,0.0,0.9483,-13.795
99272df631646d73_005.flac,test,获麟3,管平湖,CD第1册\CD16\管平湖-获麟3.wav,9636696,12278616,218.519,278.427,0.0737,-41.0306,0.0,0.0,0.7552,-14.7648
8e94896ff43720c3_001.flac,validation,长清,管平湖,CD第1册\CD14\管平湖-长清.wav,0,2641920,0.0,59.907,0.0196,-54.8597,0.0,0.0,0.7705,-19.6261
8e94896ff43720c3_002.flac,validation,长清,管平湖,CD第1册\CD14\管平湖-长清.wav,2535058,5176978,57.484,117.392,0.0189,-53.6876,0.0,0.0,0.91,-18.6465
8e94896ff43720c3_003.flac,validation,长清,管平湖,CD第1册\CD14\管平湖-长清.wav,5070116,7712036,114.969,174.876,0.0078,-50.6858,0.0,0.0,0.977,-17.3047
8e94896ff43720c3_004.flac,validation,长清,管平湖,CD第1册\CD14\管平湖-长清.wav,7605174,10247094,172.453,232.36,0.0116,-51.2216,0.0,0.0,1.027,-19.4221
8e94896ff43720c3_005.flac,validation,长清,管平湖,CD第1册\CD14\管平湖-长清.wav,10140232,12782152,229.937,289.845,0.0088,-50.663,0.0,0.0,1.0235,-18.0002
8e94896ff43720c3_006.flac,validation,长清,管平湖,CD第1册\CD14\管平湖-长清.wav,12675290,15317210,287.422,347.329,0.0064,-48.348,0.0,0.0,1.0116,-18.0246
8e94896ff43720c3_007.flac,validation,长清,管平湖,CD第1册\CD14\管平湖-长清.wav,15210348,17852268,344.906,404.813,0.0167,-51.2808,0.0,0.0,0.9249,-21.1368
bf2cb26521bac28a_001.flac,train,长门怨,管平湖,CD第1册\CD14\管平湖-长门怨.wav,0,2641920,0.0,59.907,0.2771,-38.6844,0.0622,1.4022,0.5891,-16.1932
bf2cb26521bac28a_002.flac,train,长门怨,管平湖,CD第1册\CD14\管平湖-长门怨.wav,2523689,5165609,57.227,117.134,0.2428,-37.8235,0.0606,1.1184,0.7163,-15.198
bf2cb26521bac28a_003.flac,train,长门怨,管平湖,CD第1册\CD14\管平湖-长门怨.wav,5047378,7689298,114.453,174.36,0.2349,-39.5765,0.0459,1.519,0.8606,-14.4953
bf2cb26521bac28a_004.flac,train,长门怨,管平湖,CD第1册\CD14\管平湖-长门怨.wav,7571066,10212986,171.68,231.587,0.245,-37.1217,0.0636,1.8028,0.7826,-13.9815
bf2cb26521bac28a_005.flac,train,长门怨,管平湖,CD第1册\CD14\管平湖-长门怨.wav,10094755,12736675,228.906,288.813,0.2111,-38.0489,0.0357,1.0182,0.8506,-13.5924
bf2cb26521bac28a_006.flac,train,长门怨,管平湖,CD第1册\CD14\管平湖-长门怨.wav,12618444,15260364,286.133,346.04,0.2606,-38.7268,0.0477,1.3688,0.6898,-14.2421
fe9091bbe40a3a04_001.flac,train,风雷引,管平湖,CD第1册\CD14\管平湖-风雷引.wav,0,2641920,0.0,59.907,0.0474,-46.5536,0.0,0.0,0.8291,-20.898
fe9091bbe40a3a04_002.flac,train,风雷引,管平湖,CD第1册\CD14\管平湖-风雷引.wav,2523880,5165800,57.231,117.138,0.0365,-45.8012,0.0,0.0,0.8412,-18.4315
fe9091bbe40a3a04_003.flac,train,风雷引,管平湖,CD第1册\CD14\管平湖-风雷引.wav,5047760,7689680,114.462,174.369,0.0387,-47.1718,0.0,0.0,0.8459,-17.4941
fe9091bbe40a3a04_004.flac,train,风雷引,管平湖,CD第1册\CD14\管平湖-风雷引.wav,7571640,10213560,171.693,231.6,0.0683,-49.1869,0.0,0.0,0.7706,-18.5817
da04ffaf14fef500_001.flac,train,鸥鹭忘机,管平湖,CD第1册\CD17\管平湖-鸥鹭忘机.wav,0,2641920,0.0,59.907,0.153,-55.0381,0.0,0.0,0.7112,-20.8176
da04ffaf14fef500_002.flac,train,鸥鹭忘机,管平湖,CD第1册\CD17\管平湖-鸥鹭忘机.wav,2174299,4816219,49.304,109.211,0.1527,-52.699,0.0,0.0,0.6972,-19.5852
da04ffaf14fef500_003.flac,train,鸥鹭忘机,管平湖,CD第1册\CD17\管平湖-鸥鹭忘机.wav,4348598,6990518,98.608,158.515,0.036,-52.0191,0.0,0.0,0.827,-17.9585
da04ffaf14fef500_004.flac,train,鸥鹭忘机,管平湖,CD第1册\CD17\管平湖-鸥鹭忘机.wav,6522898,9164818,147.912,207.819,0.0855,-53.4295,0.0,0.0,0.7744,-19.577
da04ffaf14fef500_005.flac,train,鸥鹭忘机,管平湖,CD第1册\CD17\管平湖-鸥鹭忘机.wav,8697197,11339117,197.215,257.123,0.0247,-52.8538,0.0,0.0,0.9022,-17.3485
da04ffaf14fef500_006.flac,train,鸥鹭忘机,管平湖,CD第1册\CD17\管平湖-鸥鹭忘机.wav,10871496,13513416,246.519,306.427,0.0723,-56.5857,0.0,0.0,0.7954,-19.3003
7eb1c8b6e11fdea2_001.flac,train,龙翔操,管平湖,CD第1册\CD17\管平湖-龙翔操.wav,0,2641920,0.0,59.907,0.0918,-35.7889,0.0004,0.0334,0.6607,-19.0591
7eb1c8b6e11fdea2_002.flac,train,龙翔操,管平湖,CD第1册\CD17\管平湖-龙翔操.wav,2634822,5276742,59.747,119.654,0.0897,-36.1944,0.0079,0.1836,0.706,-17.2824
7eb1c8b6e11fdea2_003.flac,train,龙翔操,管平湖,CD第1册\CD17\管平湖-龙翔操.wav,5269644,7911564,119.493,179.401,0.0736,-35.8055,0.0002,0.0167,0.7726,-15.2861
7eb1c8b6e11fdea2_004.flac,train,龙翔操,管平湖,CD第1册\CD17\管平湖-龙翔操.wav,7904466,10546386,179.24,239.147,0.0585,-35.8868,0.0006,0.0167,0.8002,-14.0543
7eb1c8b6e11fdea2_005.flac,train,龙翔操,管平湖,CD第1册\CD17\管平湖-龙翔操.wav,10539288,13181208,238.986,298.894,0.0545,-33.0875,0.0,0.0,0.7852,-15.9502
7eb1c8b6e11fdea2_006.flac,train,龙翔操,管平湖,CD第1册\CD17\管平湖-龙翔操.wav,13174110,15816030,298.733,358.64,0.062,-33.8041,0.0037,0.1669,0.7707,-15.8427
7eb1c8b6e11fdea2_007.flac,train,龙翔操,管平湖,CD第1册\CD17\管平湖-龙翔操.wav,15808932,18450852,358.479,418.387,0.0688,-36.4119,0.0002,0.0167,0.6925,-16.098
5045bc88a523e055_001.flac,validation,关山月,顾梅羹,CD第2册\23\顾梅羹-关山月.wav,0,2641920,0.0,59.907,0.0401,-32.5238,0.0002,0.0167,0.6979,-16.4959
5045bc88a523e055_002.flac,validation,关山月,顾梅羹,CD第2册\23\顾梅羹-关山月.wav,2441946,5083866,55.373,115.28,0.037,-30.4408,0.0,0.0,0.7304,-17.1124
5045bc88a523e055_003.flac,validation,关山月,顾梅羹,CD第2册\23\顾梅羹-关山月.wav,4883892,7525812,110.746,170.653,0.0359,-31.4255,0.0006,0.0334,0.7312,-18.6403
5e66915c2fd9570d_001.flac,test,孔子读易1,顾梅羹,CD第2册\23\顾梅羹-孔子读易1.wav,0,2641920,0.0,59.907,0.2404,-49.9463,0.0,0.0,0.6863,-16.4581
5e66915c2fd9570d_002.flac,test,孔子读易1,顾梅羹,CD第2册\23\顾梅羹-孔子读易1.wav,2328590,4970510,52.802,112.71,0.0492,-47.5331,0.0,0.0,0.9316,-15.1045
5e66915c2fd9570d_003.flac,test,孔子读易1,顾梅羹,CD第2册\23\顾梅羹-孔子读易1.wav,4657181,7299101,105.605,165.512,0.0407,-47.7232,0.0,0.0,0.9431,-13.3146
5e66915c2fd9570d_004.flac,test,孔子读易1,顾梅羹,CD第2册\23\顾梅羹-孔子读易1.wav,6985771,9627691,158.408,218.315,0.0692,-50.6332,0.0,0.0,0.9144,-16.0498
5e66915c2fd9570d_005.flac,test,孔子读易1,顾梅羹,CD第2册\23\顾梅羹-孔子读易1.wav,9314362,11956282,211.21,271.118,0.0174,-44.4733,0.0,0.0,0.9609,-14.4931
5e66915c2fd9570d_006.flac,test,孔子读易1,顾梅羹,CD第2册\23\顾梅羹-孔子读易1.wav,11642952,14284872,264.013,323.92,0.0854,-48.8642,0.0,0.0,0.7116,-17.5105
944d6b78d07cd755_001.flac,test,孔子读易2,顾梅羹,CD第2册\23\顾梅羹-孔子读易2.wav,0,2641920,0.0,59.907,0.0427,-39.6669,0.0,0.0,0.6019,-17.4953
944d6b78d07cd755_002.flac,test,孔子读易2,顾梅羹,CD第2册\23\顾梅羹-孔子读易2.wav,2452658,5094578,55.616,115.523,0.0152,-33.7489,0.0,0.0,0.7217,-16.6548
944d6b78d07cd755_003.flac,test,孔子读易2,顾梅羹,CD第2册\23\顾梅羹-孔子读易2.wav,4905317,7547237,111.232,171.139,0.012,-32.0201,0.0,0.0,0.7404,-15.8221
944d6b78d07cd755_004.flac,test,孔子读易2,顾梅羹,CD第2册\23\顾梅羹-孔子读易2.wav,7357975,9999895,166.848,226.755,0.0149,-34.7061,0.0,0.0,0.7636,-16.3814
944d6b78d07cd755_005.flac,test,孔子读易2,顾梅羹,CD第2册\23\顾梅羹-孔子读易2.wav,9810634,12452554,222.463,282.371,0.0109,-31.1416,0.0,0.0,0.7693,-15.2971
944d6b78d07cd755_006.flac,test,孔子读易2,顾梅羹,CD第2册\23\顾梅羹-孔子读易2.wav,12263292,14905212,278.079,337.987,0.0227,-38.8652,0.0,0.0,0.6399,-16.2096
d1ce7b5c0e8b081a_001.flac,test,忆故人1,顾梅羹,CD第2册\25\顾梅羹-忆故人1.wav,0,2641920,0.0,59.907,0.1626,-49.7667,0.0002,0.0167,0.5832,-17.9583
d1ce7b5c0e8b081a_002.flac,test,忆故人1,顾梅羹,CD第2册\25\顾梅羹-忆故人1.wav,2618554,5260474,59.378,119.285,0.0962,-48.7318,0.0,0.0,0.7062,-15.6494
d1ce7b5c0e8b081a_003.flac,test,忆故人1,顾梅羹,CD第2册\25\顾梅羹-忆故人1.wav,5237108,7879028,118.755,178.663,0.0777,-46.9004,0.0,0.0,0.7421,-15.5384
d1ce7b5c0e8b081a_004.flac,test,忆故人1,顾梅羹,CD第2册\25\顾梅羹-忆故人1.wav,7855662,10497582,178.133,238.04,0.0613,-44.4404,0.0,0.0,0.7618,-16.0165
d1ce7b5c0e8b081a_005.flac,test,忆故人1,顾梅羹,CD第2册\25\顾梅羹-忆故人1.wav,10474216,13116136,237.511,297.418,0.0511,-46.5767,0.0,0.0,0.7864,-14.6209
d1ce7b5c0e8b081a_006.flac,test,忆故人1,顾梅羹,CD第2册\25\顾梅羹-忆故人1.wav,13092770,15734690,296.888,356.796,0.0761,-48.098,0.0004,0.0167,0.7156,-15.6638
d1ce7b5c0e8b081a_007.flac,test,忆故人1,顾梅羹,CD第2册\25\顾梅羹-忆故人1.wav,15711324,18353244,356.266,416.173,0.1345,-50.1911,0.0,0.0,0.5976,-18.8332
c89e5996f4f7694a_001.flac,test,忆故人2,顾梅羹,CD第2册\25\顾梅羹-忆故人2.wav,0,2641920,0.0,59.907,0.044,-37.637,0.0,0.0,0.6001,-17.3529
c89e5996f4f7694a_002.flac,test,忆故人2,顾梅羹,CD第2册\25\顾梅羹-忆故人2.wav,2597386,5239306,58.898,118.805,0.0421,-38.471,0.0,0.0,0.6766,-16.6347
c89e5996f4f7694a_003.flac,test,忆故人2,顾梅羹,CD第2册\25\顾梅羹-忆故人2.wav,5194772,7836692,117.795,177.703,0.0294,-34.5118,0.0,0.0,0.652,-17.4821
c89e5996f4f7694a_004.flac,test,忆故人2,顾梅羹,CD第2册\25\顾梅羹-忆故人2.wav,7792158,10434078,176.693,236.6,0.039,-33.0314,0.0,0.0,0.6796,-17.3284
c89e5996f4f7694a_005.flac,test,忆故人2,顾梅羹,CD第2册\25\顾梅羹-忆故人2.wav,10389544,13031464,235.591,295.498,0.0234,-30.0707,0.0,0.0,0.6604,-16.5903
c89e5996f4f7694a_006.flac,test,忆故人2,顾梅羹,CD第2册\25\顾梅羹-忆故人2.wav,12986930,15628850,294.488,354.396,0.0323,-30.9222,0.0,0.0,0.6561,-17.392
c89e5996f4f7694a_007.flac,test,忆故人2,顾梅羹,CD第2册\25\顾梅羹-忆故人2.wav,15584316,18226236,353.386,413.293,0.0483,-36.5638,0.0,0.0,0.6235,-18.4625
420308af7753c9a0_001.flac,train,汉宫秋月-残,顾梅羹,CD第2册\23\顾梅羹-汉宫秋月-残.wav,0,2641920,0.0,59.907,0.2023,-47.9252,0.0,0.0,0.4984,-9.4857
420308af7753c9a0_002.flac,train,汉宫秋月-残,顾梅羹,CD第2册\23\顾梅羹-汉宫秋月-残.wav,2410010,5051930,54.649,114.556,0.156,-46.1292,0.0,0.0,0.5439,-9.7267
420308af7753c9a0_003.flac,train,汉宫秋月-残,顾梅羹,CD第2册\23\顾梅羹-汉宫秋月-残.wav,4820020,7461940,109.298,169.205,0.1508,-47.3152,0.0,0.0,0.5573,-9.3192
420308af7753c9a0_004.flac,train,汉宫秋月-残,顾梅羹,CD第2册\23\顾梅羹-汉宫秋月-残.wav,7230030,9871950,163.946,223.854,0.1324,-45.6205,0.0,0.0,0.5877,-9.5302
420308af7753c9a0_005.flac,train,汉宫秋月-残,顾梅羹,CD第2册\23\顾梅羹-汉宫秋月-残.wav,9640040,12281960,218.595,278.502,0.113,-46.3544,0.0,0.0,0.5963,-9.5952
420308af7753c9a0_006.flac,train,汉宫秋月-残,顾梅羹,CD第2册\23\顾梅羹-汉宫秋月-残.wav,12050050,14691970,273.244,333.151,0.0871,-45.3557,0.0,0.0,0.6153,-9.1888
420308af7753c9a0_007.flac,train,汉宫秋月-残,顾梅羹,CD第2册\23\顾梅羹-汉宫秋月-残.wav,14460060,17101980,327.893,387.8,0.0932,-44.9828,0.0,0.0,0.595,-9.9683
f9b86a0e3a0ca503_001.flac,train,流水1,顾梅羹,CD第2册\23\顾梅羹-流水1.wav,0,2641920,0.0,59.907,0.0104,-47.452,0.0,0.0,0.9332,-15.7601
f9b86a0e3a0ca503_002.flac,train,流水1,顾梅羹,CD第2册\23\顾梅羹-流水1.wav,2304619,4946539,52.259,112.166,0.0057,-43.8683,0.0,0.0,1.0147,-15.4938
f9b86a0e3a0ca503_003.flac,train,流水1,顾梅羹,CD第2册\23\顾梅羹-流水1.wav,4609238,7251158,104.518,164.425,0.0025,-41.1331,0.0,0.0,1.0044,-14.5677
f9b86a0e3a0ca503_004.flac,train,流水1,顾梅羹,CD第2册\23\顾梅羹-流水1.wav,6913857,9555777,156.777,216.684,0.0018,-40.5028,0.0,0.0,0.8616,-15.0214
f9b86a0e3a0ca503_005.flac,train,流水1,顾梅羹,CD第2册\23\顾梅羹-流水1.wav,9218475,11860395,209.036,268.943,0.0015,-40.7582,0.0,0.0,0.802,-13.9516
f9b86a0e3a0ca503_006.flac,train,流水1,顾梅羹,CD第2册\23\顾梅羹-流水1.wav,11523094,14165014,261.295,321.202,0.0015,-41.6236,0.0,0.0,0.8903,-14.3975
f9b86a0e3a0ca503_007.flac,train,流水1,顾梅羹,CD第2册\23\顾梅羹-流水1.wav,13827713,16469633,313.554,373.461,0.0018,-40.1646,0.0,0.0,0.9624,-14.5814
f9b86a0e3a0ca503_008.flac,train,流水1,顾梅羹,CD第2册\23\顾梅羹-流水1.wav,16132332,18774252,365.813,425.72,0.0039,-44.153,0.0,0.0,0.8601,-16.9995
1891f99fa9a10ec9_001.flac,train,流水2,顾梅羹,CD第2册\23\顾梅羹-流水2.wav,0,2641920,0.0,59.907,0.0475,-40.1541,0.0,0.0,0.6265,-23.5348
1891f99fa9a10ec9_002.flac,train,流水2,顾梅羹,CD第2册\23\顾梅羹-流水2.wav,2370727,5012647,53.758,113.665,0.0384,-38.7289,0.0,0.0,0.7598,-24.3249
1891f99fa9a10ec9_003.flac,train,流水2,顾梅羹,CD第2册\23\顾梅羹-流水2.wav,4741454,7383374,107.516,167.423,0.0282,-38.8243,0.0002,0.0167,0.7695,-22.8839
1891f99fa9a10ec9_004.flac,train,流水2,顾梅羹,CD第2册\23\顾梅羹-流水2.wav,7112181,9754101,161.274,221.181,0.0188,-40.2077,0.0,0.0,0.723,-21.0845
1891f99fa9a10ec9_005.flac,train,流水2,顾梅羹,CD第2册\23\顾梅羹-流水2.wav,9482907,12124827,215.032,274.939,0.0152,-38.957,0.0,0.0,0.7273,-20.936
1891f99fa9a10ec9_006.flac,train,流水2,顾梅羹,CD第2册\23\顾梅羹-流水2.wav,11853634,14495554,268.79,328.697,0.0157,-37.3466,0.0002,0.0167,0.7953,-21.9218
1891f99fa9a10ec9_007.flac,train,流水2,顾梅羹,CD第2册\23\顾梅羹-流水2.wav,14224361,16866281,322.548,382.455,0.0236,-37.4124,0.0,0.0,0.7663,-21.405
1891f99fa9a10ec9_008.flac,train,流水2,顾梅羹,CD第2册\23\顾梅羹-流水2.wav,16595088,19237008,376.306,436.213,0.0394,-38.5914,0.0,0.0,0.6405,-25.1275
9341ee480fd800f9_001.flac,train,流水3,顾梅羹,CD第2册\23\顾梅羹-流水3.wav,0,2641920,0.0,59.907,0.0582,-37.7292,0.0,0.0,0.772,-18.2058
9341ee480fd800f9_002.flac,train,流水3,顾梅羹,CD第2册\23\顾梅羹-流水3.wav,2343343,4985263,53.137,113.045,0.0509,-35.2718,0.0002,0.0167,0.8711,-16.9051
9341ee480fd800f9_003.flac,train,流水3,顾梅羹,CD第2册\23\顾梅羹-流水3.wav,4686686,7328606,106.274,166.182,0.0274,-33.4872,0.001,0.0501,0.8521,-13.6309
9341ee480fd800f9_004.flac,train,流水3,顾梅羹,CD第2册\23\顾梅羹-流水3.wav,7030029,9671949,159.411,219.319,0.0129,-30.8938,0.0,0.0,0.7712,-12.6665
9341ee480fd800f9_005.flac,train,流水3,顾梅羹,CD第2册\23\顾梅羹-流水3.wav,9373371,12015291,212.548,272.456,0.0098,-29.236,0.0,0.0,0.7641,-12.9557
9341ee480fd800f9_006.flac,train,流水3,顾梅羹,CD第2册\23\顾梅羹-流水3.wav,11716714,14358634,265.685,325.593,0.0129,-29.1898,0.0002,0.0167,0.8267,-13.3041
9341ee480fd800f9_007.flac,train,流水3,顾梅羹,CD第2册\23\顾梅羹-流水3.wav,14060057,16701977,318.822,378.73,0.0255,-32.6637,0.0,0.0,0.8718,-13.869
9341ee480fd800f9_008.flac,train,流水3,顾梅羹,CD第2册\23\顾梅羹-流水3.wav,16403400,19045320,371.959,431.867,0.039,-35.9875,0.0006,0.0334,0.79,-15.6632
f375fb8c94b705a4_001.flac,train,潇湘水云,顾梅羹,CD第2册\25\顾梅羹-潇湘水云.wav,0,2641920,0.0,59.907,0.235,-51.6958,0.0,0.0,0.5748,-17.3174
f375fb8c94b705a4_002.flac,train,潇湘水云,顾梅羹,CD第2册\25\顾梅羹-潇湘水云.wav,2504549,5146469,56.792,116.7,0.1766,-45.7317,0.0,0.0,0.6746,-17.416
f375fb8c94b705a4_003.flac,train,潇湘水云,顾梅羹,CD第2册\25\顾梅羹-潇湘水云.wav,5009099,7651019,113.585,173.492,0.0742,-44.8029,0.0,0.0,0.7834,-19.9181
f375fb8c94b705a4_004.flac,train,潇湘水云,顾梅羹,CD第2册\25\顾梅羹-潇湘水云.wav,7513648,10155568,170.378,230.285,0.0403,-44.0235,0.0,0.0,0.8864,-15.7586
f375fb8c94b705a4_005.flac,train,潇湘水云,顾梅羹,CD第2册\25\顾梅羹-潇湘水云.wav,10018197,12660117,227.17,287.077,0.0335,-43.4553,0.0,0.0,0.8995,-15.2653
f375fb8c94b705a4_006.flac,train,潇湘水云,顾梅羹,CD第2册\25\顾梅羹-潇湘水云.wav,12522747,15164667,283.963,343.87,0.0253,-43.3741,0.0,0.0,0.9145,-12.241
f375fb8c94b705a4_007.flac,train,潇湘水云,顾梅羹,CD第2册\25\顾梅羹-潇湘水云.wav,15027296,17669216,340.755,400.662,0.0254,-44.37,0.0,0.0,0.914,-12.7371
f375fb8c94b705a4_008.flac,train,潇湘水云,顾梅羹,CD第2册\25\顾梅羹-潇湘水云.wav,17531845,20173765,397.548,457.455,0.0216,-42.9109,0.0,0.0,0.8761,-14.5529
f375fb8c94b705a4_009.flac,train,潇湘水云,顾梅羹,CD第2册\25\顾梅羹-潇湘水云.wav,20036395,22678315,454.34,514.248,0.0293,-43.3278,0.0,0.0,0.8728,-15.0869
f375fb8c94b705a4_010.flac,train,潇湘水云,顾梅羹,CD第2册\25\顾梅羹-潇湘水云.wav,22540944,25182864,511.133,571.04,0.0864,-45.2374,0.0002,0.0167,0.7086,-16.3245
e0970c77efe08a96_001.flac,train,醉渔唱晚1,顾梅羹,CD第2册\25\顾梅羹-醉渔唱晚1.wav,0,2641920,0.0,59.907,0.0111,-44.9847,0.0,0.0,0.775,-15.9794
e0970c77efe08a96_002.flac,train,醉渔唱晚1,顾梅羹,CD第2册\25\顾梅羹-醉渔唱晚1.wav,2259324,4901244,51.232,111.139,0.004,-42.221,0.0,0.0,0.9393,-13.9405
e0970c77efe08a96_003.flac,train,醉渔唱晚1,顾梅羹,CD第2册\25\顾梅羹-醉渔唱晚1.wav,4518648,7160568,102.464,162.371,0.0033,-41.9044,0.0,0.0,0.953,-12.2067
e0970c77efe08a96_004.flac,train,醉渔唱晚1,顾梅羹,CD第2册\25\顾梅羹-醉渔唱晚1.wav,6777972,9419892,153.696,213.603,0.0032,-41.3169,0.0,0.0,0.8888,-12.2613
e0970c77efe08a96_005.flac,train,醉渔唱晚1,顾梅羹,CD第2册\25\顾梅羹-醉渔唱晚1.wav,9037296,11679216,204.927,264.835,0.0032,-40.6039,0.0,0.0,0.9122,-12.0217
e0970c77efe08a96_006.flac,train,醉渔唱晚1,顾梅羹,CD第2册\25\顾梅羹-醉渔唱晚1.wav,11296620,13938540,256.159,316.067,0.0122,-47.5753,0.0,0.0,0.7818,-14.7012
2dc377665d36df4c_001.flac,train,醉渔唱晚2,顾梅羹,CD第2册\25\顾梅羹-醉渔唱晚2.wav,0,2641920,0.0,59.907,0.0755,-33.2819,0.0128,0.4507,0.7623,-18.4771
2dc377665d36df4c_002.flac,train,醉渔唱晚2,顾梅羹,CD第2册\25\顾梅羹-醉渔唱晚2.wav,2228160,4870080,50.525,110.433,0.0534,-29.6215,0.006,0.2838,0.838,-16.4213
2dc377665d36df4c_003.flac,train,醉渔唱晚2,顾梅羹,CD第2册\25\顾梅羹-醉渔唱晚2.wav,4456320,7098240,101.05,160.958,0.0526,-28.6005,0.0078,0.4173,0.8356,-14.8709
2dc377665d36df4c_004.flac,train,醉渔唱晚2,顾梅羹,CD第2册\25\顾梅羹-醉渔唱晚2.wav,6684480,9326400,151.576,211.483,0.0465,-28.3919,0.0089,0.4841,0.8194,-15.011
2dc377665d36df4c_005.flac,train,醉渔唱晚2,顾梅羹,CD第2册\25\顾梅羹-醉渔唱晚2.wav,8912640,11554560,202.101,262.008,0.0494,-30.0103,0.0116,0.5508,0.8261,-14.6568
2dc377665d36df4c_006.flac,train,醉渔唱晚2,顾梅羹,CD第2册\25\顾梅羹-醉渔唱晚2.wav,11140800,13782720,252.626,312.533,0.0893,-34.9097,0.0096,0.4006,0.7441,-18.7586
d3436a45e5c98604_001.flac,train,醉渔唱晚3,顾梅羹,CD第2册\25\顾梅羹-醉渔唱晚3.wav,0,2641920,0.0,59.907,0.0468,-41.7885,0.0002,0.0167,0.6781,-16.3617
d3436a45e5c98604_002.flac,train,醉渔唱晚3,顾梅羹,CD第2册\25\顾梅羹-醉渔唱晚3.wav,2326003,4967923,52.744,112.651,0.0202,-34.2538,0.0,0.0,0.7327,-17.3423
d3436a45e5c98604_003.flac,train,醉渔唱晚3,顾梅羹,CD第2册\25\顾梅羹-醉渔唱晚3.wav,4652006,7293926,105.488,165.395,0.0173,-32.3893,0.0,0.0,0.7414,-17.2999
d3436a45e5c98604_004.flac,train,醉渔唱晚3,顾梅羹,CD第2册\25\顾梅羹-醉渔唱晚3.wav,6978010,9619930,158.232,218.139,0.0188,-33.0017,0.0,0.0,0.75,-17.6042
d3436a45e5c98604_005.flac,train,醉渔唱晚3,顾梅羹,CD第2册\25\顾梅羹-醉渔唱晚3.wav,9304013,11945933,210.975,270.883,0.0181,-33.5421,0.0,0.0,0.6934,-16.4187
d3436a45e5c98604_006.flac,train,醉渔唱晚3,顾梅羹,CD第2册\25\顾梅羹-醉渔唱晚3.wav,11630016,14271936,263.719,323.627,0.0844,-43.6867,0.0,0.0,0.6747,-17.6217
189bc25f0f483e72_001.flac,train,长侧,顾梅羹,CD第2册\23\顾梅羹-长侧.wav,0,2641920,0.0,59.907,0.0191,-41.8341,0.0,0.0,0.8597,-18.0206
189bc25f0f483e72_002.flac,train,长侧,顾梅羹,CD第2册\23\顾梅羹-长侧.wav,2565340,5207260,58.171,118.078,0.0066,-37.2325,0.0,0.0,1.0125,-17.108
189bc25f0f483e72_003.flac,train,长侧,顾梅羹,CD第2册\23\顾梅羹-长侧.wav,5130680,7772600,116.342,176.249,0.006,-38.899,0.0,0.0,1.0724,-14.6171
189bc25f0f483e72_004.flac,train,长侧,顾梅羹,CD第2册\23\顾梅羹-长侧.wav,7696020,10337940,174.513,234.42,0.0036,-36.2183,0.0,0.0,1.0754,-14.9322
189bc25f0f483e72_005.flac,train,长侧,顾梅羹,CD第2册\23\顾梅羹-长侧.wav,10261360,12903280,232.684,292.591,0.0035,-35.4131,0.0,0.0,1.1302,-14.6213
189bc25f0f483e72_006.flac,train,长侧,顾梅羹,CD第2册\23\顾梅羹-长侧.wav,12826700,15468620,290.855,350.762,0.004,-36.9891,0.0,0.0,1.0242,-14.5092
189bc25f0f483e72_007.flac,train,长侧,顾梅羹,CD第2册\23\顾梅羹-长侧.wav,15392040,18033960,349.026,408.933,0.0071,-38.6333,0.0,0.0,0.9992,-16.564
9490b2557626dd54_001.flac,train,高山,顾梅羹,CD第2册\23\顾梅羹-高山.wav,0,2641920,0.0,59.907,0.0315,-39.539,0.0,0.0,0.5766,-10.4591
9490b2557626dd54_002.flac,train,高山,顾梅羹,CD第2册\23\顾梅羹-高山.wav,2511106,5153026,56.941,116.849,0.0279,-37.3917,0.0,0.0,0.6305,-10.2563
9490b2557626dd54_003.flac,train,高山,顾梅羹,CD第2册\23\顾梅羹-高山.wav,5022211,7664131,113.882,173.79,0.0195,-36.8373,0.0,0.0,0.6962,-10.2604
9490b2557626dd54_004.flac,train,高山,顾梅羹,CD第2册\23\顾梅羹-高山.wav,7533317,10175237,170.824,230.731,0.0153,-34.312,0.0,0.0,0.6744,-10.2475
9490b2557626dd54_005.flac,train,高山,顾梅羹,CD第2册\23\顾梅羹-高山.wav,10044422,12686342,227.765,287.672,0.0126,-33.8606,0.0008,0.0334,0.6814,-9.795
9490b2557626dd54_006.flac,train,高山,顾梅羹,CD第2册\23\顾梅羹-高山.wav,12555528,15197448,284.706,344.613,0.0192,-36.4219,0.0,0.0,0.6457,-10.3831
cd8c742b763a8f3d_001.flac,train,春闺怨,向笙阶,CD第1册\CD10\向笙阶-春闺怨.wav,0,2641920,0.0,59.907,0.0089,-37.7221,0.0,0.0,1.03,-17.9259
cd8c742b763a8f3d_002.flac,train,春闺怨,向笙阶,CD第1册\CD10\向笙阶-春闺怨.wav,2098848,4740768,47.593,107.5,0.005,-35.5081,0.0,0.0,1.1161,-16.834
cd8c742b763a8f3d_003.flac,train,春闺怨,向笙阶,CD第1册\CD10\向笙阶-春闺怨.wav,4197696,6839616,95.186,155.093,0.0052,-35.6288,0.0,0.0,1.131,-16.4507
30f5932e133f3efe_001.flac,train,风雷引,吴宗汉,CD第3册\39\吴宗汉-风雷引.wav,0,2641920,0.0,59.907,0.0579,-48.3139,0.0006,0.0,0.9095,-13.0267
30f5932e133f3efe_002.flac,train,风雷引,吴宗汉,CD第3册\39\吴宗汉-风雷引.wav,2072094,4714014,46.986,106.894,0.0229,-46.915,0.0,0.0,1.0226,-11.578
30f5932e133f3efe_003.flac,train,风雷引,吴宗汉,CD第3册\39\吴宗汉-风雷引.wav,4144188,6786108,93.973,153.88,0.0299,-47.6279,0.0,0.0,1.0073,-11.7889
eed68276bbf91a3e_001.flac,train,幽兰,吴振平,CD第3册\46\吴振平-幽兰.wav,0,2641920,0.0,59.907,0.0656,-44.2797,0.0,0.0,0.4712,-14.5839
eed68276bbf91a3e_002.flac,train,幽兰,吴振平,CD第3册\46\吴振平-幽兰.wav,2440915,5082835,55.35,115.257,0.1056,-51.004,0.0,0.0,0.4969,-13.0583
eed68276bbf91a3e_003.flac,train,幽兰,吴振平,CD第3册\46\吴振平-幽兰.wav,4881829,7523749,110.699,170.607,0.1067,-51.3408,0.0,0.0,0.4439,-12.9948
eed68276bbf91a3e_004.flac,train,幽兰,吴振平,CD第3册\46\吴振平-幽兰.wav,7322744,9964664,166.049,225.956,0.0884,-48.2654,0.0,0.0,0.4447,-13.2101
eed68276bbf91a3e_005.flac,train,幽兰,吴振平,CD第3册\46\吴振平-幽兰.wav,9763659,12405579,221.398,281.306,0.1175,-52.317,0.0,0.0,0.4988,-12.6954
eed68276bbf91a3e_006.flac,train,幽兰,吴振平,CD第3册\46\吴振平-幽兰.wav,12204573,14846493,276.748,336.655,0.1256,-54.1535,0.0,0.0,0.4297,-12.2212
eed68276bbf91a3e_007.flac,train,幽兰,吴振平,CD第3册\46\吴振平-幽兰.wav,14645488,17287408,332.097,392.005,0.1025,-52.7723,0.0,0.0,0.4336,-12.4666
eed68276bbf91a3e_008.flac,train,幽兰,吴振平,CD第3册\46\吴振平-幽兰.wav,17086403,19728323,387.447,447.354,0.1238,-53.3225,0.0,0.0,0.5241,-12.4144
eed68276bbf91a3e_009.flac,train,幽兰,吴振平,CD第3册\46\吴振平-幽兰.wav,19527317,22169237,442.796,502.704,0.1064,-51.6535,0.0,0.0,0.4257,-12.7097
eed68276bbf91a3e_010.flac,train,幽兰,吴振平,CD第3册\46\吴振平-幽兰.wav,21968232,24610152,498.146,558.053,0.0881,-49.4277,0.0,0.0,0.4531,-12.5802
a294f29b3eb8692a_001.flac,train,电影李时珍,吴振平,CD第3册\46\吴振平-电影李时珍.wav,0,2641920,0.0,59.907,0.0082,-35.941,0.0,0.0,0.5842,-18.3512
a294f29b3eb8692a_002.flac,train,电影李时珍,吴振平,CD第3册\46\吴振平-电影李时珍.wav,2500728,5142648,56.706,116.613,0.0054,-29.6127,0.0,0.0,0.567,-21.4416
8669d4b6995f7abe_001.flac,train,苏门长啸,吴振平,CD第3册\46\吴振平-苏门长啸.wav,0,2641920,0.0,59.907,0.5515,-41.5197,0.001,0.0668,0.1485,-20.2316
8669d4b6995f7abe_002.flac,train,苏门长啸,吴振平,CD第3册\46\吴振平-苏门长啸.wav,2529766,5171686,57.364,117.272,0.5517,-45.8824,0.0,0.0,0.1526,-17.6691
8669d4b6995f7abe_003.flac,train,苏门长啸,吴振平,CD第3册\46\吴振平-苏门长啸.wav,5059532,7701452,114.729,174.636,0.5517,-47.6348,0.0,0.0,0.1492,-18.2465
8669d4b6995f7abe_004.flac,train,苏门长啸,吴振平,CD第3册\46\吴振平-苏门长啸.wav,7589298,10231218,172.093,232.0,0.5496,-46.3334,0.0,0.0,0.1457,-18.5528
8669d4b6995f7abe_005.flac,train,苏门长啸,吴振平,CD第3册\46\吴振平-苏门长啸.wav,10119064,12760984,229.457,289.365,0.5493,-50.3082,0.0,0.0,0.1513,-15.539
8669d4b6995f7abe_006.flac,train,苏门长啸,吴振平,CD第3册\46\吴振平-苏门长啸.wav,12648830,15290750,286.822,346.729,0.5509,-47.5841,0.0006,0.0167,0.1495,-17.8958
8669d4b6995f7abe_007.flac,train,苏门长啸,吴振平,CD第3册\46\吴振平-苏门长啸.wav,15178596,17820516,344.186,404.093,0.5492,-44.4828,0.0034,0.2003,0.1386,-20.9657
43f7f05fc576fd11_001.flac,train,良宵引,孙培章,CD第4册\62\孙培章-良宵引.wav,0,2641920,0.0,59.907,0.1222,-31.5972,0.0884,2.7042,1.3874,-22.679
43f7f05fc576fd11_002.flac,train,良宵引,孙培章,CD第4册\62\孙培章-良宵引.wav,1780648,4422568,40.378,100.285,0.0442,-30.7199,0.0636,1.9196,1.264,-21.4074
43f7f05fc576fd11_003.flac,train,良宵引,孙培章,CD第4册\62\孙培章-良宵引.wav,3561296,6203216,80.755,140.662,0.0198,-30.0043,0.0378,1.1351,1.1511,-20.5071
43f7f05fc576fd11_004.flac,train,良宵引,孙培章,CD第4册\62\孙培章-良宵引.wav,5341944,7983864,121.133,181.04,0.0425,-35.5698,0.0193,0.8012,1.1777,-20.7468
e86dcb133cb0b893_001.flac,train,阳关三叠,孙培章,CD第4册\62\孙培章-阳关三叠.wav,0,2641920,0.0,59.907,0.0522,-34.8421,0.0299,1.1184,1.207,-16.1686
e86dcb133cb0b893_002.flac,train,阳关三叠,孙培章,CD第4册\62\孙培章-阳关三叠.wav,2017713,4659633,45.753,105.661,0.0389,-35.228,0.0153,0.6844,1.2296,-17.1246
e86dcb133cb0b893_003.flac,train,阳关三叠,孙培章,CD第4册\62\孙培章-阳关三叠.wav,4035426,6677346,91.506,151.414,0.0374,-36.0225,0.0079,0.3839,1.1582,-17.3976
e86dcb133cb0b893_004.flac,train,阳关三叠,孙培章,CD第4册\62\孙培章-阳关三叠.wav,6053139,8695059,137.259,197.167,0.0336,-34.9562,0.0078,0.3672,1.1961,-16.9273
e86dcb133cb0b893_005.flac,train,阳关三叠,孙培章,CD第4册\62\孙培章-阳关三叠.wav,8070852,10712772,183.013,242.92,0.0585,-38.1176,0.0061,0.2504,1.0993,-15.6296
af603c5b7a430048_001.flac,train,天风环珮2,张子谦,CD第2册\30\张子谦-天风环珮2.wav,0,2641920,0.0,59.907,0.0363,-33.9102,0.001,0.0668,0.7939,-20.3565
af603c5b7a430048_002.flac,train,天风环珮2,张子谦,CD第2册\30\张子谦-天风环珮2.wav,1980660,4622580,44.913,104.82,0.0418,-36.3259,0.0004,0.0167,0.8988,-21.2759
af603c5b7a430048_003.flac,train,天风环珮2,张子谦,CD第2册\30\张子谦-天风环珮2.wav,3961320,6603240,89.826,149.733,0.0315,-34.6569,0.001,0.0334,0.803,-19.9064
ebe6777625d32715_001.flac,test,忆故人,张子谦,CD第2册\31\张子谦-忆故人.wav,0,2641920,0.0,59.907,0.1924,-36.6722,0.0328,1.3521,0.4864,-24.8994
ebe6777625d32715_002.flac,test,忆故人,张子谦,CD第2册\31\张子谦-忆故人.wav,2540350,5182270,57.604,117.512,0.2044,-40.6803,0.0183,0.8847,0.5025,-24.6311
ebe6777625d32715_003.flac,test,忆故人,张子谦,CD第2册\31\张子谦-忆故人.wav,5080700,7722620,115.209,175.116,0.1479,-38.7861,0.0016,0.1168,0.5333,-23.6537
ebe6777625d32715_004.flac,test,忆故人,张子谦,CD第2册\31\张子谦-忆故人.wav,7621050,10262970,172.813,232.72,0.1269,-38.8314,0.0022,0.1669,0.5636,-23.0585
ebe6777625d32715_005.flac,test,忆故人,张子谦,CD第2册\31\张子谦-忆故人.wav,10161400,12803320,230.417,290.325,0.0786,-37.7912,0.0016,0.1002,0.5749,-22.9322
ebe6777625d32715_006.flac,test,忆故人,张子谦,CD第2册\31\张子谦-忆故人.wav,12701750,15343670,288.022,347.929,0.1298,-38.7195,0.0071,0.3839,0.5398,-23.4553
ebe6777625d32715_007.flac,test,忆故人,张子谦,CD第2册\31\张子谦-忆故人.wav,15242100,17884020,345.626,405.533,0.1984,-41.0724,0.011,0.4006,0.4556,-24.2256
75446dd1c9cc9604_001.flac,train,梅花三弄1,张子谦,CD第2册\29\张子谦-梅花三弄1.wav,0,2641920,0.0,59.907,0.0952,-37.6568,0.0004,0.0334,0.6589,-19.3588
75446dd1c9cc9604_002.flac,train,梅花三弄1,张子谦,CD第2册\29\张子谦-梅花三弄1.wav,2363755,5005675,53.6,113.507,0.0953,-32.9332,0.0045,0.1502,0.8174,-16.5656
75446dd1c9cc9604_003.flac,train,梅花三弄1,张子谦,CD第2册\29\张子谦-梅花三弄1.wav,4727510,7369430,107.2,167.107,0.073,-34.6211,0.0078,0.217,0.8617,-13.9012
75446dd1c9cc9604_004.flac,train,梅花三弄1,张子谦,CD第2册\29\张子谦-梅花三弄1.wav,7091265,9733185,160.8,220.707,0.0888,-32.4126,0.0087,0.4674,0.8687,-14.6011
75446dd1c9cc9604_005.flac,train,梅花三弄1,张子谦,CD第2册\29\张子谦-梅花三弄1.wav,9455019,12096939,214.4,274.307,0.0589,-29.2916,0.0091,0.3672,0.9121,-13.567
75446dd1c9cc9604_006.flac,train,梅花三弄1,张子谦,CD第2册\29\张子谦-梅花三弄1.wav,11818774,14460694,267.999,327.907,0.045,-28.0965,0.0095,0.3005,0.8977,-13.2991
75446dd1c9cc9604_007.flac,train,梅花三弄1,张子谦,CD第2册\29\张子谦-梅花三弄1.wav,14182529,16824449,321.599,381.507,0.0523,-28.2585,0.0068,0.2838,0.8059,-14.2319
75446dd1c9cc9604_008.flac,train,梅花三弄1,张子谦,CD第2册\29\张子谦-梅花三弄1.wav,16546284,19188204,375.199,435.107,0.0836,-32.5217,0.0113,0.4173,0.7273,-15.498
55f647bf9cf62daf_001.flac,train,梅花三弄2,张子谦,CD第2册\29\张子谦-梅花三弄2.wav,0,2641920,0.0,59.907,0.0251,-46.7977,0.0,0.0,0.6299,-15.5398
55f647bf9cf62daf_002.flac,train,梅花三弄2,张子谦,CD第2册\29\张子谦-梅花三弄2.wav,2348835,4990755,53.262,113.169,0.0191,-45.6842,0.0,0.0,0.7708,-15.719
55f647bf9cf62daf_003.flac,train,梅花三弄2,张子谦,CD第2册\29\张子谦-梅花三弄2.wav,4697670,7339590,106.523,166.431,0.0154,-43.9937,0.0,0.0,0.7857,-15.2945
55f647bf9cf62daf_004.flac,train,梅花三弄2,张子谦,CD第2册\29\张子谦-梅花三弄2.wav,7046505,9688425,159.785,219.692,0.0146,-43.244,0.0,0.0,0.7889,-15.2059
55f647bf9cf62daf_005.flac,train,梅花三弄2,张子谦,CD第2册\29\张子谦-梅花三弄2.wav,9395340,12037260,213.046,272.954,0.0155,-43.9036,0.0,0.0,0.8414,-14.967
55f647bf9cf62daf_006.flac,train,梅花三弄2,张子谦,CD第2册\29\张子谦-梅花三弄2.wav,11744175,14386095,266.308,326.215,0.0073,-37.8624,0.0,0.0,0.9081,-14.6481
55f647bf9cf62daf_007.flac,train,梅花三弄2,张子谦,CD第2册\29\张子谦-梅花三弄2.wav,14093010,16734930,319.569,379.477,0.0093,-38.4291,0.0,0.0,0.9323,-15.8523
55f647bf9cf62daf_008.flac,train,梅花三弄2,张子谦,CD第2册\29\张子谦-梅花三弄2.wav,16441845,19083765,372.831,432.738,0.0089,-41.0578,0.0,0.0,0.7883,-14.4077
55f647bf9cf62daf_009.flac,train,梅花三弄2,张子谦,CD第2册\29\张子谦-梅花三弄2.wav,18790680,21432600,426.093,486.0,0.0157,-45.2941,0.0,0.0,0.6817,-14.5151
144cceab4f321ac2_001.flac,train,梅花三弄3,张子谦,CD第2册\29\张子谦-梅花三弄3.wav,0,2641920,0.0,59.907,0.0253,-39.0109,0.0006,0.0501,0.6748,-23.2782
144cceab4f321ac2_002.flac,train,梅花三弄3,张子谦,CD第2册\29\张子谦-梅花三弄3.wav,2381616,5023536,54.005,113.912,0.0439,-39.2836,0.0017,0.0835,0.7854,-24.3995
144cceab4f321ac2_003.flac,train,梅花三弄3,张子谦,CD第2册\29\张子谦-梅花三弄3.wav,4763232,7405152,108.01,167.917,0.0372,-40.6908,0.0023,0.1168,0.8078,-20.7144
144cceab4f321ac2_004.flac,train,梅花三弄3,张子谦,CD第2册\29\张子谦-梅花三弄3.wav,7144848,9786768,162.015,221.922,0.0302,-37.0837,0.0014,0.1168,0.745,-22.8353
144cceab4f321ac2_005.flac,train,梅花三弄3,张子谦,CD第2册\29\张子谦-梅花三弄3.wav,9526464,12168384,216.02,275.927,0.0392,-36.7689,0.0043,0.2671,0.8437,-23.7294
144cceab4f321ac2_006.flac,train,梅花三弄3,张子谦,CD第2册\29\张子谦-梅花三弄3.wav,11908080,14550000,270.024,329.932,0.0308,-35.3188,0.0054,0.3672,0.814,-22.2496
144cceab4f321ac2_007.flac,train,梅花三弄3,张子谦,CD第2册\29\张子谦-梅花三弄3.wav,14289696,16931616,324.029,383.937,0.0294,-35.8456,0.0033,0.217,0.8005,-22.9517
144cceab4f321ac2_008.flac,train,梅花三弄3,张子谦,CD第2册\29\张子谦-梅花三弄3.wav,16671312,19313232,378.034,437.942,0.0153,-32.2508,0.0054,0.2671,0.6714,-24.2799
144cceab4f321ac2_009.flac,train,梅花三弄3,张子谦,CD第2册\29\张子谦-梅花三弄3.wav,19052928,21694848,432.039,491.947,0.0299,-40.0791,0.0034,0.1836,0.6214,-25.2404
b647f3704d85786a_001.flac,train,楚歌1,张子谦,CD第2册\28\张子谦-楚歌1.wav,0,2641920,0.0,59.907,0.0443,-39.2301,0.0,0.0,0.9252,-17.7116
b647f3704d85786a_002.flac,train,楚歌1,张子谦,CD第2册\28\张子谦-楚歌1.wav,2494877,5136797,56.573,116.481,0.0209,-38.3071,0.0,0.0,0.8122,-16.1743
b647f3704d85786a_003.flac,train,楚歌1,张子谦,CD第2册\28\张子谦-楚歌1.wav,4989754,7631674,113.146,173.054,0.021,-38.2569,0.0,0.0,0.8934,-15.9962
b647f3704d85786a_004.flac,train,楚歌1,张子谦,CD第2册\28\张子谦-楚歌1.wav,7484630,10126550,169.72,229.627,0.0287,-38.2929,0.0,0.0,0.8473,-16.3767
b647f3704d85786a_005.flac,train,楚歌1,张子谦,CD第2册\28\张子谦-楚歌1.wav,9979507,12621427,226.293,286.2,0.0369,-39.7623,0.0,0.0,0.8447,-16.7401
b647f3704d85786a_006.flac,train,楚歌1,张子谦,CD第2册\28\张子谦-楚歌1.wav,12474384,15116304,282.866,342.773,0.0511,-43.2591,0.0,0.0,0.7779,-16.5729
e219070089734987_001.flac,train,楚歌2,张子谦,CD第2册\28\张子谦-楚歌2.wav,0,2641920,0.0,59.907,0.0013,-36.6804,0.0,0.0,0.8942,-18.2842
e219070089734987_002.flac,train,楚歌2,张子谦,CD第2册\28\张子谦-楚歌2.wav,2404913,5046833,54.533,114.441,0.0011,-33.18,0.0,0.0,0.7528,-16.75
e219070089734987_003.flac,train,楚歌2,张子谦,CD第2册\28\张子谦-楚歌2.wav,4809826,7451746,109.066,168.974,0.0014,-31.9009,0.0,0.0,0.8215,-17.2975
e219070089734987_004.flac,train,楚歌2,张子谦,CD第2册\28\张子谦-楚歌2.wav,7214738,9856658,163.6,223.507,0.0014,-33.673,0.0,0.0,0.8692,-17.778
e219070089734987_005.flac,train,楚歌2,张子谦,CD第2册\28\张子谦-楚歌2.wav,9619651,12261571,218.133,278.04,0.0016,-36.8095,0.0,0.0,0.8487,-18.1095
e219070089734987_006.flac,train,楚歌2,张子谦,CD第2册\28\张子谦-楚歌2.wav,12024564,14666484,272.666,332.573,0.0012,-38.5451,0.0,0.0,0.8086,-17.0962
e01dc532a730b1a4_001.flac,train,渔歌,张子谦,CD第2册\31\张子谦-渔歌.wav,0,2641920,0.0,59.907,0.1279,-37.4491,0.0063,0.3172,0.5074,-16.3125
e01dc532a730b1a4_002.flac,train,渔歌,张子谦,CD第2册\31\张子谦-渔歌.wav,2449498,5091418,55.544,115.452,0.0893,-36.5462,0.0017,0.0668,0.6024,-15.8369
e01dc532a730b1a4_003.flac,train,渔歌,张子谦,CD第2册\31\张子谦-渔歌.wav,4898996,7540916,111.088,170.996,0.0754,-36.4551,0.0006,0.0334,0.6499,-15.5933
e01dc532a730b1a4_004.flac,train,渔歌,张子谦,CD第2册\31\张子谦-渔歌.wav,7348493,9990413,166.632,226.54,0.0537,-34.4929,0.0002,0.0167,0.6844,-15.2442
e01dc532a730b1a4_005.flac,train,渔歌,张子谦,CD第2册\31\张子谦-渔歌.wav,9797991,12439911,222.177,282.084,0.06,-43.5831,0.0,0.0,0.7545,-12.6734
e01dc532a730b1a4_006.flac,train,渔歌,张子谦,CD第2册\31\张子谦-渔歌.wav,12247489,14889409,277.721,337.628,0.0702,-44.4104,0.0,0.0,0.7759,-13.73
e01dc532a730b1a4_007.flac,train,渔歌,张子谦,CD第2册\31\张子谦-渔歌.wav,14696987,17338907,333.265,393.172,0.0544,-40.2862,0.0,0.0,0.7419,-13.8063
e01dc532a730b1a4_008.flac,train,渔歌,张子谦,CD第2册\31\张子谦-渔歌.wav,17146485,19788405,388.809,448.717,0.0638,-39.1559,0.0004,0.0334,0.8285,-14.56
e01dc532a730b1a4_009.flac,train,渔歌,张子谦,CD第2册\31\张子谦-渔歌.wav,19595983,22237903,444.353,504.261,0.0573,-40.3026,0.0004,0.0334,0.8206,-17.9903
e01dc532a730b1a4_010.flac,train,渔歌,张子谦,CD第2册\31\张子谦-渔歌.wav,22045480,24687400,499.898,559.805,0.0368,-37.6691,0.0,0.0,0.8314,-19.1704
e01dc532a730b1a4_011.flac,train,渔歌,张子谦,CD第2册\31\张子谦-渔歌.wav,24494978,27136898,555.442,615.349,0.0164,-35.4916,0.0,0.0,0.739,-18.4367
e01dc532a730b1a4_012.flac,train,渔歌,张子谦,CD第2册\31\张子谦-渔歌.wav,26944476,29586396,610.986,670.893,0.0622,-37.9515,0.0,0.0,0.6606,-19.8018
d10c6183a230dc35_001.flac,train,秋鸿2,张子谦,CD第2册\30\张子谦-秋鸿2.wav,0,2641920,0.0,59.907,0.0085,-38.4035,0.0,0.0,0.6769,-19.0833
d10c6183a230dc35_002.flac,train,秋鸿2,张子谦,CD第2册\30\张子谦-秋鸿2.wav,2602259,5244179,59.008,118.916,0.0095,-36.5364,0.0,0.0,0.6163,-19.8713
d10c6183a230dc35_003.flac,train,秋鸿2,张子谦,CD第2册\30\张子谦-秋鸿2.wav,5204518,7846438,118.016,177.924,0.0121,-36.5435,0.0,0.0,0.6055,-20.5173
d10c6183a230dc35_004.flac,train,秋鸿2,张子谦,CD第2册\30\张子谦-秋鸿2.wav,7806777,10448697,177.024,236.932,0.0108,-36.0554,0.0,0.0,0.6302,-20.2989
d10c6183a230dc35_005.flac,train,秋鸿2,张子谦,CD第2册\30\张子谦-秋鸿2.wav,10409036,13050956,236.033,295.94,0.0089,-36.1139,0.0,0.0,0.6982,-18.8821
d10c6183a230dc35_006.flac,train,秋鸿2,张子谦,CD第2册\30\张子谦-秋鸿2.wav,13011295,15653215,295.041,354.948,0.0069,-32.6899,0.0,0.0,0.7129,-20.1493
d10c6183a230dc35_007.flac,train,秋鸿2,张子谦,CD第2册\30\张子谦-秋鸿2.wav,15613554,18255474,354.049,413.956,0.0067,-34.0199,0.0,0.0,0.7177,-17.9924
d10c6183a230dc35_008.flac,train,秋鸿2,张子谦,CD第2册\30\张子谦-秋鸿2.wav,18215814,20857734,413.057,472.964,0.0058,-33.7267,0.0,0.0,0.7705,-18.3548
d10c6183a230dc35_009.flac,train,秋鸿2,张子谦,CD第2册\30\张子谦-秋鸿2.wav,20818073,23459993,472.065,531.973,0.0042,-29.4671,0.0,0.0,0.7764,-18.4111
d10c6183a230dc35_010.flac,train,秋鸿2,张子谦,CD第2册\30\张子谦-秋鸿2.wav,23420332,26062252,531.073,590.981,0.0049,-30.7051,0.0,0.0,0.6888,-18.4954
d10c6183a230dc35_011.flac,train,秋鸿2,张子谦,CD第2册\30\张子谦-秋鸿2.wav,26022591,28664511,590.081,649.989,0.0051,-31.2964,0.0,0.0,0.7088,-18.7232
d10c6183a230dc35_012.flac,train,秋鸿2,张子谦,CD第2册\30\张子谦-秋鸿2.wav,28624850,31266770,649.09,708.997,0.0087,-33.1378,0.0,0.0,0.7688,-19.699
d10c6183a230dc35_013.flac,train,秋鸿2,张子谦,CD第2册\30\张子谦-秋鸿2.wav,31227109,33869029,708.098,768.005,0.01,-32.5384,0.0,0.0,0.7616,-19.3785
d10c6183a230dc35_014.flac,train,秋鸿2,张子谦,CD第2册\30\张子谦-秋鸿2.wav,33829368,36471288,767.106,827.013,0.0095,-36.5577,0.0,0.0,0.6427,-19.8549
b3d557befd53836e_001.flac,train,良宵引1,张子谦,CD第2册\28\张子谦-良宵引1.wav,0,2641920,0.0,59.907,0.0805,-34.0178,0.0027,0.1335,0.7519,-13.3113
b3d557befd53836e_002.flac,train,良宵引1,张子谦,CD第2册\28\张子谦-良宵引1.wav,1869216,4511136,42.386,102.293,0.0804,-32.4327,0.0064,0.2504,0.7269,-12.8002
f845a6a8cc4e7133_001.flac,train,良宵引2,张子谦,CD第2册\28\张子谦-良宵引2.wav,0,2641920,0.0,59.907,0.0311,-42.2127,0.0,0.0,0.6778,-20.6944
f845a6a8cc4e7133_002.flac,train,良宵引2,张子谦,CD第2册\28\张子谦-良宵引2.wav,1338564,3980484,30.353,90.26,0.023,-41.0103,0.0006,0.0501,0.6799,-19.7057
f845a6a8cc4e7133_003.flac,train,良宵引2,张子谦,CD第2册\28\张子谦-良宵引2.wav,2677128,5319048,60.706,120.613,0.0371,-41.044,0.0004,0.0167,0.6774,-21.2751
9a8fdc34b377c2ef_001.flac,train,酒狂1,张子谦,CD第2册\28\张子谦-酒狂1.wav,0,2641920,0.0,59.907,0.062,-28.4402,0.0176,0.8012,0.831,-14.4589
9a8fdc34b377c2ef_002.flac,train,酒狂1,张子谦,CD第2册\28\张子谦-酒狂1.wav,1585230,4227150,35.946,95.854,0.0681,-28.3856,0.0318,0.9682,0.8321,-13.9644
9a8fdc34b377c2ef_003.flac,train,酒狂1,张子谦,CD第2册\28\张子谦-酒狂1.wav,3170460,5812380,71.893,131.8,0.0819,-30.3463,0.0332,0.9014,0.794,-14.0673
82078f9e8cd9d07b_001.flac,train,酒狂2,张子谦,CD第2册\28\张子谦-酒狂2.wav,0,2641920,0.0,59.907,0.0064,-39.6292,0.0,0.0,0.7582,-19.7938
82078f9e8cd9d07b_002.flac,train,酒狂2,张子谦,CD第2册\28\张子谦-酒狂2.wav,1684308,4326228,38.193,98.1,0.0083,-40.6361,0.0,0.0,0.7929,-19.0308
82078f9e8cd9d07b_003.flac,train,酒狂2,张子谦,CD第2册\28\张子谦-酒狂2.wav,3368616,6010536,76.386,136.293,0.0089,-40.6706,0.0,0.0,0.7057,-19.8039
ab665d26ace98c59_001.flac,validation,长清1,张子谦,CD第2册\28\张子谦-长清1.wav,0,2641920,0.0,59.907,0.0858,-32.4537,0.0008,0.0167,0.5626,-21.398
ab665d26ace98c59_002.flac,validation,长清1,张子谦,CD第2册\28\张子谦-长清1.wav,2226456,4868376,50.487,110.394,0.0652,-29.5084,0.0089,0.2504,0.7653,-18.1865
ab665d26ace98c59_003.flac,validation,长清1,张子谦,CD第2册\28\张子谦-长清1.wav,4452912,7094832,100.973,160.881,0.0791,-28.3342,0.0223,0.6844,0.7866,-14.9594
ab665d26ace98c59_004.flac,validation,长清1,张子谦,CD第2册\28\张子谦-长清1.wav,6679368,9321288,151.46,211.367,0.074,-27.1499,0.0105,0.2838,0.8324,-16.6695
ab665d26ace98c59_005.flac,validation,长清1,张子谦,CD第2册\28\张子谦-长清1.wav,8905824,11547744,201.946,261.854,0.079,-28.7071,0.0163,0.5008,0.7664,-15.6426
ab665d26ace98c59_006.flac,validation,长清1,张子谦,CD第2册\28\张子谦-长清1.wav,11132280,13774200,252.433,312.34,0.0907,-28.897,0.0122,0.3672,0.7491,-16.5204
ab665d26ace98c59_007.flac,validation,长清1,张子谦,CD第2册\28\张子谦-长清1.wav,13358736,16000656,302.919,362.827,0.094,-30.7617,0.0109,0.2838,0.7151,-18.4414
32121777dee0df64_001.flac,train,飞鸣吟,张子谦,CD第2册\28\张子谦-飞鸣吟.wav,0,2641920,0.0,59.907,0.1751,-31.0424,0.0558,1.7861,0.7125,-17.8587
32121777dee0df64_002.flac,train,飞鸣吟,张子谦,CD第2册\28\张子谦-飞鸣吟.wav,2565408,5207328,58.173,118.08,0.1646,-29.2894,0.0609,1.9363,0.7405,-15.1276
94708da9f48cdbf3_001.flac,train,龙翔操2,张子谦,CD第2册\28\张子谦-龙翔操2.wav,0,2641920,0.0,59.907,0.0947,-32.4027,0.0118,0.2838,0.7563,-17.6561
94708da9f48cdbf3_002.flac,train,龙翔操2,张子谦,CD第2册\28\张子谦-龙翔操2.wav,2270994,4912914,51.496,111.404,0.0933,-29.5599,0.0327,0.8847,0.8618,-14.3052
94708da9f48cdbf3_003.flac,train,龙翔操2,张子谦,CD第2册\28\张子谦-龙翔操2.wav,4541988,7183908,102.993,162.9,0.0808,-29.3368,0.0192,0.8012,0.8902,-13.8028
94708da9f48cdbf3_004.flac,train,龙翔操2,张子谦,CD第2册\28\张子谦-龙翔操2.wav,6812982,9454902,154.489,214.397,0.0907,-30.2634,0.0198,0.5842,0.8132,-14.6123
94708da9f48cdbf3_005.flac,train,龙翔操2,张子谦,CD第2册\28\张子谦-龙翔操2.wav,9083976,11725896,205.986,265.893,0.0891,-31.3654,0.0159,0.4006,0.7803,-15.2869
cfc849a1c00a5500_001.flac,train,龙翔操3,张子谦,CD第2册\28\张子谦-龙翔操3.wav,0,2641920,0.0,59.907,0.0334,-38.7554,0.0004,0.0167,0.7081,-21.6343
cfc849a1c00a5500_002.flac,train,龙翔操3,张子谦,CD第2册\28\张子谦-龙翔操3.wav,2514720,5156640,57.023,116.931,0.0185,-36.3051,0.0023,0.0835,0.7666,-19.3798
cfc849a1c00a5500_003.flac,train,龙翔操3,张子谦,CD第2册\28\张子谦-龙翔操3.wav,5029440,7671360,114.046,173.954,0.0121,-35.8158,0.0,0.0,0.8334,-19.2178
cfc849a1c00a5500_004.flac,train,龙翔操3,张子谦,CD第2册\28\张子谦-龙翔操3.wav,7544160,10186080,171.069,230.977,0.0148,-34.9905,0.0017,0.0501,0.7664,-22.8722
cfc849a1c00a5500_005.flac,train,龙翔操3,张子谦,CD第2册\28\张子谦-龙翔操3.wav,10058880,12700800,228.093,288.0,0.0174,-36.2354,0.0036,0.1335,0.7225,-22.3496
db430db536a66c76_001.flac,train,龙翔操4,张子谦,CD第2册\28\张子谦-龙翔操4.wav,0,2641920,0.0,59.907,0.0069,-31.8044,0.0,0.0,0.7969,-27.191
db430db536a66c76_002.flac,train,龙翔操4,张子谦,CD第2册\28\张子谦-龙翔操4.wav,2411028,5052948,54.672,114.579,0.0062,-32.2848,0.0,0.0,0.8696,-23.949
db430db536a66c76_003.flac,train,龙翔操4,张子谦,CD第2册\28\张子谦-龙翔操4.wav,4822056,7463976,109.344,169.251,0.0059,-31.8766,0.0,0.0,0.8867,-23.204
db430db536a66c76_004.flac,train,龙翔操4,张子谦,CD第2册\28\张子谦-龙翔操4.wav,7233084,9875004,164.016,223.923,0.0061,-29.2066,0.0,0.0,0.8454,-24.018
db430db536a66c76_005.flac,train,龙翔操4,张子谦,CD第2册\28\张子谦-龙翔操4.wav,9644112,12286032,218.687,278.595,0.0048,-31.4504,0.0,0.0,0.8068,-25.2979
db430db536a66c76_006.flac,train,龙翔操4,张子谦,CD第2册\28\张子谦-龙翔操4.wav,12055140,14697060,273.359,333.267,0.006,-33.3811,0.0,0.0,0.8008,-25.9893
47bc2a75e93b99e8_001.flac,train,平沙落雁,朱龙庵,CD第3册\47\朱龙庵-平沙落雁.wav,0,2641920,0.0,59.907,0.0163,-39.8059,0.0,0.0,0.7117,-18.3074
47bc2a75e93b99e8_002.flac,train,平沙落雁,朱龙庵,CD第3册\47\朱龙庵-平沙落雁.wav,2367380,5009300,53.682,113.59,0.0048,-33.8967,0.0,0.0,0.8074,-16.7373
47bc2a75e93b99e8_003.flac,train,平沙落雁,朱龙庵,CD第3册\47\朱龙庵-平沙落雁.wav,4734760,7376680,107.364,167.272,0.0033,-33.3596,0.0,0.0,0.862,-16.2516
47bc2a75e93b99e8_004.flac,train,平沙落雁,朱龙庵,CD第3册\47\朱龙庵-平沙落雁.wav,7102140,9744060,161.046,220.954,0.0038,-34.0675,0.0,0.0,0.8432,-15.4991
47bc2a75e93b99e8_005.flac,train,平沙落雁,朱龙庵,CD第3册\47\朱龙庵-平沙落雁.wav,9469520,12111440,214.728,274.636,0.0035,-30.7832,0.0,0.0,0.8633,-16.8178
47bc2a75e93b99e8_006.flac,train,平沙落雁,朱龙庵,CD第3册\47\朱龙庵-平沙落雁.wav,11836900,14478820,268.41,328.318,0.0049,-31.8571,0.0,0.0,0.8584,-16.7849
47bc2a75e93b99e8_007.flac,train,平沙落雁,朱龙庵,CD第3册\47\朱龙庵-平沙落雁.wav,14204280,16846200,322.093,382.0,0.0047,-33.4697,0.0,0.0,0.8621,-16.8484
28f76d0dea61ac08_001.flac,train,梧叶舞秋风,朱龙庵,CD第3册\47\朱龙庵-梧叶舞秋风.wav,0,2641920,0.0,59.907,0.0161,-41.0696,0.0,0.0,0.8593,-19.1207
28f76d0dea61ac08_002.flac,train,梧叶舞秋风,朱龙庵,CD第3册\47\朱龙庵-梧叶舞秋风.wav,2176063,4817983,49.344,109.251,0.004,-32.496,0.0,0.0,0.9049,-17.1323
28f76d0dea61ac08_003.flac,train,梧叶舞秋风,朱龙庵,CD第3册\47\朱龙庵-梧叶舞秋风.wav,4352126,6994046,98.688,158.595,0.0033,-32.2171,0.0,0.0,0.9747,-16.333
28f76d0dea61ac08_004.flac,train,梧叶舞秋风,朱龙庵,CD第3册\47\朱龙庵-梧叶舞秋风.wav,6528190,9170110,148.032,207.939,0.0025,-31.517,0.0,0.0,0.9878,-15.6373
28f76d0dea61ac08_005.flac,train,梧叶舞秋风,朱龙庵,CD第3册\47\朱龙庵-梧叶舞秋风.wav,8704253,11346173,197.375,257.283,0.0018,-29.747,0.0,0.0,1.0179,-16.1896
28f76d0dea61ac08_006.flac,train,梧叶舞秋风,朱龙庵,CD第3册\47\朱龙庵-梧叶舞秋风.wav,10880316,13522236,246.719,306.627,0.0033,-33.5012,0.0,0.0,0.981,-17.4355
31439eeab1a97c7b_001.flac,validation,秋江夜泊,朱龙庵,CD第3册\47\朱龙庵-秋江夜泊.wav,0,2641920,0.0,59.907,0.002,-33.752,0.0,0.0,0.7498,-15.1813
31439eeab1a97c7b_002.flac,validation,秋江夜泊,朱龙庵,CD第3册\47\朱龙庵-秋江夜泊.wav,2270060,4911980,51.475,111.383,0.0014,-29.4471,0.0,0.0,0.7729,-14.538
31439eeab1a97c7b_003.flac,validation,秋江夜泊,朱龙庵,CD第3册\47\朱龙庵-秋江夜泊.wav,4540120,7182040,102.951,162.858,0.0014,-24.434,0.0,0.0,0.8094,-15.236
31439eeab1a97c7b_004.flac,validation,秋江夜泊,朱龙庵,CD第3册\47\朱龙庵-秋江夜泊.wav,6810180,9452100,154.426,214.333,0.0018,-28.9826,0.0,0.0,0.7713,-13.9755
0ed71038eab0c6f3_001.flac,train,长门怨,朱龙庵,CD第3册\47\朱龙庵-长门怨.wav,0,2641920,0.0,59.907,0.1234,-53.1669,0.0,0.0,0.6483,-20.4934
0ed71038eab0c6f3_002.flac,train,长门怨,朱龙庵,CD第3册\47\朱龙庵-长门怨.wav,2370809,5012729,53.76,113.667,0.0059,-43.7588,0.0,0.0,0.7864,-18.8662
0ed71038eab0c6f3_003.flac,train,长门怨,朱龙庵,CD第3册\47\朱龙庵-长门怨.wav,4741618,7383538,107.52,167.427,0.0024,-32.4602,0.0,0.0,0.8252,-18.1941
0ed71038eab0c6f3_004.flac,train,长门怨,朱龙庵,CD第3册\47\朱龙庵-长门怨.wav,7112426,9754346,161.28,221.187,0.003,-30.8724,0.0,0.0,0.8499,-17.2366
0ed71038eab0c6f3_005.flac,train,长门怨,朱龙庵,CD第3册\47\朱龙庵-长门怨.wav,9483235,12125155,215.039,274.947,0.0024,-27.9293,0.0,0.0,0.8323,-15.8455
0ed71038eab0c6f3_006.flac,train,长门怨,朱龙庵,CD第3册\47\朱龙庵-长门怨.wav,11854044,14495964,268.799,328.707,0.003,-34.7729,0.0,0.0,0.8106,-15.7243
e93224a83f575233_001.flac,train,鸥鹭忘机2,朱龙庵,CD第3册\47\朱龙庵-鸥鹭忘机2.wav,0,2641920,0.0,59.907,0.0554,-49.1943,0.0,0.0,0.674,-18.4957
e93224a83f575233_002.flac,train,鸥鹭忘机2,朱龙庵,CD第3册\47\朱龙庵-鸥鹭忘机2.wav,2351758,4993678,53.328,113.235,0.0062,-39.7535,0.0,0.0,0.9052,-16.9779
e93224a83f575233_003.flac,train,鸥鹭忘机2,朱龙庵,CD第3册\47\朱龙庵-鸥鹭忘机2.wav,4703515,7345435,106.656,166.563,0.0156,-44.6417,0.0,0.0,0.8964,-18.0833
e93224a83f575233_004.flac,train,鸥鹭忘机2,朱龙庵,CD第3册\47\朱龙庵-鸥鹭忘机2.wav,7055273,9697193,159.984,219.891,0.0159,-47.4978,0.0,0.0,0.8183,-16.4865
e93224a83f575233_005.flac,train,鸥鹭忘机2,朱龙庵,CD第3册\47\朱龙庵-鸥鹭忘机2.wav,9407030,12048950,213.311,273.219,0.021,-49.6012,0.0,0.0,0.8802,-16.9941
e93224a83f575233_006.flac,train,鸥鹭忘机2,朱龙庵,CD第3册\47\朱龙庵-鸥鹭忘机2.wav,11758788,14400708,266.639,326.547,0.0088,-47.3405,0.0,0.0,0.935,-17.2423
0fe2df78cf690ac5_001.flac,train,平沙落雁1,李璠,CD第4册\57\李璠-平沙落雁1.wav,0,2641920,0.0,59.907,0.1556,-38.3616,0.0394,1.1685,0.7653,-17.8957
0fe2df78cf690ac5_002.flac,train,平沙落雁1,李璠,CD第4册\57\李璠-平沙落雁1.wav,2196996,4838916,49.819,109.726,0.1302,-30.1683,0.0502,1.7861,0.8764,-17.7721
0fe2df78cf690ac5_003.flac,train,平沙落雁1,李璠,CD第4册\57\李璠-平沙落雁1.wav,4393992,7035912,99.637,159.544,0.1286,-33.3068,0.0343,1.4522,0.9127,-16.6093
0fe2df78cf690ac5_004.flac,train,平沙落雁1,李璠,CD第4册\57\李璠-平沙落雁1.wav,6590988,9232908,149.456,209.363,0.1293,-35.5038,0.0335,1.1852,0.9483,-16.8563
0fe2df78cf690ac5_005.flac,train,平沙落雁1,李璠,CD第4册\57\李璠-平沙落雁1.wav,8787984,11429904,199.274,259.181,0.1214,-33.0047,0.0438,1.5524,0.9609,-15.4891
0fe2df78cf690ac5_006.flac,train,平沙落雁1,李璠,CD第4册\57\李璠-平沙落雁1.wav,10984980,13626900,249.093,309.0,0.1072,-39.2354,0.0145,0.7345,0.8433,-15.0893
ba106eaed3b03aba_001.flac,train,高山1,李璠,CD第4册\57\李璠-高山1.wav,0,2641920,0.0,59.907,0.1359,-39.5833,0.0204,0.7178,0.8074,-18.1916
ba106eaed3b03aba_002.flac,train,高山1,李璠,CD第4册\57\李璠-高山1.wav,2565536,5207456,58.175,118.083,0.1323,-35.5573,0.0258,1.0015,0.9779,-17.7854
ba106eaed3b03aba_003.flac,train,高山1,李璠,CD第4册\57\李璠-高山1.wav,5131072,7772992,116.351,176.258,0.1571,-34.6853,0.0463,1.6859,1.0256,-18.3685
ba106eaed3b03aba_004.flac,train,高山1,李璠,CD第4册\57\李璠-高山1.wav,7696608,10338528,174.526,234.434,0.1596,-31.6192,0.067,2.3369,0.9862,-18.9571
ba106eaed3b03aba_005.flac,train,高山1,李璠,CD第4册\57\李璠-高山1.wav,10262144,12904064,232.702,292.609,0.1497,-30.9717,0.0541,1.9864,0.9863,-18.3099
ba106eaed3b03aba_006.flac,train,高山1,李璠,CD第4册\57\李璠-高山1.wav,12827680,15469600,290.877,350.785,0.1234,-34.5856,0.0411,1.5357,0.9953,-15.8347
ba106eaed3b03aba_007.flac,train,高山1,李璠,CD第4册\57\李璠-高山1.wav,15393216,18035136,349.053,408.96,0.1673,-35.4256,0.0451,1.4522,0.9403,-17.3954
8ac3928807afdf43_001.flac,train,乌夜啼,杨新伦,CD第2册\22\杨新伦-乌夜啼.wav,0,2641920,0.0,59.907,0.0346,-36.1517,0.0006,0.0501,0.8988,-19.7068
8ac3928807afdf43_002.flac,train,乌夜啼,杨新伦,CD第2册\22\杨新伦-乌夜啼.wav,2506246,5148166,56.831,116.738,0.0282,-34.8325,0.0002,0.0167,0.8541,-20.0947
8ac3928807afdf43_003.flac,train,乌夜啼,杨新伦,CD第2册\22\杨新伦-乌夜啼.wav,5012492,7654412,113.662,173.569,0.0236,-31.7513,0.0014,0.0835,0.8774,-18.9638
8ac3928807afdf43_004.flac,train,乌夜啼,杨新伦,CD第2册\22\杨新伦-乌夜啼.wav,7518738,10160658,170.493,230.4,0.0258,-33.7769,0.0006,0.0501,0.8594,-20.6595
8ac3928807afdf43_005.flac,train,乌夜啼,杨新伦,CD第2册\22\杨新伦-乌夜啼.wav,10024984,12666904,227.324,287.231,0.0155,-28.8616,0.0006,0.0334,0.9475,-18.2806
8ac3928807afdf43_006.flac,train,乌夜啼,杨新伦,CD第2册\22\杨新伦-乌夜啼.wav,12531230,15173150,284.155,344.062,0.0231,-30.4654,0.0002,0.0167,0.9493,-20.1092
8ac3928807afdf43_007.flac,train,乌夜啼,杨新伦,CD第2册\22\杨新伦-乌夜啼.wav,15037476,17679396,340.986,400.893,0.0271,-37.2626,0.0105,0.1502,0.8459,-20.2437
c1480c7048ee9a40_001.flac,train,怀古,杨新伦,CD第2册\22\杨新伦-怀古.wav,0,2641920,0.0,59.907,0.0161,-33.3018,0.0,0.0,0.7413,-18.2391
c1480c7048ee9a40_002.flac,train,怀古,杨新伦,CD第2册\22\杨新伦-怀古.wav,1974688,4616608,44.778,104.685,0.0141,-33.0941,0.0,0.0,0.8149,-18.1531
c1480c7048ee9a40_003.flac,train,怀古,杨新伦,CD第2册\22\杨新伦-怀古.wav,3949376,6591296,89.555,149.462,0.006,-31.2082,0.0,0.0,0.8267,-16.3126
c1480c7048ee9a40_004.flac,train,怀古,杨新伦,CD第2册\22\杨新伦-怀古.wav,5924064,8565984,134.333,194.24,0.0103,-31.7888,0.0,0.0,0.7854,-18.2337
fb266a4cc3dfb73f_001.flac,train,玉树临风,杨新伦,CD第2册\22\杨新伦-玉树临风.wav,0,2641920,0.0,59.907,0.0223,-36.89,0.0008,0.0501,0.8092,-17.7966
fb266a4cc3dfb73f_002.flac,train,玉树临风,杨新伦,CD第2册\22\杨新伦-玉树临风.wav,2231252,4873172,50.595,110.503,0.0131,-35.6352,0.0002,0.0167,0.871,-15.6718
fb266a4cc3dfb73f_003.flac,train,玉树临风,杨新伦,CD第2册\22\杨新伦-玉树临风.wav,4462504,7104424,101.191,161.098,0.0084,-34.9786,0.0,0.0,0.9038,-14.7025
fb266a4cc3dfb73f_004.flac,train,玉树临风,杨新伦,CD第2册\22\杨新伦-玉树临风.wav,6693756,9335676,151.786,211.693,0.0106,-36.6012,0.0,0.0,0.8168,-15.7267
5b0b35162fc77f75_001.flac,validation,碧涧流泉,杨新伦,CD第2册\22\杨新伦-碧涧流泉.wav,0,2641920,0.0,59.907,0.0176,-37.9384,0.0,0.0,0.8062,-15.7345
5b0b35162fc77f75_002.flac,validation,碧涧流泉,杨新伦,CD第2册\22\杨新伦-碧涧流泉.wav,2007570,4649490,45.523,105.431,0.0069,-32.8198,0.0,0.0,0.8152,-14.5356
5b0b35162fc77f75_003.flac,validation,碧涧流泉,杨新伦,CD第2册\22\杨新伦-碧涧流泉.wav,4015140,6657060,91.046,150.954,0.0044,-30.5453,0.0,0.0,0.8525,-14.5972
5b0b35162fc77f75_004.flac,validation,碧涧流泉,杨新伦,CD第2册\22\杨新伦-碧涧流泉.wav,6022710,8664630,136.569,196.477,0.004,-31.6491,0.0,0.0,0.8206,-13.4894
5b0b35162fc77f75_005.flac,validation,碧涧流泉,杨新伦,CD第2册\22\杨新伦-碧涧流泉.wav,8030280,10672200,182.093,242.0,0.0063,-35.5257,0.0,0.0,0.8254,-13.4935
7802272755eaf40e_001.flac,train,高山,杨新伦,CD第2册\22\杨新伦-高山.wav,0,2641920,0.0,59.907,0.0323,-47.717,0.0,0.0,0.6456,-23.0191
7802272755eaf40e_002.flac,train,高山,杨新伦,CD第2册\22\杨新伦-高山.wav,2341075,4982995,53.086,112.993,0.0528,-47.2604,0.0,0.0,0.5847,-23.7225
7802272755eaf40e_003.flac,train,高山,杨新伦,CD第2册\22\杨新伦-高山.wav,4682150,7324070,106.171,166.079,0.0454,-48.0982,0.0,0.0,0.6604,-22.5862
7802272755eaf40e_004.flac,train,高山,杨新伦,CD第2册\22\杨新伦-高山.wav,7023225,9665145,159.257,219.164,0.0488,-50.9712,0.0,0.0,0.6309,-22.3941
7802272755eaf40e_005.flac,train,高山,杨新伦,CD第2册\22\杨新伦-高山.wav,9364299,12006219,212.342,272.25,0.0434,-52.0684,0.0,0.0,0.6719,-22.1563
7802272755eaf40e_006.flac,train,高山,杨新伦,CD第2册\22\杨新伦-高山.wav,11705374,14347294,265.428,325.335,0.0508,-51.5779,0.0,0.0,0.6374,-22.7959
7802272755eaf40e_007.flac,train,高山,杨新伦,CD第2册\22\杨新伦-高山.wav,14046449,16688369,318.514,378.421,0.0478,-52.5008,0.0,0.0,0.7323,-21.6942
7802272755eaf40e_008.flac,train,高山,杨新伦,CD第2册\22\杨新伦-高山.wav,16387524,19029444,371.599,431.507,0.0746,-54.0989,0.0,0.0,0.6839,-22.4272
d31b76b92adce79e_001.flac,train,鸥鹭忘机,杨新伦,CD第2册\22\杨新伦-鸥鹭忘机.wav,0,2641920,0.0,59.907,0.0858,-31.3837,0.0141,0.5008,0.5953,-19.6107
d31b76b92adce79e_002.flac,train,鸥鹭忘机,杨新伦,CD第2册\22\杨新伦-鸥鹭忘机.wav,1852384,4494304,42.004,101.912,0.0741,-28.9924,0.0093,0.3505,0.5431,-19.5467
d31b76b92adce79e_003.flac,train,鸥鹭忘机,杨新伦,CD第2册\22\杨新伦-鸥鹭忘机.wav,3704768,6346688,84.008,143.916,0.0657,-29.1332,0.0017,0.1002,0.6032,-20.9065
d31b76b92adce79e_004.flac,train,鸥鹭忘机,杨新伦,CD第2册\22\杨新伦-鸥鹭忘机.wav,5557152,8199072,126.013,185.92,0.0768,-30.1661,0.0084,0.2838,0.5521,-19.7132
cffb1100e3d06be0_001.flac,validation,关山月,王绍舜,CD第4册\73\王绍舜-关山月.wav,0,2641920,0.0,59.907,0.0121,-18.8779,0.0,0.0,0.6732,-27.8543
cffb1100e3d06be0_002.flac,validation,关山月,王绍舜,CD第4册\73\王绍舜-关山月.wav,2442516,5084436,55.386,115.293,0.0121,-19.5433,0.0,0.0,0.6666,-27.5877
e19197fdea942673_001.flac,train,梧叶舞秋风,王绍舜,CD第4册\73\王绍舜-梧叶舞秋风.wav,0,2641920,0.0,59.907,0.0106,-21.3888,0.0,0.0,0.6343,-28.9349
e19197fdea942673_002.flac,train,梧叶舞秋风,王绍舜,CD第4册\73\王绍舜-梧叶舞秋风.wav,2430192,5072112,55.106,115.014,0.0109,-20.4789,0.0,0.0,0.725,-28.8985
e19197fdea942673_003.flac,train,梧叶舞秋风,王绍舜,CD第4册\73\王绍舜-梧叶舞秋风.wav,4860384,7502304,110.213,170.12,0.0104,-20.348,0.0,0.0,0.752,-28.349
e19197fdea942673_004.flac,train,梧叶舞秋风,王绍舜,CD第4册\73\王绍舜-梧叶舞秋风.wav,7290576,9932496,165.319,225.227,0.0115,-20.8707,0.0,0.0,0.7474,-29.0512
1d5d3c7869460491_001.flac,test,渔樵问答,王绍舜,CD第4册\73\王绍舜-渔樵问答.wav,0,2641920,0.0,59.907,0.0081,-20.9937,0.0,0.0,0.5989,-29.4881
1d5d3c7869460491_002.flac,test,渔樵问答,王绍舜,CD第4册\73\王绍舜-渔樵问答.wav,2595951,5237871,58.865,118.773,0.0083,-20.2916,0.0,0.0,0.6634,-29.8577
1d5d3c7869460491_003.flac,test,渔樵问答,王绍舜,CD第4册\73\王绍舜-渔樵问答.wav,5191901,7833821,117.73,177.638,0.0081,-20.8403,0.0,0.0,0.7014,-29.0045
1d5d3c7869460491_004.flac,test,渔樵问答,王绍舜,CD第4册\73\王绍舜-渔樵问答.wav,7787852,10429772,176.595,236.503,0.0082,-21.1258,0.0,0.0,0.715,-29.8653
1d5d3c7869460491_005.flac,test,渔樵问答,王绍舜,CD第4册\73\王绍舜-渔樵问答.wav,10383803,13025723,235.46,295.368,0.0087,-20.5321,0.0,0.0,0.7493,-30.5831
1d5d3c7869460491_006.flac,test,渔樵问答,王绍舜,CD第4册\73\王绍舜-渔樵问答.wav,12979753,15621673,294.325,354.233,0.0081,-20.9943,0.0,0.0,0.7464,-29.9172
1d5d3c7869460491_007.flac,test,渔樵问答,王绍舜,CD第4册\73\王绍舜-渔樵问答.wav,15575704,18217624,353.191,413.098,0.0104,-23.0686,0.0,0.0,0.6245,-31.5491
1d5d3c7869460491_008.flac,test,渔樵问答,王绍舜,CD第4册\73\王绍舜-渔樵问答.wav,18171655,20813575,412.056,471.963,0.0091,-20.6641,0.0,0.0,0.6364,-32.0392
1d5d3c7869460491_009.flac,test,渔樵问答,王绍舜,CD第4册\73\王绍舜-渔樵问答.wav,20767605,23409525,470.921,530.828,0.0107,-21.571,0.0,0.0,0.6802,-31.3264
1d5d3c7869460491_010.flac,test,渔樵问答,王绍舜,CD第4册\73\王绍舜-渔樵问答.wav,23363556,26005476,529.786,589.693,0.009,-20.5859,0.0,0.0,0.6355,-30.9033
663ccc86510fc871_001.flac,train,潇湘水云,王绍舜,CD第4册\73\王绍舜-潇湘水云.wav,0,2641920,0.0,59.907,0.0149,-26.329,0.0,0.0,0.5676,-25.369
663ccc86510fc871_002.flac,train,潇湘水云,王绍舜,CD第4册\73\王绍舜-潇湘水云.wav,2577377,5219297,58.444,118.351,0.0116,-20.3123,0.0,0.0,0.5391,-27.8853
663ccc86510fc871_003.flac,train,潇湘水云,王绍舜,CD第4册\73\王绍舜-潇湘水云.wav,5154754,7796674,116.888,176.795,0.0098,-20.0861,0.0,0.0,0.5769,-26.2539
663ccc86510fc871_004.flac,train,潇湘水云,王绍舜,CD第4册\73\王绍舜-潇湘水云.wav,7732130,10374050,175.332,235.239,0.0106,-20.2171,0.0,0.0,0.667,-25.3656
663ccc86510fc871_005.flac,train,潇湘水云,王绍舜,CD第4册\73\王绍舜-潇湘水云.wav,10309507,12951427,233.776,293.683,0.0122,-23.304,0.0,0.0,0.6244,-24.1449
663ccc86510fc871_006.flac,train,潇湘水云,王绍舜,CD第4册\73\王绍舜-潇湘水云.wav,12886884,15528804,292.22,352.127,0.0107,-20.7801,0.0,0.0,0.6196,-24.9145
663ccc86510fc871_007.flac,train,潇湘水云,王绍舜,CD第4册\73\王绍舜-潇湘水云.wav,15464261,18106181,350.664,410.571,0.0121,-20.8022,0.0,0.0,0.7186,-25.2901
663ccc86510fc871_008.flac,train,潇湘水云,王绍舜,CD第4册\73\王绍舜-潇湘水云.wav,18041638,20683558,409.107,469.015,0.0101,-19.2802,0.0,0.0,0.6917,-24.9022
663ccc86510fc871_009.flac,train,潇湘水云,王绍舜,CD第4册\73\王绍舜-潇湘水云.wav,20619014,23260934,467.551,527.459,0.0107,-19.3428,0.0,0.0,0.6899,-24.6585
663ccc86510fc871_010.flac,train,潇湘水云,王绍舜,CD第4册\73\王绍舜-潇湘水云.wav,23196391,25838311,525.995,585.903,0.0109,-19.5229,0.0,0.0,0.7497,-25.1289
663ccc86510fc871_011.flac,train,潇湘水云,王绍舜,CD第4册\73\王绍舜-潇湘水云.wav,25773768,28415688,584.439,644.347,0.0105,-20.2176,0.0,0.0,0.6713,-25.3197
a2ffa5e45c3dab47_001.flac,train,客窗夜话,章志荪,CD第1册\CD05\章志荪-客窗夜话.wav,0,2641920,0.0,59.907,0.3525,-52.5095,0.0,0.0,0.5595,-17.5231
a2ffa5e45c3dab47_002.flac,train,客窗夜话,章志荪,CD第1册\CD05\章志荪-客窗夜话.wav,2388684,5030604,54.165,114.073,0.3943,-54.8057,0.0,0.0,0.4801,-15.2219
a2ffa5e45c3dab47_003.flac,train,客窗夜话,章志荪,CD第1册\CD05\章志荪-客窗夜话.wav,4777368,7419288,108.33,168.238,0.3189,-53.4044,0.0,0.0,0.5202,-15.0074
a2ffa5e45c3dab47_004.flac,train,客窗夜话,章志荪,CD第1册\CD05\章志荪-客窗夜话.wav,7166052,9807972,162.496,222.403,0.2481,-51.385,0.0,0.0,0.625,-16.6523
a2ffa5e45c3dab47_005.flac,train,客窗夜话,章志荪,CD第1册\CD05\章志荪-客窗夜话.wav,9554736,12196656,216.661,276.568,0.1973,-51.1058,0.0,0.0,0.6802,-16.2642
a2ffa5e45c3dab47_006.flac,train,客窗夜话,章志荪,CD第1册\CD05\章志荪-客窗夜话.wav,11943420,14585340,270.826,330.733,0.2679,-49.9699,0.0,0.0,0.5802,-17.155
294c4479174d935e_001.flac,train,平沙落雁1,胡莹堂,CD第1册\CD13\胡莹堂-平沙落雁1.wav,0,2641920,0.0,59.907,0.3973,-51.9143,0.0,0.0,0.3848,-13.9632
294c4479174d935e_002.flac,train,平沙落雁1,胡莹堂,CD第1册\CD13\胡莹堂-平沙落雁1.wav,2455678,5097598,55.684,115.592,0.1697,-48.891,0.0,0.0,0.6181,-11.2391
294c4479174d935e_003.flac,train,平沙落雁1,胡莹堂,CD第1册\CD13\胡莹堂-平沙落雁1.wav,4911356,7553276,111.369,171.276,0.1206,-49.3915,0.0,0.0,0.6991,-9.8729
294c4479174d935e_004.flac,train,平沙落雁1,胡莹堂,CD第1册\CD13\胡莹堂-平沙落雁1.wav,7367034,10008954,167.053,226.96,0.135,-50.1465,0.0,0.0,0.6452,-8.7425
294c4479174d935e_005.flac,train,平沙落雁1,胡莹堂,CD第1册\CD13\胡莹堂-平沙落雁1.wav,9822712,12464632,222.737,282.645,0.1243,-49.5574,0.0,0.0,0.6994,-11.2895
294c4479174d935e_006.flac,train,平沙落雁1,胡莹堂,CD第1册\CD13\胡莹堂-平沙落雁1.wav,12278390,14920310,278.422,338.329,0.1164,-50.2814,0.0,0.0,0.687,-10.4937
294c4479174d935e_007.flac,train,平沙落雁1,胡莹堂,CD第1册\CD13\胡莹堂-平沙落雁1.wav,14734068,17375988,334.106,394.013,0.3195,-53.5662,0.0,0.0,0.5552,-12.2587
044ed40e3432d7ea_001.flac,test,忆故人,胡莹堂,CD第1册\CD13\胡莹堂-忆故人.wav,0,2641920,0.0,59.907,0.035,-34.8641,0.0,0.0,0.6166,-18.0828
044ed40e3432d7ea_002.flac,test,忆故人,胡莹堂,CD第1册\CD13\胡莹堂-忆故人.wav,2427552,5069472,55.047,114.954,0.0289,-32.6879,0.0,0.0,0.7982,-16.2944
044ed40e3432d7ea_003.flac,test,忆故人,胡莹堂,CD第1册\CD13\胡莹堂-忆故人.wav,4855104,7497024,110.093,170.001,0.0279,-33.35,0.0,0.0,0.7792,-15.9059
044ed40e3432d7ea_004.flac,test,忆故人,胡莹堂,CD第1册\CD13\胡莹堂-忆故人.wav,7282656,9924576,165.14,225.047,0.025,-36.4369,0.0,0.0,0.8889,-14.0435
044ed40e3432d7ea_005.flac,test,忆故人,胡莹堂,CD第1册\CD13\胡莹堂-忆故人.wav,9710208,12352128,220.186,280.094,0.0175,-34.2886,0.0,0.0,0.8855,-14.6779
044ed40e3432d7ea_006.flac,test,忆故人,胡莹堂,CD第1册\CD13\胡莹堂-忆故人.wav,12137760,14779680,275.233,335.14,0.0106,-30.3735,0.0,0.0,0.8638,-15.5326
044ed40e3432d7ea_007.flac,test,忆故人,胡莹堂,CD第1册\CD13\胡莹堂-忆故人.wav,14565312,17207232,330.279,390.187,0.0326,-33.688,0.0,0.0,0.716,-18.9224
dab115065334d52e_001.flac,train,醉渔唱晚,胡莹堂,CD第1册\CD13\胡莹堂-醉渔唱晚.wav,0,2641920,0.0,59.907,0.0189,-32.8118,0.0002,0.0167,0.8936,-15.4391
dab115065334d52e_002.flac,train,醉渔唱晚,胡莹堂,CD第1册\CD13\胡莹堂-醉渔唱晚.wav,2161476,4803396,49.013,108.921,0.006,-33.9729,0.0,0.0,1.0096,-14.4766
dab115065334d52e_003.flac,train,醉渔唱晚,胡莹堂,CD第1册\CD13\胡莹堂-醉渔唱晚.wav,4322952,6964872,98.026,157.934,0.0068,-34.6664,0.0,0.0,1.0245,-14.8535
dab115065334d52e_004.flac,train,醉渔唱晚,胡莹堂,CD第1册\CD13\胡莹堂-醉渔唱晚.wav,6484428,9126348,147.039,206.947,0.015,-35.1364,0.0004,0.0167,0.9182,-15.9905
1c4d76122f5236d0_001.flac,train,长门怨,胡莹堂,CD第1册\CD13\胡莹堂-长门怨.wav,0,2641920,0.0,59.907,0.0229,-36.5315,0.0,0.0,0.8131,-15.5871
1c4d76122f5236d0_002.flac,train,长门怨,胡莹堂,CD第1册\CD13\胡莹堂-长门怨.wav,2340115,4982035,53.064,112.971,0.0138,-35.6166,0.0,0.0,0.9284,-14.5977
1c4d76122f5236d0_003.flac,train,长门怨,胡莹堂,CD第1册\CD13\胡莹堂-长门怨.wav,4680230,7322150,106.128,166.035,0.0104,-32.4742,0.0,0.0,0.9871,-15.4707
1c4d76122f5236d0_004.flac,train,长门怨,胡莹堂,CD第1册\CD13\胡莹堂-长门怨.wav,7020346,9662266,159.192,219.099,0.0109,-35.8626,0.0,0.0,1.0054,-14.045
1c4d76122f5236d0_005.flac,train,长门怨,胡莹堂,CD第1册\CD13\胡莹堂-长门怨.wav,9360461,12002381,212.255,272.163,0.0077,-35.0164,0.0,0.0,1.107,-14.4684
1c4d76122f5236d0_006.flac,train,长门怨,胡莹堂,CD第1册\CD13\胡莹堂-长门怨.wav,11700576,14342496,265.319,325.227,0.0177,-33.4209,0.0,0.0,0.9946,-16.2809
d33250b39f87ba90_001.flac,validation,关山月,蔡德允,CD第3册\42\蔡德允-关山月.wav,0,2641920,0.0,59.907,0.0263,-40.4157,0.0,0.0,0.8589,-16.48
d33250b39f87ba90_002.flac,validation,关山月,蔡德允,CD第3册\42\蔡德允-关山月.wav,2184384,4826304,49.533,109.44,0.026,-38.1625,0.0,0.0,0.8659,-17.9207
addff89f64567507_001.flac,test,古琴吟,蔡德允,CD第3册\42\蔡德允-古琴吟.wav,0,2641920,0.0,59.907,0.0193,-42.3875,0.0,0.0,0.7262,-11.8303
addff89f64567507_002.flac,test,古琴吟,蔡德允,CD第3册\42\蔡德允-古琴吟.wav,178128,2820048,4.039,63.947,0.0209,-42.3073,0.0,0.0,0.7151,-12.4077
182de0ad53c938f7_001.flac,train,平沙落雁1,蔡德允,CD第3册\42\蔡德允-平沙落雁1.wav,0,2641920,0.0,59.907,0.085,-42.8524,0.0017,0.0668,0.7417,-22.4298
182de0ad53c938f7_002.flac,train,平沙落雁1,蔡德允,CD第3册\42\蔡德允-平沙落雁1.wav,2515256,5157176,57.035,116.943,0.0538,-39.0793,0.0006,0.0167,0.8305,-20.3655
182de0ad53c938f7_003.flac,train,平沙落雁1,蔡德允,CD第3册\42\蔡德允-平沙落雁1.wav,5030512,7672432,114.071,173.978,0.0702,-36.6571,0.0029,0.0835,0.825,-21.6789
182de0ad53c938f7_004.flac,train,平沙落雁1,蔡德允,CD第3册\42\蔡德允-平沙落雁1.wav,7545768,10187688,171.106,231.013,0.0597,-36.6321,0.001,0.0501,0.8169,-21.04
daba7066039bb390_001.flac,train,平沙落雁2,蔡德允,CD第3册\42\蔡德允-平沙落雁2.wav,0,2641920,0.0,59.907,0.0827,-46.1151,0.0035,0.1502,0.5846,-16.7718
daba7066039bb390_002.flac,train,平沙落雁2,蔡德允,CD第3册\42\蔡德允-平沙落雁2.wav,2552030,5193950,57.869,117.777,0.0557,-39.4538,0.0078,0.1335,0.6637,-19.3855
daba7066039bb390_003.flac,train,平沙落雁2,蔡德允,CD第3册\42\蔡德允-平沙落雁2.wav,5104061,7745981,115.738,175.646,0.0661,-41.3785,0.0078,0.2337,0.6899,-18.403
daba7066039bb390_004.flac,train,平沙落雁2,蔡德允,CD第3册\42\蔡德允-平沙落雁2.wav,7656091,10298011,173.608,233.515,0.075,-42.3206,0.0058,0.217,0.6909,-18.4217
daba7066039bb390_005.flac,train,平沙落雁2,蔡德允,CD第3册\42\蔡德允-平沙落雁2.wav,10208122,12850042,231.477,291.384,0.0578,-40.5439,0.0089,0.2003,0.7571,-19.0134
daba7066039bb390_006.flac,train,平沙落雁2,蔡德允,CD第3册\42\蔡德允-平沙落雁2.wav,12760152,15402072,289.346,349.253,0.0826,-44.0025,0.0,0.0,0.6664,-19.1409
8c6a9e340d150b84_001.flac,test,忆故人,蔡德允,CD第3册\43\蔡德允-忆故人.wav,0,2641920,0.0,59.907,0.0639,-34.2963,0.0004,0.0334,0.6349,-19.5797
8c6a9e340d150b84_002.flac,test,忆故人,蔡德允,CD第3册\43\蔡德允-忆故人.wav,2419378,5061298,54.861,114.769,0.068,-33.1771,0.0,0.0,0.6887,-18.2226
8c6a9e340d150b84_003.flac,test,忆故人,蔡德允,CD第3册\43\蔡德允-忆故人.wav,4838755,7480675,109.722,169.63,0.061,-34.866,0.0008,0.0501,0.7642,-17.8713
8c6a9e340d150b84_004.flac,test,忆故人,蔡德允,CD第3册\43\蔡德允-忆故人.wav,7258133,9900053,164.584,224.491,0.0487,-34.2854,0.0004,0.0334,0.777,-17.3472
8c6a9e340d150b84_005.flac,test,忆故人,蔡德允,CD第3册\43\蔡德允-忆故人.wav,9677510,12319430,219.445,279.352,0.0599,-34.0442,0.0002,0.0167,0.8096,-18.0653
8c6a9e340d150b84_006.flac,test,忆故人,蔡德允,CD第3册\43\蔡德允-忆故人.wav,12096888,14738808,274.306,334.213,0.0904,-34.8528,0.0035,0.1002,0.7506,-20.4539
ea35a397ebaedb91_001.flac,train,慨古吟,蔡德允,CD第3册\42\蔡德允-慨古吟.wav,0,2641920,0.0,59.907,0.0967,-51.8196,0.0,0.0,0.5918,-18.1063
ea35a397ebaedb91_002.flac,train,慨古吟,蔡德允,CD第3册\42\蔡德允-慨古吟.wav,1606986,4248906,36.44,96.347,0.1178,-52.3229,0.0,0.0,0.6496,-18.3524
ea35a397ebaedb91_003.flac,train,慨古吟,蔡德允,CD第3册\42\蔡德允-慨古吟.wav,3213972,5855892,72.879,132.787,0.1644,-54.2107,0.0,0.0,0.6174,-19.0099
e51f9cccfea79cec_001.flac,train,梅花三弄,蔡德允,CD第3册\42\蔡德允-梅花三弄.wav,0,2641920,0.0,59.907,0.0946,-50.5055,0.0,0.0,0.6569,-17.8906
e51f9cccfea79cec_002.flac,train,梅花三弄,蔡德允,CD第3册\42\蔡德允-梅花三弄.wav,2359566,5001486,53.505,113.412,0.0725,-48.0317,0.0,0.0,0.7902,-19.8029
e51f9cccfea79cec_003.flac,train,梅花三弄,蔡德允,CD第3册\42\蔡德允-梅花三弄.wav,4719132,7361052,107.01,166.917,0.088,-49.8376,0.0,0.0,0.7552,-19.4482
e51f9cccfea79cec_004.flac,train,梅花三弄,蔡德允,CD第3册\42\蔡德允-梅花三弄.wav,7078698,9720618,160.515,220.422,0.0594,-46.5935,0.0,0.0,0.8344,-18.1727
e51f9cccfea79cec_005.flac,train,梅花三弄,蔡德允,CD第3册\42\蔡德允-梅花三弄.wav,9438264,12080184,214.02,273.927,0.0581,-45.0944,0.0,0.0,0.8082,-20.4383
e51f9cccfea79cec_006.flac,train,梅花三弄,蔡德允,CD第3册\42\蔡德允-梅花三弄.wav,11797830,14439750,267.524,327.432,0.0298,-40.2617,0.0006,0.0334,0.8799,-19.1168
e51f9cccfea79cec_007.flac,train,梅花三弄,蔡德允,CD第3册\42\蔡德允-梅花三弄.wav,14157396,16799316,321.029,380.937,0.0394,-43.2281,0.0002,0.0167,0.8673,-18.3422
e51f9cccfea79cec_008.flac,train,梅花三弄,蔡德允,CD第3册\42\蔡德允-梅花三弄.wav,16516962,19158882,374.534,434.442,0.0254,-41.0725,0.0,0.0,0.8769,-18.9539
e51f9cccfea79cec_009.flac,train,梅花三弄,蔡德允,CD第3册\42\蔡德允-梅花三弄.wav,18876528,21518448,428.039,487.947,0.0614,-44.1906,0.0002,0.0167,0.6994,-20.2551
94cb1f1ea98d82b8_001.flac,train,梧叶舞秋风,蔡德允,CD第3册\43\蔡德允-梧叶舞秋风.wav,0,2641920,0.0,59.907,0.0635,-47.2634,0.0,0.0,0.6303,-16.5478
94cb1f1ea98d82b8_002.flac,train,梧叶舞秋风,蔡德允,CD第3册\43\蔡德允-梧叶舞秋风.wav,2382956,5024876,54.035,113.943,0.049,-42.1739,0.0,0.0,0.7466,-18.3647
94cb1f1ea98d82b8_003.flac,train,梧叶舞秋风,蔡德允,CD第3册\43\蔡德允-梧叶舞秋风.wav,4765912,7407832,108.071,167.978,0.0323,-40.3537,0.0,0.0,0.837,-17.983
94cb1f1ea98d82b8_004.flac,train,梧叶舞秋风,蔡德允,CD第3册\43\蔡德允-梧叶舞秋风.wav,7148868,9790788,162.106,222.013,0.0394,-42.1116,0.0,0.0,0.8329,-18.2478
bc2ab988c63e8b3b_001.flac,train,水仙操,蔡德允,CD第3册\42\蔡德允-水仙操.wav,0,2641920,0.0,59.907,0.1371,-50.8986,0.0,0.0,0.5467,-18.6532
bc2ab988c63e8b3b_002.flac,train,水仙操,蔡德允,CD第3册\42\蔡德允-水仙操.wav,2318968,4960888,52.584,112.492,0.0865,-47.7553,0.0,0.0,0.6471,-20.3937
bc2ab988c63e8b3b_003.flac,train,水仙操,蔡德允,CD第3册\42\蔡德允-水仙操.wav,4637936,7279856,105.169,165.076,0.0564,-49.7469,0.0,0.0,0.7186,-18.9145
bc2ab988c63e8b3b_004.flac,train,水仙操,蔡德允,CD第3册\42\蔡德允-水仙操.wav,6956904,9598824,157.753,217.66,0.0492,-50.3054,0.0,0.0,0.7512,-18.4283
bc2ab988c63e8b3b_005.flac,train,水仙操,蔡德允,CD第3册\42\蔡德允-水仙操.wav,9275872,11917792,210.337,270.245,0.0462,-47.9494,0.0,0.0,0.7972,-18.8327
bc2ab988c63e8b3b_006.flac,train,水仙操,蔡德允,CD第3册\42\蔡德允-水仙操.wav,11594840,14236760,262.922,322.829,0.0492,-50.8033,0.0,0.0,0.7688,-18.4075
bc2ab988c63e8b3b_007.flac,train,水仙操,蔡德允,CD第3册\42\蔡德允-水仙操.wav,13913808,16555728,315.506,375.413,0.0599,-51.7201,0.0,0.0,0.6905,-18.5932
660659d11e124cae_001.flac,test,渔樵问答,蔡德允,CD第3册\43\蔡德允-渔樵问答.wav,0,2641920,0.0,59.907,0.126,-43.1909,0.0037,0.2504,0.6901,-20.2178
660659d11e124cae_002.flac,test,渔樵问答,蔡德允,CD第3册\43\蔡德允-渔樵问答.wav,2433507,5075427,55.182,115.089,0.1032,-44.7191,0.0006,0.0334,0.7216,-20.5771
660659d11e124cae_003.flac,test,渔樵问答,蔡德允,CD第3册\43\蔡德允-渔樵问答.wav,4867014,7508934,110.363,170.271,0.0481,-42.4722,0.0017,0.0501,0.7968,-18.5282
660659d11e124cae_004.flac,test,渔樵问答,蔡德允,CD第3册\43\蔡德允-渔樵问答.wav,7300521,9942441,165.545,225.452,0.0456,-43.1208,0.0,0.0,0.7879,-18.8812
660659d11e124cae_005.flac,test,渔樵问答,蔡德允,CD第3册\43\蔡德允-渔樵问答.wav,9734028,12375948,220.726,280.634,0.0789,-43.4595,0.0019,0.1002,0.7355,-21.1212
660659d11e124cae_006.flac,test,渔樵问答,蔡德允,CD第3册\43\蔡德允-渔樵问答.wav,12167535,14809455,275.908,335.815,0.035,-40.617,0.0002,0.0167,0.8574,-18.1249
660659d11e124cae_007.flac,test,渔樵问答,蔡德允,CD第3册\43\蔡德允-渔樵问答.wav,14601042,17242962,331.089,390.997,0.047,-41.6737,0.0016,0.0835,0.861,-18.6232
660659d11e124cae_008.flac,test,渔樵问答,蔡德允,CD第3册\43\蔡德允-渔樵问答.wav,17034549,19676469,386.271,446.178,0.0289,-40.9783,0.0,0.0,0.8721,-18.7421
660659d11e124cae_009.flac,test,渔樵问答,蔡德允,CD第3册\43\蔡德允-渔樵问答.wav,19468056,22109976,441.453,501.36,0.0744,-44.3748,0.001,0.0835,0.7331,-21.6639
89131da2c18e6a51_001.flac,train,湘江怨,蔡德允,CD第3册\43\蔡德允-湘江怨.wav,0,2641920,0.0,59.907,0.0215,-41.9352,0.0,0.0,0.6953,-14.3245
89131da2c18e6a51_002.flac,train,湘江怨,蔡德允,CD第3册\43\蔡德允-湘江怨.wav,2125896,4767816,48.206,108.114,0.0241,-39.7472,0.0,0.0,0.745,-16.719
89131da2c18e6a51_003.flac,train,湘江怨,蔡德允,CD第3册\43\蔡德允-湘江怨.wav,4251792,6893712,96.413,156.32,0.0227,-41.1092,0.0,0.0,0.7239,-16.0214
8082a22b6c3dd383_001.flac,train,潇湘水云1,蔡德允,CD第3册\43\蔡德允-潇湘水云1.wav,0,2641920,0.0,59.907,0.2694,-63.1896,0.0004,0.0167,0.5562,-23.8731
8082a22b6c3dd383_002.flac,train,潇湘水云1,蔡德允,CD第3册\43\蔡德允-潇湘水云1.wav,2408268,5050188,54.609,114.517,0.1534,-57.1932,0.002,0.1002,0.7333,-23.5608
8082a22b6c3dd383_003.flac,train,潇湘水云1,蔡德允,CD第3册\43\蔡德允-潇湘水云1.wav,4816536,7458456,109.219,169.126,0.1132,-55.1812,0.0104,0.3338,0.8976,-24.3078
8082a22b6c3dd383_004.flac,train,潇湘水云1,蔡德允,CD第3册\43\蔡德允-潇湘水云1.wav,7224804,9866724,163.828,223.735,0.0823,-53.4205,0.0123,0.4507,1.0086,-24.5083
8082a22b6c3dd383_005.flac,train,潇湘水云1,蔡德允,CD第3册\43\蔡德允-潇湘水云1.wav,9633072,12274992,218.437,278.344,0.1155,-55.0234,0.0185,0.6176,1.0792,-21.1213
8082a22b6c3dd383_006.flac,train,潇湘水云1,蔡德允,CD第3册\43\蔡德允-潇湘水云1.wav,12041340,14683260,273.046,332.954,0.079,-50.9896,0.0151,0.5508,1.1856,-23.0906
8082a22b6c3dd383_007.flac,train,潇湘水云1,蔡德允,CD第3册\43\蔡德允-潇湘水云1.wav,14449608,17091528,327.656,387.563,0.0765,-49.0322,0.0233,0.8847,1.1144,-16.5019
8082a22b6c3dd383_008.flac,train,潇湘水云1,蔡德允,CD第3册\43\蔡德允-潇湘水云1.wav,16857876,19499796,382.265,442.172,0.0734,-48.2475,0.0274,1.0683,1.1278,-20.3028
8082a22b6c3dd383_009.flac,train,潇湘水云1,蔡德允,CD第3册\43\蔡德允-潇湘水云1.wav,19266144,21908064,436.874,496.781,0.0778,-52.6303,0.0202,0.6844,1.0418,-24.0816
8082a22b6c3dd383_010.flac,train,潇湘水云1,蔡德允,CD第3册\43\蔡德允-潇湘水云1.wav,21674412,24316332,491.483,551.391,0.0693,-52.3405,0.0198,0.6677,1.0451,-24.6898
8082a22b6c3dd383_011.flac,train,潇湘水云1,蔡德允,CD第3册\43\蔡德允-潇湘水云1.wav,24082680,26724600,546.093,606.0,0.0895,-55.1668,0.0105,0.3338,0.9627,-26.7031
dd758d2e0f8f625e_001.flac,train,潇湘水云2,蔡德允,CD第3册\43\蔡德允-潇湘水云2.wav,0,2641920,0.0,59.907,0.0525,-54.419,0.0,0.0,0.6037,-16.0534
dd758d2e0f8f625e_002.flac,train,潇湘水云2,蔡德允,CD第3册\43\蔡德允-潇湘水云2.wav,2402506,5044426,54.479,114.386,0.0801,-49.368,0.0,0.0,0.6156,-17.7537
dd758d2e0f8f625e_003.flac,train,潇湘水云2,蔡德允,CD第3册\43\蔡德允-潇湘水云2.wav,4805011,7446931,108.957,168.865,0.0818,-50.1516,0.0,0.0,0.6814,-19.5282
dd758d2e0f8f625e_004.flac,train,潇湘水云2,蔡德允,CD第3册\43\蔡德允-潇湘水云2.wav,7207517,9849437,163.436,223.343,0.0615,-48.7433,0.0,0.0,0.7482,-19.4059
dd758d2e0f8f625e_005.flac,train,潇湘水云2,蔡德允,CD第3册\43\蔡德允-潇湘水云2.wav,9610022,12251942,217.914,277.822,0.0522,-51.0208,0.0,0.0,0.7587,-18.2753
dd758d2e0f8f625e_006.flac,train,潇湘水云2,蔡德允,CD第3册\43\蔡德允-潇湘水云2.wav,12012528,14654448,272.393,332.3,0.0614,-52.3257,0.0,0.0,0.7655,-17.7524
dd758d2e0f8f625e_007.flac,train,潇湘水云2,蔡德允,CD第3册\43\蔡德允-潇湘水云2.wav,14415034,17056954,326.872,386.779,0.0686,-51.4423,0.0,0.0,0.7648,-18.8126
dd758d2e0f8f625e_008.flac,train,潇湘水云2,蔡德允,CD第3册\43\蔡德允-潇湘水云2.wav,16817539,19459459,381.35,441.258,0.0699,-52.55,0.0,0.0,0.7865,-19.1535
dd758d2e0f8f625e_009.flac,train,潇湘水云2,蔡德允,CD第3册\43\蔡德允-潇湘水云2.wav,19220045,21861965,435.829,495.736,0.0817,-53.4825,0.0,0.0,0.7556,-18.8162
dd758d2e0f8f625e_010.flac,train,潇湘水云2,蔡德允,CD第3册\43\蔡德允-潇湘水云2.wav,21622550,24264470,490.307,550.215,0.0756,-53.1589,0.0,0.0,0.7541,-18.3406
dd758d2e0f8f625e_011.flac,train,潇湘水云2,蔡德允,CD第3册\43\蔡德允-潇湘水云2.wav,24025056,26666976,544.786,604.693,0.176,-53.4189,0.0,0.0,0.6031,-21.0806
0769fcee2541c7a9_001.flac,train,玉楼春晓,蔡德允,CD第3册\43\蔡德允-玉楼春晓.wav,0,2641920,0.0,59.907,0.023,-41.0215,0.0,0.0,0.6681,-16.9473
0769fcee2541c7a9_002.flac,train,玉楼春晓,蔡德允,CD第3册\43\蔡德允-玉楼春晓.wav,2616564,5258484,59.333,119.24,0.0282,-41.6147,0.0,0.0,0.6756,-18.5855
d2c7ce98d6558d91_001.flac,validation,精忠词,蔡德允,CD第3册\42\蔡德允-精忠词.wav,0,2641920,0.0,59.907,0.0312,-45.0057,0.0,0.0,0.8893,-15.4095
d2c7ce98d6558d91_002.flac,validation,精忠词,蔡德允,CD第3册\42\蔡德允-精忠词.wav,317484,2959404,7.199,67.107,0.0324,-45.154,0.0,0.0,0.8805,-15.5398
0b011848568dd506_001.flac,train,胡笳十八拍,蔡德允,CD第3册\42\蔡德允-胡笳十八拍.wav,0,2641920,0.0,59.907,0.0184,-38.8443,0.0,0.0,0.7984,-16.2804
0b011848568dd506_002.flac,train,胡笳十八拍,蔡德允,CD第3册\42\蔡德允-胡笳十八拍.wav,2590244,5232164,58.736,118.643,0.0115,-36.1195,0.0,0.0,0.9547,-15.3953
0b011848568dd506_003.flac,train,胡笳十八拍,蔡德允,CD第3册\42\蔡德允-胡笳十八拍.wav,5180487,7822407,117.471,177.379,0.0115,-34.8991,0.0,0.0,1.0096,-14.9664
0b011848568dd506_004.flac,train,胡笳十八拍,蔡德允,CD第3册\42\蔡德允-胡笳十八拍.wav,7770731,10412651,176.207,236.115,0.0108,-35.9853,0.0,0.0,0.9845,-15.0572
0b011848568dd506_005.flac,train,胡笳十八拍,蔡德允,CD第3册\42\蔡德允-胡笳十八拍.wav,10360975,13002895,234.943,294.85,0.011,-35.6179,0.0,0.0,1.0824,-15.2259
0b011848568dd506_006.flac,train,胡笳十八拍,蔡德允,CD第3册\42\蔡德允-胡笳十八拍.wav,12951218,15593138,293.678,353.586,0.0102,-36.122,0.0,0.0,0.9642,-14.7237
0b011848568dd506_007.flac,train,胡笳十八拍,蔡德允,CD第3册\42\蔡德允-胡笳十八拍.wav,15541462,18183382,352.414,412.322,0.0095,-34.2401,0.0,0.0,0.9572,-15.5559
0b011848568dd506_008.flac,train,胡笳十八拍,蔡德允,CD第3册\42\蔡德允-胡笳十八拍.wav,18131705,20773625,411.15,471.057,0.0137,-37.0098,0.0,0.0,0.9796,-15.0123
0b011848568dd506_009.flac,train,胡笳十八拍,蔡德允,CD第3册\42\蔡德允-胡笳十八拍.wav,20721949,23363869,469.885,529.793,0.0096,-34.9204,0.0,0.0,1.0436,-14.5332
0b011848568dd506_010.flac,train,胡笳十八拍,蔡德允,CD第3册\42\蔡德允-胡笳十八拍.wav,23312193,25954113,528.621,588.529,0.0093,-35.9897,0.0,0.0,0.9572,-14.5822
0b011848568dd506_011.flac,train,胡笳十八拍,蔡德允,CD第3册\42\蔡德允-胡笳十八拍.wav,25902436,28544356,587.357,647.264,0.012,-36.1468,0.0,0.0,0.9858,-14.6343
0b011848568dd506_012.flac,train,胡笳十八拍,蔡德允,CD第3册\42\蔡德允-胡笳十八拍.wav,28492680,31134600,646.093,706.0,0.0144,-36.9651,0.0,0.0,0.9859,-15.1292
112b85850f3b6e2c_001.flac,train,良宵引,蔡德允,CD第3册\42\蔡德允-良宵引.wav,0,2641920,0.0,59.907,0.0732,-45.3192,0.0,0.0,0.609,-15.9744
112b85850f3b6e2c_002.flac,train,良宵引,蔡德允,CD第3册\42\蔡德允-良宵引.wav,2030934,4672854,46.053,105.96,0.045,-41.5269,0.0,0.0,0.6411,-16.3993
112b85850f3b6e2c_003.flac,train,良宵引,蔡德允,CD第3册\42\蔡德允-良宵引.wav,4061868,6703788,92.106,152.013,0.0939,-45.2272,0.0,0.0,0.5905,-17.0029
3282a20ed1d37b40_001.flac,train,醉渔唱晚1,蔡德允,CD第3册\43\蔡德允-醉渔唱晚1.wav,0,2641920,0.0,59.907,0.2942,-35.9975,0.0429,1.6192,0.4826,-15.4897
3282a20ed1d37b40_002.flac,train,醉渔唱晚1,蔡德允,CD第3册\43\蔡德允-醉渔唱晚1.wav,2051912,4693832,46.529,106.436,0.2086,-35.4769,0.0234,0.8513,0.7118,-14.0282
3282a20ed1d37b40_003.flac,train,醉渔唱晚1,蔡德允,CD第3册\43\蔡德允-醉渔唱晚1.wav,4103824,6745744,93.057,152.965,0.1812,-35.0397,0.0105,0.5675,0.8016,-14.464
3282a20ed1d37b40_004.flac,train,醉渔唱晚1,蔡德允,CD第3册\43\蔡德允-醉渔唱晚1.wav,6155736,8797656,139.586,199.493,0.2787,-35.5304,0.041,1.3187,0.6399,-16.4674
0361e2bcb4305fd1_001.flac,train,醉渔唱晚2,蔡德允,CD第3册\43\蔡德允-醉渔唱晚2.wav,0,2641920,0.0,59.907,0.0099,-35.9527,0.0,0.0,0.7853,-19.2065
0361e2bcb4305fd1_002.flac,train,醉渔唱晚2,蔡德允,CD第3册\43\蔡德允-醉渔唱晚2.wav,1964888,4606808,44.555,104.463,0.0042,-33.3904,0.0,0.0,0.9206,-16.7067
0361e2bcb4305fd1_003.flac,train,醉渔唱晚2,蔡德允,CD第3册\43\蔡德允-醉渔唱晚2.wav,3929776,6571696,89.111,149.018,0.0039,-33.0286,0.0,0.0,0.9114,-17.5154
0361e2bcb4305fd1_004.flac,train,醉渔唱晚2,蔡德允,CD第3册\43\蔡德允-醉渔唱晚2.wav,5894664,8536584,133.666,193.573,0.005,-34.9727,0.0,0.0,0.8537,-18.6235
208ebaf043ccbbd0_001.flac,train,长门怨,蔡德允,CD第3册\42\蔡德允-长门怨.wav,0,2641920,0.0,59.907,0.0763,-32.2183,0.0177,0.5342,0.6916,-21.7804
208ebaf043ccbbd0_002.flac,train,长门怨,蔡德允,CD第3册\42\蔡德允-长门怨.wav,2623448,5265368,59.489,119.396,0.0682,-30.5269,0.0095,0.4006,0.7342,-22.5429
208ebaf043ccbbd0_003.flac,train,长门怨,蔡德允,CD第3册\42\蔡德允-长门怨.wav,5246896,7888816,118.977,178.885,0.0407,-29.3247,0.0,0.0,0.8558,-19.481
208ebaf043ccbbd0_004.flac,train,长门怨,蔡德允,CD第3册\42\蔡德允-长门怨.wav,7870344,10512264,178.466,238.373,0.0747,-32.7666,0.0063,0.1669,0.747,-21.5353
2a87bd339f609531_001.flac,train,阳关三叠,蔡德允,CD第3册\43\蔡德允-阳关三叠.wav,0,2641920,0.0,59.907,0.3858,-45.6148,0.0,0.0,0.4938,-18.9492
2a87bd339f609531_002.flac,train,阳关三叠,蔡德允,CD第3册\43\蔡德允-阳关三叠.wav,2198716,4840636,49.858,109.765,0.3758,-46.8517,0.0,0.0,0.489,-19.116
2a87bd339f609531_003.flac,train,阳关三叠,蔡德允,CD第3册\43\蔡德允-阳关三叠.wav,4397432,7039352,99.715,159.622,0.3069,-47.2207,0.0,0.0,0.5389,-18.7953
2a87bd339f609531_004.flac,train,阳关三叠,蔡德允,CD第3册\43\蔡德允-阳关三叠.wav,6596148,9238068,149.573,209.48,0.2965,-46.3414,0.0,0.0,0.543,-19.1843
051ca66197169db0_001.flac,train,阳春,蔡德允,CD第3册\43\蔡德允-阳春.wav,0,2641920,0.0,59.907,0.0422,-44.823,0.0,0.0,0.8157,-18.8103
051ca66197169db0_002.flac,train,阳春,蔡德允,CD第3册\43\蔡德允-阳春.wav,2577871,5219791,58.455,118.363,0.0268,-45.8264,0.0,0.0,1.0063,-15.25
051ca66197169db0_003.flac,train,阳春,蔡德允,CD第3册\43\蔡德允-阳春.wav,5155742,7797662,116.91,176.818,0.0188,-43.4983,0.0,0.0,1.0618,-15.3441
051ca66197169db0_004.flac,train,阳春,蔡德允,CD第3册\43\蔡德允-阳春.wav,7733613,10375533,175.365,235.273,0.0234,-45.1256,0.0,0.0,1.0522,-15.663
051ca66197169db0_005.flac,train,阳春,蔡德允,CD第3册\43\蔡德允-阳春.wav,10311483,12953403,233.82,293.728,0.0159,-42.8207,0.0,0.0,1.0817,-15.3893
051ca66197169db0_006.flac,train,阳春,蔡德允,CD第3册\43\蔡德允-阳春.wav,12889354,15531274,292.276,352.183,0.0198,-42.0745,0.0,0.0,1.0141,-15.4539
051ca66197169db0_007.flac,train,阳春,蔡德允,CD第3册\43\蔡德允-阳春.wav,15467225,18109145,350.731,410.638,0.0213,-43.2509,0.0,0.0,1.0329,-14.7499
051ca66197169db0_008.flac,train,阳春,蔡德允,CD第3册\43\蔡德允-阳春.wav,18045096,20687016,409.186,469.093,0.0271,-43.3046,0.0,0.0,0.9988,-15.0811
4d20b038cef810df_001.flac,train,龙翔操,蔡德允,CD第3册\42\蔡德允-龙翔操.wav,0,2641920,0.0,59.907,0.0154,-39.5205,0.0,0.0,0.9682,-20.754
4d20b038cef810df_002.flac,train,龙翔操,蔡德允,CD第3册\42\蔡德允-龙翔操.wav,2178384,4820304,49.396,109.304,0.0114,-37.7937,0.0,0.0,1.0346,-19.1499
4d20b038cef810df_003.flac,train,龙翔操,蔡德允,CD第3册\42\蔡德允-龙翔操.wav,4356768,6998688,98.793,158.7,0.0093,-37.3655,0.0,0.0,1.0495,-18.8457
4d20b038cef810df_004.flac,train,龙翔操,蔡德允,CD第3册\42\蔡德允-龙翔操.wav,6535152,9177072,148.189,208.097,0.012,-38.7749,0.0,0.0,0.9845,-19.7964
4d20b038cef810df_005.flac,train,龙翔操,蔡德允,CD第3册\42\蔡德允-龙翔操.wav,8713536,11355456,197.586,257.493,0.0115,-34.6483,0.0,0.0,1.0611,-19.4026
15ba58fc131c55ac_001.flac,train,听泉吟2,詹澄秋,CD第1册\CD07\詹澄秋-听泉吟2.wav,0,2641920,0.0,59.907,0.0473,-34.7756,0.0016,0.1002,0.8104,-19.4776
15ba58fc131c55ac_002.flac,train,听泉吟2,詹澄秋,CD第1册\CD07\詹澄秋-听泉吟2.wav,1339428,3981348,30.373,90.28,0.0621,-36.5427,0.0014,0.0835,0.8198,-19.5176
af3f7c9c3ec7964b_001.flac,train,潇湘水云,詹澄秋,CD第1册\CD07\詹澄秋-潇湘水云.wav,0,2641920,0.0,59.907,0.5236,-57.1994,0.0017,0.0501,0.3081,-14.6285
af3f7c9c3ec7964b_002.flac,train,潇湘水云,詹澄秋,CD第1册\CD07\詹澄秋-潇湘水云.wav,2632470,5274390,59.693,119.601,0.5174,-57.3533,0.0,0.0,0.3472,-12.7125
af3f7c9c3ec7964b_003.flac,train,潇湘水云,詹澄秋,CD第1册\CD07\詹澄秋-潇湘水云.wav,5264940,7906860,119.386,179.294,0.5198,-59.459,0.0,0.0,0.3121,-12.6619
af3f7c9c3ec7964b_004.flac,train,潇湘水云,詹澄秋,CD第1册\CD07\詹澄秋-潇湘水云.wav,7897410,10539330,179.08,238.987,0.5071,-59.9682,0.0,0.0,0.3773,-11.815
af3f7c9c3ec7964b_005.flac,train,潇湘水云,詹澄秋,CD第1册\CD07\詹澄秋-潇湘水云.wav,10529880,13171800,238.773,298.68,0.4882,-58.0258,0.0,0.0,0.4978,-12.3783
af3f7c9c3ec7964b_006.flac,train,潇湘水云,詹澄秋,CD第1册\CD07\詹澄秋-潇湘水云.wav,13162350,15804270,298.466,358.373,0.4972,-58.5548,0.0,0.0,0.4146,-12.3741
af3f7c9c3ec7964b_007.flac,train,潇湘水云,詹澄秋,CD第1册\CD07\詹澄秋-潇湘水云.wav,15794820,18436740,358.159,418.067,0.5152,-58.9367,0.0004,0.0334,0.3189,-12.8948
f779beea800c4acc_001.flac,train,高山2,詹澄秋,CD第1册\CD06\詹澄秋-高山2.wav,0,2641920,0.0,59.907,0.0019,-33.9862,0.0004,0.0167,0.712,-14.683
f779beea800c4acc_002.flac,train,高山2,詹澄秋,CD第1册\CD06\詹澄秋-高山2.wav,2584986,5226906,58.616,118.524,0.0017,-30.2854,0.0,0.0,0.7631,-13.8957
f779beea800c4acc_003.flac,train,高山2,詹澄秋,CD第1册\CD06\詹澄秋-高山2.wav,5169972,7811892,117.233,177.14,0.0021,-28.9025,0.0,0.0,0.7766,-13.0033
f779beea800c4acc_004.flac,train,高山2,詹澄秋,CD第1册\CD06\詹澄秋-高山2.wav,7754958,10396878,175.849,235.757,0.0015,-29.124,0.0,0.0,0.8285,-11.0007
f779beea800c4acc_005.flac,train,高山2,詹澄秋,CD第1册\CD06\詹澄秋-高山2.wav,10339944,12981864,234.466,294.373,0.0018,-29.8593,0.0,0.0,0.8436,-10.9519
141f5dd694fce045_001.flac,validation,关山月,邵元复,CD第4册\70\邵元复-关山月.wav,0,2641920,0.0,59.907,0.002,-48.0125,0.0,0.0,0.9512,-13.6878
141f5dd694fce045_002.flac,validation,关山月,邵元复,CD第4册\70\邵元复-关山月.wav,1962708,4604628,44.506,104.413,0.0022,-48.2666,0.0,0.0,0.9014,-14.1014
827a7beab2f3daa3_001.flac,train,凤求凰,邵元复,CD第4册\70\邵元复-凤求凰.wav,0,2641920,0.0,59.907,0.1219,-42.6375,0.0002,0.0167,0.595,-12.2893
827a7beab2f3daa3_002.flac,train,凤求凰,邵元复,CD第4册\70\邵元复-凤求凰.wav,1629330,4271250,36.946,96.854,0.1233,-43.2214,0.0006,0.0501,0.6122,-12.1675
827a7beab2f3daa3_003.flac,train,凤求凰,邵元复,CD第4册\70\邵元复-凤求凰.wav,3258660,5900580,73.893,133.8,0.1225,-41.8949,0.0016,0.0835,0.581,-12.4977
195c9b17b4d74471_001.flac,test,忆故人,邵元复,CD第4册\71\邵元复-忆故人.wav,0,2641920,0.0,59.907,0.0239,-38.6022,0.0002,0.0167,0.6798,-12.687
195c9b17b4d74471_002.flac,test,忆故人,邵元复,CD第4册\71\邵元复-忆故人.wav,2622082,5264002,59.458,119.365,0.0197,-36.4212,0.0,0.0,0.7329,-11.2586
195c9b17b4d74471_003.flac,test,忆故人,邵元复,CD第4册\71\邵元复-忆故人.wav,5244164,7886084,118.915,178.823,0.02,-37.8758,0.0,0.0,0.7333,-13.1762
195c9b17b4d74471_004.flac,test,忆故人,邵元复,CD第4册\71\邵元复-忆故人.wav,7866246,10508166,178.373,238.28,0.0182,-37.038,0.0,0.0,0.7329,-11.8371
195c9b17b4d74471_005.flac,test,忆故人,邵元复,CD第4册\71\邵元复-忆故人.wav,10488328,13130248,237.831,297.738,0.0165,-33.9864,0.0,0.0,0.7321,-11.6155
195c9b17b4d74471_006.flac,test,忆故人,邵元复,CD第4册\71\邵元复-忆故人.wav,13110410,15752330,297.288,357.196,0.02,-31.4912,0.001,0.0501,0.7712,-12.3505
195c9b17b4d74471_007.flac,test,忆故人,邵元复,CD第4册\71\邵元复-忆故人.wav,15732492,18374412,356.746,416.653,0.0311,-39.8728,0.0,0.0,0.6992,-13.2665
780c2c8b88e88d09_001.flac,train,极乐吟,邵元复,CD第4册\70\邵元复-极乐吟.wav,0,2641920,0.0,59.907,0.0104,-35.8192,0.0,0.0,0.7551,-16.0064
780c2c8b88e88d09_002.flac,train,极乐吟,邵元复,CD第4册\70\邵元复-极乐吟.wav,820812,3462732,18.613,78.52,0.0145,-36.2903,0.0,0.0,0.707,-16.2205
cfc5f5a1ee1d4f54_001.flac,train,梅花三弄,邵元复,CD第4册\70\邵元复-梅花三弄.wav,0,2641920,0.0,59.907,0.008,-42.6176,0.0,0.0,0.6336,-9.1424
cfc5f5a1ee1d4f54_002.flac,train,梅花三弄,邵元复,CD第4册\70\邵元复-梅花三弄.wav,2362327,5004247,53.568,113.475,0.0255,-49.9146,0.0,0.0,0.7218,-10.1148
cfc5f5a1ee1d4f54_003.flac,train,梅花三弄,邵元复,CD第4册\70\邵元复-梅花三弄.wav,4724654,7366574,107.135,167.042,0.007,-43.837,0.0,0.0,0.7506,-8.3826
cfc5f5a1ee1d4f54_004.flac,train,梅花三弄,邵元复,CD第4册\70\邵元复-梅花三弄.wav,7086981,9728901,160.703,220.61,0.0048,-39.382,0.0,0.0,0.7169,-7.8946
cfc5f5a1ee1d4f54_005.flac,train,梅花三弄,邵元复,CD第4册\70\邵元复-梅花三弄.wav,9449307,12091227,214.27,274.177,0.0117,-47.4654,0.0,0.0,0.8183,-9.2021
cfc5f5a1ee1d4f54_006.flac,train,梅花三弄,邵元复,CD第4册\70\邵元复-梅花三弄.wav,11811634,14453554,267.838,327.745,0.0047,-41.2701,0.0,0.0,0.8148,-8.4686
cfc5f5a1ee1d4f54_007.flac,train,梅花三弄,邵元复,CD第4册\70\邵元复-梅花三弄.wav,14173961,16815881,321.405,381.312,0.0035,-37.871,0.0,0.0,0.7408,-8.4647
cfc5f5a1ee1d4f54_008.flac,train,梅花三弄,邵元复,CD第4册\70\邵元复-梅花三弄.wav,16536288,19178208,374.973,434.88,0.0087,-47.6245,0.0,0.0,0.6393,-9.4502
a8531354a9a1dbcb_001.flac,train,玉楼春晓,邵元复,CD第4册\71\邵元复-玉楼春晓.wav,0,2641920,0.0,59.907,0.0044,-35.3262,0.0,0.0,0.6682,-14.7413
a8531354a9a1dbcb_002.flac,train,玉楼春晓,邵元复,CD第4册\71\邵元复-玉楼春晓.wav,1066596,3708516,24.186,84.093,0.0046,-34.4911,0.0,0.0,0.6376,-15.2376
77df6b74df218ea6_001.flac,train,秋夜长,邵元复,CD第4册\71\邵元复-秋夜长.wav,0,2641920,0.0,59.907,0.0799,-29.5688,0.019,0.8179,0.5973,-10.6779
77df6b74df218ea6_002.flac,train,秋夜长,邵元复,CD第4册\71\邵元复-秋夜长.wav,1874232,4516152,42.5,102.407,0.1373,-31.4373,0.0384,1.2019,0.5772,-12.0265
77df6b74df218ea6_003.flac,train,秋夜长,邵元复,CD第4册\71\邵元复-秋夜长.wav,3748464,6390384,84.999,144.907,0.192,-33.5171,0.032,1.085,0.563,-12.3534
3095ab4a716c2e10_001.flac,train,普庵咒,陈维斌,CD第1册\CD05\陈维斌-普庵咒.wav,0,2641920,0.0,59.907,0.0008,-28.0436,0.0,0.0,0.8617,-17.7386
3095ab4a716c2e10_002.flac,train,普庵咒,陈维斌,CD第1册\CD05\陈维斌-普庵咒.wav,2499467,5141387,56.677,116.585,0.0009,-27.1797,0.0,0.0,0.8774,-12.5441
3095ab4a716c2e10_003.flac,train,普庵咒,陈维斌,CD第1册\CD05\陈维斌-普庵咒.wav,4998934,7640854,113.355,173.262,0.0026,-26.9193,0.0,0.0,0.9738,-11.4187
3095ab4a716c2e10_004.flac,train,普庵咒,陈维斌,CD第1册\CD05\陈维斌-普庵咒.wav,7498400,10140320,170.032,229.939,0.0043,-26.3325,0.0,0.0,1.0028,-9.9713
3095ab4a716c2e10_005.flac,train,普庵咒,陈维斌,CD第1册\CD05\陈维斌-普庵咒.wav,9997867,12639787,226.709,286.616,0.0047,-26.446,0.0,0.0,1.0556,-10.2284
3095ab4a716c2e10_006.flac,train,普庵咒,陈维斌,CD第1册\CD05\陈维斌-普庵咒.wav,12497334,15139254,283.386,343.294,0.0025,-25.2996,0.0,0.0,1.09,-11.2661
3095ab4a716c2e10_007.flac,train,普庵咒,陈维斌,CD第1册\CD05\陈维斌-普庵咒.wav,14996801,17638721,340.064,399.971,0.0033,-25.5805,0.0,0.0,1.0267,-11.0275
3095ab4a716c2e10_008.flac,train,普庵咒,陈维斌,CD第1册\CD05\陈维斌-普庵咒.wav,17496268,20138188,396.741,456.648,0.0037,-24.8383,0.0,0.0,1.1181,-10.7425
3095ab4a716c2e10_009.flac,train,普庵咒,陈维斌,CD第1册\CD05\陈维斌-普庵咒.wav,19995734,22637654,453.418,513.325,0.0029,-24.1403,0.0,0.0,1.0738,-12.2895
3095ab4a716c2e10_010.flac,train,普庵咒,陈维斌,CD第1册\CD05\陈维斌-普庵咒.wav,22495201,25137121,510.095,570.003,0.0017,-26.9607,0.0,0.0,1.0629,-13.6464
3095ab4a716c2e10_011.flac,train,普庵咒,陈维斌,CD第1册\CD05\陈维斌-普庵咒.wav,24994668,27636588,566.773,626.68,0.0027,-26.9487,0.0,0.0,1.0019,-12.7956
a97a6ba68f77086a_001.flac,train,凤鸣朝阳,马景洛,CD第1册\CD01\马景洛-凤鸣朝阳.wav,0,2641920,0.0,59.907,0.205,-50.0462,0.0,0.0,0.5374,-15.7262
a97a6ba68f77086a_002.flac,train,凤鸣朝阳,马景洛,CD第1册\CD01\马景洛-凤鸣朝阳.wav,1993311,4635231,45.2,105.107,0.1589,-49.7726,0.0,0.0,0.6149,-15.1941
a97a6ba68f77086a_003.flac,train,凤鸣朝阳,马景洛,CD第1册\CD01\马景洛-凤鸣朝阳.wav,3986622,6628542,90.4,150.307,0.1443,-50.7846,0.0,0.0,0.6284,-14.8649
a97a6ba68f77086a_004.flac,train,凤鸣朝阳,马景洛,CD第1册\CD01\马景洛-凤鸣朝阳.wav,5979933,8621853,135.599,195.507,0.1361,-50.443,0.0,0.0,0.6406,-14.475
a97a6ba68f77086a_005.flac,train,凤鸣朝阳,马景洛,CD第1册\CD01\马景洛-凤鸣朝阳.wav,7973244,10615164,180.799,240.707,0.1718,-50.0854,0.0,0.0,0.5811,-15.8821
3c449657b0ffe536_001.flac,train,双鹤听泉,马景洛,CD第1册\CD01\马景洛-双鹤听泉.wav,0,2641920,0.0,59.907,0.3381,-52.1775,0.0,0.0,0.518,-17.4238
3c449657b0ffe536_002.flac,train,双鹤听泉,马景洛,CD第1册\CD01\马景洛-双鹤听泉.wav,1627566,4269486,36.906,96.814,0.2354,-52.8437,0.0,0.0,0.6059,-16.2299
3c449657b0ffe536_003.flac,train,双鹤听泉,马景洛,CD第1册\CD01\马景洛-双鹤听泉.wav,3255132,5897052,73.813,133.72,0.2541,-53.3117,0.0,0.0,0.5381,-16.4793
0d441327cf08f2eb_001.flac,train,客窗夜话,马景洛,CD第1册\CD01\马景洛-客窗夜话.wav,0,2641920,0.0,59.907,0.1606,-48.9255,0.0,0.0,0.6811,-19.5389
0d441327cf08f2eb_002.flac,train,客窗夜话,马景洛,CD第1册\CD01\马景洛-客窗夜话.wav,2261323,4903243,51.277,111.185,0.1406,-49.7159,0.0,0.0,0.6404,-16.345
0d441327cf08f2eb_003.flac,train,客窗夜话,马景洛,CD第1册\CD01\马景洛-客窗夜话.wav,4522646,7164566,102.554,162.462,0.1206,-50.1066,0.0,0.0,0.6981,-15.6915
0d441327cf08f2eb_004.flac,train,客窗夜话,马景洛,CD第1册\CD01\马景洛-客窗夜话.wav,6783970,9425890,153.832,213.739,0.1495,-52.8742,0.0,0.0,0.6838,-14.1478
0d441327cf08f2eb_005.flac,train,客窗夜话,马景洛,CD第1册\CD01\马景洛-客窗夜话.wav,9045293,11687213,205.109,265.016,0.1676,-51.8512,0.0,0.0,0.6367,-15.7717
0d441327cf08f2eb_006.flac,train,客窗夜话,马景洛,CD第1册\CD01\马景洛-客窗夜话.wav,11306616,13948536,256.386,316.293,0.1712,-49.8171,0.0,0.0,0.6256,-18.3236
430ecbdb0a7e3042_001.flac,train,风云际会,马景洛,CD第1册\CD01\马景洛-风云际会.wav,0,2641920,0.0,59.907,0.3831,-54.7115,0.0,0.0,0.4595,-19.5494
430ecbdb0a7e3042_002.flac,train,风云际会,马景洛,CD第1册\CD01\马景洛-风云际会.wav,2283884,4925804,51.789,111.696,0.4464,-54.0292,0.0,0.0,0.3203,-21.2015
430ecbdb0a7e3042_003.flac,train,风云际会,马景洛,CD第1册\CD01\马景洛-风云际会.wav,4567768,7209688,103.578,163.485,0.3215,-55.5834,0.0,0.0,0.501,-17.6207
430ecbdb0a7e3042_004.flac,train,风云际会,马景洛,CD第1册\CD01\马景洛-风云际会.wav,6851652,9493572,155.366,215.274,0.2766,-55.2234,0.0,0.0,0.5491,-16.6668
430ecbdb0a7e3042_005.flac,train,风云际会,马景洛,CD第1册\CD01\马景洛-风云际会.wav,9135536,11777456,207.155,267.062,0.2336,-53.8689,0.0,0.0,0.5681,-16.5266
430ecbdb0a7e3042_006.flac,train,风云际会,马景洛,CD第1册\CD01\马景洛-风云际会.wav,11419420,14061340,258.944,318.851,0.2832,-53.9556,0.0,0.0,0.5224,-17.9836
430ecbdb0a7e3042_007.flac,train,风云际会,马景洛,CD第1册\CD01\马景洛-风云际会.wav,13703304,16345224,310.733,370.64,0.3701,-54.0804,0.0,0.0,0.4614,-19.5087
